product_id,is_manufactured,is_sellable,safety_stock_level,reorder_point,days_to_manufacture,product_subcategory_id,product_model_id,name,product_number,color,standard_cost,list_price,size,size_unit_measure_code,weight_unit_measure_code,weight,product_line,class,style,sell_start_date,sell_end_date,discontinued_date
776904bb-c44c-46c4-9f48-84aa4f194272,0.0,0.0,1000.0,750.0,0.0,,,,,,0.0,0.0,,,,,,,,2008-04-30 00:00:00,,
9cfd0ae7-9945-4823-8f73-c26581afae87,0.0,0.0,1000.0,750.0,0.0,,,External Lock Washer 4,LE-1200,,0.0,0.0,,,,,,,,2008-04-30 00:00:00,,
e7f9c66f-61d6-46af-b105-b2c6d95bdc09,1.0,1.0,100.0,75.0,4.0,5332b46f-2ec0-453b-8237-c78051d4c7bf,23.0,"Mountain-500 Black, 40",BK-M18B-40,Black,294.5797,539.99,40,e2e52698-ce31-4fb2-866f-bcffbdfd3147,c4797df8-be0b-4d3a-a6c4-0f1765f0a822,27.35,M,L,U,2013-05-30 00:00:00,,
e6f3e1fb-8250-487d-b38c-df7d6a3cdbeb,1.0,1.0,500.0,375.0,1.0,4cbd260b-f57a-4ade-a6da-06451fdb4a10,8.0,"LL Mountain Frame - Silver, 42",,Silver,144.5938,264.05,42,e2e52698-ce31-4fb2-866f-bcffbdfd3147,c4797df8-be0b-4d3a-a6c4-0f1765f0a822,2.92,M,L,U,2013-05-30 00:00:00,,
bc67ce0d-72d6-4026-a2ca-fefc88073e50,1.0,1.0,100.0,75.0,4.0,5fb7ef8d-7610-4230-ae2a-09846fd56ada,29.0,"Road-550-W Yellow, 44",,Yellow,713.0798,1120.49,44,e2e52698-ce31-4fb2-866f-bcffbdfd3147,c4797df8-be0b-4d3a-a6c4-0f1765f0a822,18.42,R,M,W,2012-05-30 00:00:00,,
33383d99-db78-414e-a552-f1c3a3937aee,1.0,1.0,500.0,375.0,1.0,620ba621-4c59-4a94-a9f5-f0bf14b38d42,9.0,"LL Road Frame - Black, 58",FR-R38B-58,Black,204.6251,337.22,58,e2e52698-ce31-4fb2-866f-bcffbdfd3147,c4797df8-be0b-4d3a-a6c4-0f1765f0a822,2.46,R,L,U,2011-05-31 00:00:00,,
06a767cc-48e8-4f48-8bad-9a59e47cbcca,1.0,0.0,500.0,375.0,1.0,,,,HU-6280,,0.0,0.0,,,,,,L,,2008-04-30 00:00:00,,
2f498249-a692-48f7-93d3-af567d3c36d6,1.0,1.0,500.0,375.0,2.0,4cbd260b-f57a-4ade-a6da-06451fdb4a10,5.0,,FR-M94S-38,Silver,,1364.5,38,e2e52698-ce31-4fb2-866f-bcffbdfd3147,c4797df8-be0b-4d3a-a6c4-0f1765f0a822,2.68,M,H,U,2011-05-31 00:00:00,,
e13ecf87-00c6-49dc-ab2e-27e210212721,0.0,0.0,1000.0,750.0,0.0,,,Lock Nut 11,LN-5162,,0.0,0.0,,,,,,,,2008-04-30 00:00:00,,
3c0ae951-99b0-4a3e-be29-43dc3aec5abb,1.0,1.0,500.0,375.0,1.0,620ba621-4c59-4a94-a9f5-f0bf14b38d42,9.0,"LL Road Frame - Red, 52",,Red,187.1571,337.22,52,e2e52698-ce31-4fb2-866f-bcffbdfd3147,c4797df8-be0b-4d3a-a6c4-0f1765f0a822,2.4,R,L,U,2011-05-31 00:00:00,2013-05-29 00:00:00,
71cee1fa-a7d3-423a-8bf8-d586f864dc30,0.0,1.0,500.0,375.0,0.0,4f0705e2-0929-407d-aebe-7d39f2cd831c,91.0,Touring Tire,TI-T723,,10.8423,28.99,,,,,T,,,2013-05-30 00:00:00,,
7209d315-8f67-4f37-aa8a-6aac2a682391,1.0,1.0,500.0,375.0,1.0,620ba621-4c59-4a94-a9f5-f0bf14b38d42,9.0,"LL Road Frame - Red, 60",FR-R38R-60,Red,187.1571,337.22,60,e2e52698-ce31-4fb2-866f-bcffbdfd3147,c4797df8-be0b-4d3a-a6c4-0f1765f0a822,2.48,R,L,U,2011-05-31 00:00:00,2013-05-29 00:00:00,
55c1563d-1a78-4cb6-843b-4b16ebb2cc45,0.0,0.0,1000.0,750.0,0.0,,,,HJ-1428,,0.0,0.0,,,,,,,,2008-04-30 00:00:00,,
378b5732-eba9-46e4-a6c1-4040717835d5,1.0,1.0,100.0,75.0,4.0,5fb7ef8d-7610-4230-ae2a-09846fd56ada,25.0,,BK-R93R-52,Red,2171.2942,3578.27,52,e2e52698-ce31-4fb2-866f-bcffbdfd3147,c4797df8-be0b-4d3a-a6c4-0f1765f0a822,14.42,R,H,U,2011-05-31 00:00:00,2012-05-29 00:00:00,
40fb4785-16b1-439b-b016-556215912981,1.0,0.0,500.0,375.0,1.0,,,ML Touring Seat Assembly,SA-T612,,108.99,147.14,,,,,,M,,2008-04-30 00:00:00,,
a80648ee-8bba-4ba0-a3e7-37ec038f8c31,0.0,1.0,500.0,375.0,1.0,717ba7e9-56bc-45ac-89bb-fb64c4016809,81.0,HL Mountain Seat/Saddle,SE-M940,,23.3722,52.64,,,,,M,H,,2013-05-30 00:00:00,,
b7c05bf5-d206-4085-8e5b-c371df1c2b6d,0.0,0.0,60.0,45.0,0.0,,,Paint - Silver,PA-529S,,0.0,0.0,,,,,,,,2008-04-30 00:00:00,,
07f93ab3-8ef3-4951-ad0a-7736bfe4526f,0.0,1.0,4.0,3.0,0.0,3efbcaad-1b67-4391-bdcd-505d47385bb2,32.0,"Short-Sleeve Classic Jersey, XL",SJ-0194-X,Yellow,41.5723,53.99,XL,,,,S,,U,2013-05-30 00:00:00,,
a031927d-5485-4496-a6c3-ad5e1f7cdd5e,1.0,1.0,100.0,75.0,4.0,5fb7ef8d-7610-4230-ae2a-09846fd56ada,26.0,,,Black,1554.9479,2443.35,48,e2e52698-ce31-4fb2-866f-bcffbdfd3147,c4797df8-be0b-4d3a-a6c4-0f1765f0a822,15.13,R,H,U,2012-05-30 00:00:00,,
a188811a-7b81-404a-a51a-7dc0500740d4,0.0,1.0,4.0,3.0,0.0,fbf4da89-ce81-4717-af54-501a253fb881,24.0,,,White,3.3623,8.99,M,,,,R,,U,2013-05-30 00:00:00,,
5cc7e238-d911-4e43-a3af-4718b9f11b80,1.0,0.0,800.0,600.0,1.0,,,,,,0.0,0.0,,,,,,,,2008-04-30 00:00:00,,
1bb0beb1-9648-4bb3-9217-d41d4c5dfa2e,1.0,1.0,100.0,75.0,4.0,5fb7ef8d-7610-4230-ae2a-09846fd56ada,26.0,"Road-250 Red, 58",BK-R89R-58,Red,1554.9479,2443.35,58,e2e52698-ce31-4fb2-866f-bcffbdfd3147,c4797df8-be0b-4d3a-a6c4-0f1765f0a822,15.79,R,H,U,2012-05-30 00:00:00,,
34b4d246-7da9-4536-b79f-a137ed8a757e,1.0,1.0,100.0,75.0,4.0,5fb7ef8d-7610-4230-ae2a-09846fd56ada,29.0,,BK-R64Y-40,Yellow,713.0798,1120.49,40,e2e52698-ce31-4fb2-866f-bcffbdfd3147,c4797df8-be0b-4d3a-a6c4-0f1765f0a822,17.77,R,M,W,2012-05-30 00:00:00,,
ce228b4f-bea6-4815-9ec4-3bcc9fea2dd6,1.0,1.0,500.0,375.0,2.0,4cbd260b-f57a-4ade-a6da-06451fdb4a10,15.0,,,Black,185.8193,348.76,38,e2e52698-ce31-4fb2-866f-bcffbdfd3147,c4797df8-be0b-4d3a-a6c4-0f1765f0a822,2.73,M,M,U,2012-05-30 00:00:00,2013-05-29 00:00:00,
8f8dbe95-d661-4497-bfd6-2605e1d925a0,1.0,1.0,500.0,375.0,1.0,d1d7c22b-3508-4c1c-ae1a-1002f0bddc10,106.0,HL Fork,FK-9939,,101.8936,229.49,,,,,,H,,2012-05-30 00:00:00,2013-05-29 00:00:00,
f34eca3b-89c9-48f5-9a0a-7298983547a4,0.0,0.0,1000.0,750.0,0.0,,,,LI-5800,,0.0,0.0,,,,,,,,2008-04-30 00:00:00,,
1e268fc8-3476-4240-a51e-5f3ba679dd56,1.0,1.0,100.0,75.0,4.0,5fb7ef8d-7610-4230-ae2a-09846fd56ada,29.0,"Road-550-W Yellow, 38",BK-R64Y-38,Yellow,713.0798,1120.49,38,e2e52698-ce31-4fb2-866f-bcffbdfd3147,c4797df8-be0b-4d3a-a6c4-0f1765f0a822,17.35,R,M,W,2012-05-30 00:00:00,,
cc3ee208-7421-4082-9d27-89a3a3d92dc3,1.0,1.0,500.0,375.0,1.0,327e57d0-2de2-4b3f-8eff-cb6b8a273842,52.0,LL Mountain Handlebars,HB-M243,,19.7758,44.54,,,,,M,L,,2012-05-30 00:00:00,,
58e4283c-1034-49d3-9966-48502ac24b8c,0.0,0.0,1000.0,750.0,0.0,,,,FW-5800,,,0.0,,,,,,,,2008-04-30 00:00:00,,
508b7487-b39a-4283-be24-705e03b03a99,1.0,1.0,500.0,375.0,1.0,744d9b82-e80b-4c79-99b5-313f7a358c40,7.0,"HL Touring Frame - Yellow, 50",FR-T98Y-50,Yellow,601.7437,1003.91,50,e2e52698-ce31-4fb2-866f-bcffbdfd3147,c4797df8-be0b-4d3a-a6c4-0f1765f0a822,3.0,T,H,U,2013-05-30 00:00:00,,
720d98cd-6a7a-4b92-a5ab-42b0f615090a,0.0,0.0,1000.0,750.0,0.0,,,Thin-Jam Hex Nut 16,HJ-3416,,0.0,0.0,,,,,,,,2008-04-30 00:00:00,,
05480396-7fdb-49ea-9447-44024d28ced2,1.0,1.0,500.0,375.0,1.0,4cbd260b-f57a-4ade-a6da-06451fdb4a10,5.0,"HL Mountain Frame - Black, 48",FR-M94B-48,Black,699.0928,1349.6,48,e2e52698-ce31-4fb2-866f-bcffbdfd3147,c4797df8-be0b-4d3a-a6c4-0f1765f0a822,2.8,M,H,U,2011-05-31 00:00:00,2012-05-29 00:00:00,
b13fdf5e-4703-4668-a398-cdd8e4a7d563,1.0,0.0,800.0,600.0,1.0,,,,HT-2981,,0.0,0.0,,,,,,,,2008-04-30 00:00:00,,
765b1c6f-a1e2-4359-9453-824e7f40a15e,1.0,1.0,100.0,75.0,4.0,5332b46f-2ec0-453b-8237-c78051d4c7bf,23.0,"Mountain-500 Silver, 42",BK-M18S-42,Silver,308.2179,564.99,42,e2e52698-ce31-4fb2-866f-bcffbdfd3147,c4797df8-be0b-4d3a-a6c4-0f1765f0a822,27.77,M,L,U,2013-05-30 00:00:00,,
8b970db8-0b37-4005-bf21-7f1e450e6dc9,0.0,1.0,500.0,375.0,1.0,717ba7e9-56bc-45ac-89bb-fb64c4016809,82.0,LL Road Seat/Saddle,SE-R581,,12.0413,27.12,,,,,R,L,,2013-05-30 00:00:00,,
1e268fc8-3476-4240-a51e-5f3ba679dd56,1.0,1.0,100.0,75.0,4.0,5fb7ef8d-7610-4230-ae2a-09846fd56ada,29.0,"Road-550-W Yellow, 38",BK-R64Y-38,Yellow,713.0798,1120.49,38,e2e52698-ce31-4fb2-866f-bcffbdfd3147,c4797df8-be0b-4d3a-a6c4-0f1765f0a822,17.35,R,M,W,2012-05-30 00:00:00,,
749c1b60-cec2-47ce-893b-d5cf75335850,1.0,1.0,100.0,75.0,4.0,5332b46f-2ec0-453b-8237-c78051d4c7bf,23.0,"Mountain-500 Silver, 40",BK-M18S-40,Silver,308.2179,564.99,40,e2e52698-ce31-4fb2-866f-bcffbdfd3147,c4797df8-be0b-4d3a-a6c4-0f1765f0a822,27.35,M,L,U,2013-05-30 00:00:00,,
d9ecc0d8-1409-4921-9ae5-b9f8c6bcafc5,1.0,1.0,500.0,375.0,1.0,620ba621-4c59-4a94-a9f5-f0bf14b38d42,17.0,"ML Road Frame-W - Yellow, 44",FR-R72Y-44,Yellow,,594.83,44,e2e52698-ce31-4fb2-866f-bcffbdfd3147,c4797df8-be0b-4d3a-a6c4-0f1765f0a822,2.3,R,M,W,2012-05-30 00:00:00,,
e5735af0-1ba5-4bd0-a0d2-2fc5bc9bd7df,0.0,0.0,800.0,600.0,0.0,,,,SH-4562,,0.0,0.0,,,,,,L,,2008-04-30 00:00:00,,
a031927d-5485-4496-a6c3-ad5e1f7cdd5e,1.0,1.0,100.0,75.0,4.0,5fb7ef8d-7610-4230-ae2a-09846fd56ada,26.0,,,Black,1554.9479,2443.35,48,e2e52698-ce31-4fb2-866f-bcffbdfd3147,c4797df8-be0b-4d3a-a6c4-0f1765f0a822,15.13,R,H,U,2012-05-30 00:00:00,,
5a01c6c2-a5d8-47ec-a23f-9e08a494b17b,1.0,1.0,100.0,75.0,4.0,be3c8ce6-c1ec-4835-af3b-e49e199380c5,36.0,,BK-T18U-44,Blue,461.4448,742.35,44,e2e52698-ce31-4fb2-866f-bcffbdfd3147,c4797df8-be0b-4d3a-a6c4-0f1765f0a822,28.77,T,L,U,2013-05-30 00:00:00,,
29dcf145-8c76-452b-929d-cc48526b7369,1.0,1.0,100.0,75.0,4.0,5fb7ef8d-7610-4230-ae2a-09846fd56ada,29.0,"Road-550-W Yellow, 42",BK-R64Y-42,Yellow,713.0798,1120.49,42,e2e52698-ce31-4fb2-866f-bcffbdfd3147,c4797df8-be0b-4d3a-a6c4-0f1765f0a822,18.13,R,M,W,2012-05-30 00:00:00,,
ea94f9be-f506-420c-b6c8-9c059cd89e60,1.0,1.0,100.0,75.0,4.0,5fb7ef8d-7610-4230-ae2a-09846fd56ada,30.0,"Road-650 Red, 58",BK-R50R-58,Red,486.7066,782.99,58,e2e52698-ce31-4fb2-866f-bcffbdfd3147,c4797df8-be0b-4d3a-a6c4-0f1765f0a822,19.79,R,L,U,2011-05-31 00:00:00,2013-05-29 00:00:00,
87e429b4-7156-40b9-adb8-3e2e4ac8a8f9,0.0,1.0,4.0,3.0,0.0,8a86dacf-77fd-49ba-b19a-4f8786d90b15,13.0,"Men's Sports Shorts, L",SH-M897-L,Black,24.7459,59.99,L,,,,S,,M,2012-05-30 00:00:00,2013-05-29 00:00:00,
cfa4ac4b-3887-4435-8149-90b31d6b09be,1.0,0.0,1000.0,750.0,1.0,,,Touring End Caps,,,0.0,0.0,,,,,,,,2008-04-30 00:00:00,,
fe7a6a2b-d6a6-48e7-869b-91acf497fe83,0.0,1.0,500.0,375.0,0.0,4f0705e2-0929-407d-aebe-7d39f2cd831c,90.0,,TI-R982,,,32.6,,,,,R,H,,2013-05-30 00:00:00,,
2f498249-a692-48f7-93d3-af567d3c36d6,1.0,1.0,500.0,375.0,2.0,4cbd260b-f57a-4ade-a6da-06451fdb4a10,5.0,,FR-M94S-38,Silver,,1364.5,38,e2e52698-ce31-4fb2-866f-bcffbdfd3147,c4797df8-be0b-4d3a-a6c4-0f1765f0a822,2.68,M,H,U,2011-05-31 00:00:00,,
233bbd8f-bfd0-4d6d-82b5-ec7d1387c3ec,1.0,1.0,500.0,375.0,1.0,620ba621-4c59-4a94-a9f5-f0bf14b38d42,16.0,"ML Road Frame - Red, 52",FR-R72R-52,Red,,594.83,52,e2e52698-ce31-4fb2-866f-bcffbdfd3147,c4797df8-be0b-4d3a-a6c4-0f1765f0a822,2.3,R,M,U,2011-05-31 00:00:00,2012-05-29 00:00:00,
2df10d17-fdc0-4397-a6a2-191f8f6bf0c3,0.0,1.0,4.0,3.0,0.0,1b1a5e14-fad4-4f21-b7f6-b5ca596767f0,109.0,Headlights - Dual-Beam,LT-H902,,14.4334,34.99,,,,,R,,,2012-05-30 00:00:00,2013-05-29 00:00:00,
07f93ab3-8ef3-4951-ad0a-7736bfe4526f,0.0,1.0,4.0,3.0,0.0,3efbcaad-1b67-4391-bdcd-505d47385bb2,32.0,"Short-Sleeve Classic Jersey, XL",SJ-0194-X,Yellow,41.5723,53.99,XL,,,,S,,U,2013-05-30 00:00:00,,
dd097211-10a3-46a5-ab49-cee940f681b3,0.0,0.0,500.0,375.0,0.0,,,LL Crankarm,CA-5965,Black,0.0,0.0,,,,,,L,,2008-04-30 00:00:00,,
46bd432a-7338-45a5-9489-0c4ec40ebd75,1.0,1.0,500.0,375.0,1.0,744d9b82-e80b-4c79-99b5-313f7a358c40,10.0,"LL Touring Frame - Blue, 58",FR-T67U-58,Blue,199.8519,333.42,58,e2e52698-ce31-4fb2-866f-bcffbdfd3147,c4797df8-be0b-4d3a-a6c4-0f1765f0a822,3.16,T,L,U,2013-05-30 00:00:00,,
5f639ff1-9a79-400b-9bc7-1c478884a1a1,1.0,0.0,500.0,375.0,1.0,,,ML Road Seat Assembly,SA-R430,,108.99,147.14,,,,,,M,,2008-04-30 00:00:00,,
c51bb610-3391-42d9-921a-8ac5ea5fe70a,0.0,1.0,500.0,375.0,1.0,94ce21f6-249d-468d-a859-a7cac5f87bb0,68.0,LL Road Pedal,PD-R347,Silver/Black,17.9776,40.49,,,8c4f020f-f9c1-492b-8395-1372b7bda7a7,189.0,R,L,,2013-05-30 00:00:00,,
1bb0beb1-9648-4bb3-9217-d41d4c5dfa2e,1.0,1.0,100.0,75.0,4.0,5fb7ef8d-7610-4230-ae2a-09846fd56ada,26.0,"Road-250 Red, 58",BK-R89R-58,Red,1554.9479,2443.35,58,e2e52698-ce31-4fb2-866f-bcffbdfd3147,c4797df8-be0b-4d3a-a6c4-0f1765f0a822,15.79,R,H,U,2012-05-30 00:00:00,,
f7a40aea-73fe-46af-826c-9333c38bd221,0.0,1.0,4.0,3.0,0.0,8a86dacf-77fd-49ba-b19a-4f8786d90b15,37.0,,SH-W890-M,Black,26.1763,69.99,M,,,,M,,W,2013-05-30 00:00:00,,
6e3cd6eb-cb7f-4c4c-9a1e-f74eafdfcb24,0.0,0.0,1000.0,750.0,0.0,,,Lock Nut 10,LN-5161,,,0.0,,,,,,,,2008-04-30 00:00:00,,
86d9d778-5ac9-4ee4-9eac-a9baa1e516c4,0.0,0.0,1000.0,750.0,0.0,,,Chainring Nut,CN-6137,Silver,0.0,0.0,,,,,,,,2008-04-30 00:00:00,,
67349397-03b8-4353-a133-590d165bc425,0.0,0.0,1000.0,750.0,0.0,,,,SL-0931,,0.0,0.0,,,,,,,,2008-04-30 00:00:00,,
0e0dc390-a9fd-4781-b354-71c1639aec8d,0.0,1.0,500.0,375.0,0.0,4f0705e2-0929-407d-aebe-7d39f2cd831c,87.0,HL Mountain Tire,TI-M823,,,35.0,,,,,M,H,,2013-05-30 00:00:00,,
8b5558dd-ce29-4a49-937e-bbeca4cd3614,0.0,0.0,1000.0,750.0,0.0,,,Flat Washer 6,FW-1200,,0.0,0.0,,,,,,,,2008-04-30 00:00:00,,
17aed350-e4c1-43cc-b006-9d05cdf582c8,1.0,1.0,500.0,375.0,1.0,f9a7e077-33a4-4ef3-b979-beaf4bf163de,125.0,HL Mountain Rear Wheel,RW-M928,Black,145.2835,327.215,,,,,M,H,,2012-05-30 00:00:00,2013-05-29 00:00:00,
1c63af8a-5b82-4576-b71b-818d1923ae62,1.0,1.0,500.0,375.0,1.0,620ba621-4c59-4a94-a9f5-f0bf14b38d42,9.0,"LL Road Frame - Black, 60",FR-R38B-60,Black,204.6251,337.22,60,e2e52698-ce31-4fb2-866f-bcffbdfd3147,c4797df8-be0b-4d3a-a6c4-0f1765f0a822,2.48,R,L,U,2011-05-31 00:00:00,,
3c58bc23-ca1b-45e9-8089-163553ba5e56,1.0,1.0,500.0,375.0,1.0,4cbd260b-f57a-4ade-a6da-06451fdb4a10,15.0,"ML Mountain Frame-W - Silver, 40",FR-M63S-40,Silver,199.3757,364.09,40,e2e52698-ce31-4fb2-866f-bcffbdfd3147,c4797df8-be0b-4d3a-a6c4-0f1765f0a822,2.77,M,M,W,2013-05-30 00:00:00,,
c19e7973-0533-494c-84fd-99f3220b0ecc,1.0,1.0,100.0,75.0,4.0,5fb7ef8d-7610-4230-ae2a-09846fd56ada,26.0,,BK-R89R-44,Red,1518.7864,2443.35,44,e2e52698-ce31-4fb2-866f-bcffbdfd3147,c4797df8-be0b-4d3a-a6c4-0f1765f0a822,14.77,R,H,U,2012-05-30 00:00:00,2013-05-29 00:00:00,
4d2972aa-a2ea-4768-b0a1-251088670ac4,1.0,1.0,500.0,375.0,1.0,620ba621-4c59-4a94-a9f5-f0bf14b38d42,17.0,,FR-R72Y-42,Yellow,360.9428,594.83,42,e2e52698-ce31-4fb2-866f-bcffbdfd3147,c4797df8-be0b-4d3a-a6c4-0f1765f0a822,2.26,R,M,W,2012-05-30 00:00:00,,
bfae9b1d-4a2f-4ecc-a1ce-2987f252e12f,1.0,0.0,800.0,600.0,1.0,,,Blade,BL-2036,,0.0,0.0,,,,,,,,2008-04-30 00:00:00,,
bf846b9f-642f-40e6-8cb1-8c2b4aa09a22,0.0,1.0,4.0,3.0,0.0,1b1a5e14-fad4-4f21-b7f6-b5ca596767f0,108.0,Taillights - Battery-Powered,LT-T990,,5.7709,13.99,,,,,R,,,2012-05-30 00:00:00,2013-05-29 00:00:00,
446f0960-eabe-457b-bad4-da61ad408fa3,0.0,0.0,1000.0,750.0,0.0,,,,HN-9161,,0.0,0.0,,,,,,,,2008-04-30 00:00:00,,
c5de368c-7bad-4f14-809f-e1e095b985a3,1.0,1.0,100.0,75.0,4.0,be3c8ce6-c1ec-4835-af3b-e49e199380c5,34.0,"Touring-1000 Blue, 50",,Blue,1481.9379,2384.07,50,e2e52698-ce31-4fb2-866f-bcffbdfd3147,c4797df8-be0b-4d3a-a6c4-0f1765f0a822,25.42,T,H,U,2013-05-30 00:00:00,,
a2a161c9-fc44-40fb-9acd-edd7e77801af,1.0,1.0,500.0,375.0,1.0,620ba621-4c59-4a94-a9f5-f0bf14b38d42,6.0,"HL Road Frame - Black, 52",FR-R92B-52,Black,868.6342,1431.5,52,e2e52698-ce31-4fb2-866f-bcffbdfd3147,c4797df8-be0b-4d3a-a6c4-0f1765f0a822,2.2,R,H,U,2012-05-30 00:00:00,,
9168a5c3-3299-4196-bf2c-cadca7279d00,0.0,0.0,1000.0,750.0,0.0,,,Hex Nut 12,HN-3816,,0.0,0.0,,,,,,,,2008-04-30 00:00:00,,
620bc2b9-2fba-4312-9f86-86bbdca8f418,0.0,1.0,4.0,3.0,0.0,f6b39854-e673-4e79-9b05-cc7231eef6e8,120.0,"Touring-Panniers, Large",PA-T100,Grey,51.5625,125.0,,,,,T,,,2012-05-30 00:00:00,2013-05-29 00:00:00,
163ece05-613b-4ea6-a177-202ba459d59b,1.0,1.0,500.0,375.0,1.0,620ba621-4c59-4a94-a9f5-f0bf14b38d42,9.0,"LL Road Frame - Red, 48",FR-R38R-48,Red,187.1571,337.22,48,e2e52698-ce31-4fb2-866f-bcffbdfd3147,c4797df8-be0b-4d3a-a6c4-0f1765f0a822,2.36,R,L,U,2011-05-31 00:00:00,2013-05-29 00:00:00,
ca8f411c-0afd-4857-89df-427a7fc28b72,0.0,1.0,4.0,3.0,0.0,8b3367a4-dbe1-43ad-b332-879582c95566,121.0,Fender Set - Mountain,FE-6654,,,21.98,,,,,M,,,2013-05-30 00:00:00,,
e7f9c66f-61d6-46af-b105-b2c6d95bdc09,1.0,1.0,100.0,75.0,4.0,5332b46f-2ec0-453b-8237-c78051d4c7bf,23.0,"Mountain-500 Black, 40",BK-M18B-40,Black,294.5797,539.99,40,e2e52698-ce31-4fb2-866f-bcffbdfd3147,c4797df8-be0b-4d3a-a6c4-0f1765f0a822,27.35,M,L,U,2013-05-30 00:00:00,,
e01b2830-15e6-4d82-8ef9-69d319760a7a,0.0,0.0,1000.0,750.0,0.0,,,Lock Washer 9,LW-7160,,0.0,0.0,,,,,,,,2008-04-30 00:00:00,,
af86810f-57d6-4865-9ad8-13c9741e0a36,0.0,0.0,1000.0,750.0,0.0,,,External Lock Washer 3,LE-1000,,0.0,0.0,,,,,,,,2008-04-30 00:00:00,,
8e1b6e4f-799a-48f7-a97c-b14c29fe6689,0.0,0.0,1000.0,750.0,0.0,,,,LJ-1428,,0.0,0.0,,,,,,,,2008-04-30 00:00:00,,
3180d3a1-5315-4054-92a4-0e88d5ec5886,0.0,0.0,1000.0,750.0,0.0,,,Flat Washer 2,FW-1400,,0.0,0.0,,,,,,,,2008-04-30 00:00:00,,
9da9449d-397b-4beb-8a8d-95b12a76ccaa,0.0,1.0,4.0,3.0,0.0,3efbcaad-1b67-4391-bdcd-505d47385bb2,11.0,"Long-Sleeve Logo Jersey, M",LJ-0192-M,Multi,,49.99,M,,,,S,,U,2011-05-31 00:00:00,,
65184fd4-a1cf-4b02-b15a-d4250852ab89,1.0,1.0,500.0,375.0,1.0,744d9b82-e80b-4c79-99b5-313f7a358c40,10.0,,FR-T67Y-62,Yellow,,333.42,62,e2e52698-ce31-4fb2-866f-bcffbdfd3147,c4797df8-be0b-4d3a-a6c4-0f1765f0a822,3.2,T,L,U,2013-05-30 00:00:00,,
8bc8be76-d86c-46ab-b9ee-771121c40d23,1.0,1.0,500.0,375.0,1.0,744d9b82-e80b-4c79-99b5-313f7a358c40,7.0,"HL Touring Frame - Blue, 46",FR-T98U-46,Blue,601.7437,1003.91,46,e2e52698-ce31-4fb2-866f-bcffbdfd3147,c4797df8-be0b-4d3a-a6c4-0f1765f0a822,2.96,T,H,U,2013-05-30 00:00:00,,
001a3a89-15cc-435e-89e5-0c844f44f595,0.0,1.0,4.0,3.0,0.0,3b4b1256-11d2-4713-860c-1e70bbc27950,38.0,,TG-W091-L,Black,30.9334,74.99,L,,,,S,,W,2012-05-30 00:00:00,2013-05-29 00:00:00,
32860b8b-c957-4c20-9fe0-886a56e29a65,0.0,0.0,1000.0,750.0,0.0,,,Thin-Jam Hex Nut 5,HJ-3816,,0.0,0.0,,,,,,,,2008-04-30 00:00:00,,
860319af-78a9-44d3-8ea9-5bc752539209,0.0,0.0,1000.0,750.0,0.0,,,Metal Sheet 4,MS-2259,,0.0,0.0,,,,,,,,2008-04-30 00:00:00,,
27ad5f38-9de0-48ec-8831-bc52864576a3,0.0,0.0,1000.0,750.0,0.0,,,Metal Sheet 3,,,0.0,0.0,,,,,,,,2008-04-30 00:00:00,,
36847649-a79a-4f70-9b5d-5c403627ab75,0.0,1.0,4.0,3.0,0.0,2cb4136a-654d-4b91-9c42-3c7592b223d3,2.0,AWC Logo Cap,CA-1098,Multi,6.9223,8.99,,,,,S,,U,2011-05-31 00:00:00,,
6e148e42-5cc5-45e0-86cc-0599c2490560,0.0,1.0,4.0,3.0,0.0,1db6b732-bddb-494c-9534-3db9a37df0e6,112.0,Mountain Bottle Cage,BC-M005,,3.7363,9.99,,,,,M,,,2013-05-30 00:00:00,,
df72cd53-a39b-44c7-bf07-c7162e5d1d6c,1.0,1.0,100.0,75.0,4.0,5fb7ef8d-7610-4230-ae2a-09846fd56ada,30.0,"Road-650 Red, 48",BK-R50R-48,Red,486.7066,782.99,48,e2e52698-ce31-4fb2-866f-bcffbdfd3147,c4797df8-be0b-4d3a-a6c4-0f1765f0a822,19.13,R,L,U,2011-05-31 00:00:00,2013-05-29 00:00:00,
552107ad-b852-441a-8e37-5c7a6be68199,1.0,1.0,500.0,375.0,1.0,f9a7e077-33a4-4ef3-b979-beaf4bf163de,46.0,HL Mountain Front Wheel,FW-M928,Black,133.2955,300.215,,,,,M,H,,2012-05-30 00:00:00,2013-05-29 00:00:00,
ef16d82b-ab7a-4958-b49a-3c58e40d5be7,0.0,0.0,1000.0,750.0,0.0,,,,LN-5400,,0.0,0.0,,,,,,,,2008-04-30 00:00:00,,
fa7db475-1b85-427c-8412-1631c8f94cca,1.0,1.0,100.0,75.0,4.0,5332b46f-2ec0-453b-8237-c78051d4c7bf,23.0,,BK-M18B-52,Black,294.5797,539.99,52,e2e52698-ce31-4fb2-866f-bcffbdfd3147,c4797df8-be0b-4d3a-a6c4-0f1765f0a822,28.68,M,L,U,2013-05-30 00:00:00,,
06f4c0a0-b2bb-4648-a800-fad7bee7cde3,0.0,0.0,800.0,600.0,0.0,,,LL Grip Tape,GT-0820,,0.0,0.0,,,,,,L,,2008-04-30 00:00:00,,
1a5be727-89db-47d2-a367-595b06984346,1.0,1.0,100.0,75.0,4.0,5fb7ef8d-7610-4230-ae2a-09846fd56ada,27.0,,,Yellow,1082.51,1700.99,44,e2e52698-ce31-4fb2-866f-bcffbdfd3147,c4797df8-be0b-4d3a-a6c4-0f1765f0a822,16.13,R,M,W,2013-05-30 00:00:00,,
6e907643-7f1b-4cb5-ac30-cde0778127bf,0.0,0.0,1000.0,750.0,0.0,,,Lock Nut 14,,,0.0,0.0,,,,,,,,2008-04-30 00:00:00,,
78abacf3-5b53-4d15-b447-ed10e534f712,0.0,0.0,1000.0,750.0,0.0,,,Hex Nut 6,HN-1032,,0.0,0.0,,,,,,,,2008-04-30 00:00:00,,
0f82ee61-5f2d-429f-8d15-3c477cf1d485,1.0,1.0,500.0,375.0,1.0,327e57d0-2de2-4b3f-8eff-cb6b8a273842,48.0,HL Touring Handlebars,HB-T928,,40.6571,91.57,,,,,T,H,,2013-05-30 00:00:00,,
c0429100-f92a-42a4-afa5-b652cee57249,0.0,1.0,500.0,375.0,0.0,4f0705e2-0929-407d-aebe-7d39f2cd831c,93.0,Road Tire Tube,TT-R982,,1.4923,3.99,,,,,R,,,2013-05-30 00:00:00,,
cbbb6323-78c0-4da6-b6a0-7bec552e61f5,1.0,0.0,500.0,375.0,1.0,,,,SA-R127,,98.77,133.34,,,,,,L,,2008-04-30 00:00:00,,
17ba44ed-1d1b-44f2-938a-1f5ba147e9ce,0.0,0.0,1000.0,750.0,0.0,,,Lock Nut 18,LN-9161,,0.0,0.0,,,,,,,,2008-04-30 00:00:00,,
6e907643-7f1b-4cb5-ac30-cde0778127bf,0.0,0.0,1000.0,750.0,0.0,,,Lock Nut 14,,,0.0,0.0,,,,,,,,2008-04-30 00:00:00,,
cd05d9c2-960f-40b2-b3e3-73774c934af6,1.0,1.0,500.0,375.0,1.0,620ba621-4c59-4a94-a9f5-f0bf14b38d42,6.0,,FR-R92R-56,Red,868.6342,1431.5,56,e2e52698-ce31-4fb2-866f-bcffbdfd3147,c4797df8-be0b-4d3a-a6c4-0f1765f0a822,2.24,R,H,U,2011-05-31 00:00:00,,
fa7db475-1b85-427c-8412-1631c8f94cca,1.0,1.0,100.0,75.0,4.0,5332b46f-2ec0-453b-8237-c78051d4c7bf,23.0,,BK-M18B-52,Black,294.5797,539.99,52,e2e52698-ce31-4fb2-866f-bcffbdfd3147,c4797df8-be0b-4d3a-a6c4-0f1765f0a822,28.68,M,L,U,2013-05-30 00:00:00,,
aa496d61-efa1-44b6-8b6f-a05b18c3ec25,0.0,1.0,4.0,3.0,0.0,a134278c-2ff4-4711-99c7-28a97ee1299c,3.0,"Full-Finger Gloves, L",GL-F110-L,Black,15.6709,37.99,L,,,,M,,U,2012-05-30 00:00:00,2013-05-29 00:00:00,
5b78ca64-7982-49f2-8ec0-4e6bbfd5450e,1.0,1.0,100.0,75.0,4.0,5332b46f-2ec0-453b-8237-c78051d4c7bf,19.0,"Mountain-100 Silver, 48",BK-M82S-48,Silver,1912.1544,3399.99,48,e2e52698-ce31-4fb2-866f-bcffbdfd3147,c4797df8-be0b-4d3a-a6c4-0f1765f0a822,21.42,M,H,U,2011-05-31 00:00:00,2012-05-29 00:00:00,
3ad15b3d-cc87-4b69-8992-f59b3da75a2b,1.0,1.0,500.0,375.0,1.0,620ba621-4c59-4a94-a9f5-f0bf14b38d42,16.0,,FR-R72R-48,Red,,594.83,48,e2e52698-ce31-4fb2-866f-bcffbdfd3147,c4797df8-be0b-4d3a-a6c4-0f1765f0a822,2.26,R,M,U,2011-05-31 00:00:00,2012-05-29 00:00:00,
ca662096-4385-4c05-abba-8d19bffc05d9,0.0,0.0,1000.0,750.0,0.0,,,Hex Nut 22,HN-3410,,0.0,0.0,,,,,,,,2008-04-30 00:00:00,,
101b6767-f8ab-4f9d-a88c-49f2567642d1,1.0,0.0,500.0,375.0,1.0,,,ML Mountain Seat Assembly,SA-M237,,108.99,147.14,,,,,,M,,2008-04-30 00:00:00,,
6ec96a66-41bd-4185-8f64-d96de0b517f4,1.0,1.0,100.0,75.0,4.0,be3c8ce6-c1ec-4835-af3b-e49e199380c5,36.0,"Touring-3000 Yellow, 62",BK-T18Y-62,Yellow,461.4448,742.35,62,e2e52698-ce31-4fb2-866f-bcffbdfd3147,c4797df8-be0b-4d3a-a6c4-0f1765f0a822,30.0,T,L,U,2013-05-30 00:00:00,,
0fcd0d2f-4f37-40ed-9d9e-c915482f002b,0.0,1.0,4.0,3.0,0.0,b5b4ee0a-77db-40b5-8539-1eb457fbe4ab,1.0,"Classic Vest, S",VE-C304-S,Blue,23.749,63.5,S,,,,S,,U,2013-05-30 00:00:00,,
cbbb6323-78c0-4da6-b6a0-7bec552e61f5,1.0,0.0,500.0,375.0,1.0,,,,SA-R127,,98.77,133.34,,,,,,L,,2008-04-30 00:00:00,,
da09c85e-d0a0-4c8a-8e54-2f2f2daee328,0.0,0.0,1000.0,750.0,0.0,,,Flat Washer 4,FW-3800,,,0.0,,,,,,,,2008-04-30 00:00:00,,
6ce48f18-5d5f-4806-9069-1c1344f00635,0.0,0.0,1000.0,750.0,0.0,,,Metal Angle,MA-7075,,0.0,0.0,,,,,,,,2008-04-30 00:00:00,,
860319af-78a9-44d3-8ea9-5bc752539209,0.0,0.0,1000.0,750.0,0.0,,,Metal Sheet 4,MS-2259,,0.0,0.0,,,,,,,,2008-04-30 00:00:00,,
8d7a399f-c66b-48f3-aa0d-dc2307f650f1,1.0,1.0,100.0,75.0,4.0,5fb7ef8d-7610-4230-ae2a-09846fd56ada,31.0,"Road-750 Black, 58",BK-R19B-58,Black,343.6496,539.99,58,e2e52698-ce31-4fb2-866f-bcffbdfd3147,c4797df8-be0b-4d3a-a6c4-0f1765f0a822,20.79,R,L,U,2013-05-30 00:00:00,,
5d2faec8-43ab-4b53-ac89-9f9ff89d1ef9,1.0,1.0,500.0,375.0,1.0,f9a7e077-33a4-4ef3-b979-beaf4bf163de,42.0,LL Mountain Front Wheel,FW-M423,Black,26.9708,60.745,,,,,M,L,,2012-05-30 00:00:00,2013-05-29 00:00:00,
12073672-9bfa-4444-aecb-d9ee01d6d2ae,1.0,1.0,500.0,375.0,1.0,f9a7e077-33a4-4ef3-b979-beaf4bf163de,77.0,ML Road Rear Wheel,RW-R762,Black,122.2709,275.385,,,8c4f020f-f9c1-492b-8395-1372b7bda7a7,1000.0,R,M,,2012-05-30 00:00:00,2013-05-29 00:00:00,
cd05d9c2-960f-40b2-b3e3-73774c934af6,1.0,1.0,500.0,375.0,1.0,620ba621-4c59-4a94-a9f5-f0bf14b38d42,6.0,,FR-R92R-56,Red,868.6342,1431.5,56,e2e52698-ce31-4fb2-866f-bcffbdfd3147,c4797df8-be0b-4d3a-a6c4-0f1765f0a822,2.24,R,H,U,2011-05-31 00:00:00,,
34ad3302-abb1-4d4d-9f75-b1c0c5919313,0.0,1.0,4.0,3.0,0.0,dd39091e-757a-41c2-b0b4-7563133e993c,33.0,,HL-U509-B,Blue,13.0863,34.99,,,,,S,,,2011-05-31 00:00:00,,
34ad3302-abb1-4d4d-9f75-b1c0c5919313,0.0,1.0,4.0,3.0,0.0,dd39091e-757a-41c2-b0b4-7563133e993c,33.0,,HL-U509-B,Blue,13.0863,34.99,,,,,S,,,2011-05-31 00:00:00,,
b797ae70-45a3-4989-8192-f501650d172b,0.0,0.0,800.0,600.0,0.0,,,Guide Pulley,GP-0982,,0.0,0.0,,,,,,,,2008-04-30 00:00:00,,
01225971-c68c-4650-8d3c-f498ece3c5da,1.0,1.0,100.0,75.0,4.0,5fb7ef8d-7610-4230-ae2a-09846fd56ada,25.0,,BK-R93R-56,Red,2171.2942,3578.27,56,e2e52698-ce31-4fb2-866f-bcffbdfd3147,c4797df8-be0b-4d3a-a6c4-0f1765f0a822,14.68,R,H,U,2011-05-31 00:00:00,2012-05-29 00:00:00,
c018f098-edca-4518-8c45-825518ab6dfa,0.0,1.0,500.0,375.0,1.0,717ba7e9-56bc-45ac-89bb-fb64c4016809,79.0,LL Mountain Seat/Saddle,SE-M236,,12.0413,27.12,,,,,M,L,,2013-05-30 00:00:00,,
70ce2579-4f75-4409-bf8e-94e998820507,0.0,0.0,1000.0,750.0,0.0,,,Lock Ring,,Silver,0.0,0.0,,,,,,,,2008-04-30 00:00:00,,
bd67bae9-92fe-4997-ae6a-f14e3cbd0c9c,0.0,0.0,1000.0,750.0,0.0,,,HL Nipple,NI-9522,,0.0,0.0,,,,,,,,2008-04-30 00:00:00,,
13f1310b-c9e1-4abf-9bc1-0c0b7e2e8509,0.0,0.0,1000.0,750.0,0.0,,,Keyed Washer,KW-4091,,0.0,0.0,,,,,,,,2008-04-30 00:00:00,,
7dab04f8-9fbe-45bd-b2b4-9bf609b1e5d0,0.0,0.0,800.0,600.0,0.0,,,Front Derailleur Linkage,,Silver,0.0,0.0,,,,,,,,2008-04-30 00:00:00,,
3615d396-f30f-4805-b326-de5b780a5507,1.0,1.0,500.0,375.0,1.0,f9a7e077-33a4-4ef3-b979-beaf4bf163de,78.0,,RW-R820,Black,158.5346,357.06,,,8c4f020f-f9c1-492b-8395-1372b7bda7a7,890.0,R,H,,2012-05-30 00:00:00,2013-05-29 00:00:00,
d31475b5-00e7-4dc9-a860-dd8b02382aa9,1.0,1.0,100.0,75.0,4.0,5fb7ef8d-7610-4230-ae2a-09846fd56ada,27.0,"Road-350-W Yellow, 42",BK-R79Y-42,Yellow,1082.51,1700.99,42,e2e52698-ce31-4fb2-866f-bcffbdfd3147,c4797df8-be0b-4d3a-a6c4-0f1765f0a822,15.77,R,M,W,2013-05-30 00:00:00,,
3ce6f204-2e37-4d65-a9f9-cf537e3db80a,0.0,0.0,1000.0,750.0,0.0,,,,HN-5811,,,0.0,,,,,,,,2008-04-30 00:00:00,,
5d617b7c-5ae7-4c2b-8ab6-3a052c261293,0.0,0.0,1000.0,750.0,0.0,,,Thin-Jam Lock Nut 9,LJ-1213,,0.0,0.0,,,,,,,,2008-04-30 00:00:00,,
5666d4fb-0f40-45d2-8ab4-a6faabe99612,1.0,1.0,500.0,375.0,1.0,620ba621-4c59-4a94-a9f5-f0bf14b38d42,9.0,"LL Road Frame - Black, 44",FR-R38B-44,Black,204.6251,337.22,44,e2e52698-ce31-4fb2-866f-bcffbdfd3147,c4797df8-be0b-4d3a-a6c4-0f1765f0a822,2.32,R,L,U,2011-05-31 00:00:00,,
2f462ee7-96e6-4d4f-891e-2719ca0088f2,0.0,0.0,1000.0,750.0,0.0,,,Hex Nut 21,HN-5818,,0.0,0.0,,,,,,,,2008-04-30 00:00:00,,
43c65e9b-9815-49af-8a19-5561b96fbcae,0.0,0.0,1000.0,750.0,0.0,,,Thin-Jam Lock Nut 7,LJ-7161,,0.0,0.0,,,,,,,,2008-04-30 00:00:00,,
a48966b7-d984-4a33-9fb9-1997bdde3ba9,1.0,1.0,500.0,375.0,1.0,620ba621-4c59-4a94-a9f5-f0bf14b38d42,6.0,,,Black,868.6342,1431.5,44,e2e52698-ce31-4fb2-866f-bcffbdfd3147,c4797df8-be0b-4d3a-a6c4-0f1765f0a822,2.12,R,H,U,2012-05-30 00:00:00,,
00d697bd-e064-4e0a-8486-c04f6a4377c3,1.0,1.0,500.0,375.0,1.0,744d9b82-e80b-4c79-99b5-313f7a358c40,10.0,"LL Touring Frame - Blue, 54",FR-T67U-54,Blue,199.8519,333.42,54,e2e52698-ce31-4fb2-866f-bcffbdfd3147,c4797df8-be0b-4d3a-a6c4-0f1765f0a822,3.14,T,L,U,2013-05-30 00:00:00,,
23322ca8-e78f-4e60-a160-5d1e94156403,0.0,1.0,4.0,3.0,0.0,a134278c-2ff4-4711-99c7-28a97ee1299c,4.0,"Half-Finger Gloves, L",GL-H102-L,Black,,24.49,L,,,,S,,U,2012-05-30 00:00:00,,
788527fc-535a-4e93-a027-41e98103d98c,0.0,0.0,500.0,375.0,0.0,,,,RC-0291,Silver,,0.0,,,,,,,,2008-04-30 00:00:00,,
65184fd4-a1cf-4b02-b15a-d4250852ab89,1.0,1.0,500.0,375.0,1.0,744d9b82-e80b-4c79-99b5-313f7a358c40,10.0,,FR-T67Y-62,Yellow,,333.42,62,e2e52698-ce31-4fb2-866f-bcffbdfd3147,c4797df8-be0b-4d3a-a6c4-0f1765f0a822,3.2,T,L,U,2013-05-30 00:00:00,,
d57b0ea4-b670-4c7b-85ac-29305f9c7f5c,1.0,1.0,100.0,75.0,4.0,5fb7ef8d-7610-4230-ae2a-09846fd56ada,26.0,"Road-250 Black, 44",BK-R89B-44,Black,1554.9479,2443.35,44,e2e52698-ce31-4fb2-866f-bcffbdfd3147,c4797df8-be0b-4d3a-a6c4-0f1765f0a822,14.77,R,H,U,2012-05-30 00:00:00,,
f9c39c5d-9f8a-4a92-a84e-c6b3e7cec347,1.0,1.0,100.0,75.0,4.0,5fb7ef8d-7610-4230-ae2a-09846fd56ada,30.0,"Road-650 Black, 58",BK-R50B-58,Black,486.7066,782.99,58,e2e52698-ce31-4fb2-866f-bcffbdfd3147,c4797df8-be0b-4d3a-a6c4-0f1765f0a822,19.79,R,L,U,2011-05-31 00:00:00,2013-05-29 00:00:00,
27434b5e-81ef-44d6-848d-72cb3c8969de,1.0,0.0,500.0,375.0,1.0,,,HL Hub,HU-8998,,0.0,0.0,,,,,,,,2008-04-30 00:00:00,,
a188811a-7b81-404a-a51a-7dc0500740d4,0.0,1.0,4.0,3.0,0.0,fbf4da89-ce81-4717-af54-501a253fb881,24.0,,,White,3.3623,8.99,M,,,,R,,U,2013-05-30 00:00:00,,
e5735af0-1ba5-4bd0-a0d2-2fc5bc9bd7df,0.0,0.0,800.0,600.0,0.0,,,,SH-4562,,0.0,0.0,,,,,,L,,2008-04-30 00:00:00,,
9e81ac66-315f-4a81-83d6-ad4307fc4081,0.0,0.0,1000.0,750.0,0.0,,,Metal Plate 1,MP-2503,,0.0,0.0,,,,,,,,2008-04-30 00:00:00,,
c52d5d32-c5c8-4f4e-96c7-433e2b0f30e3,0.0,0.0,1000.0,750.0,0.0,,,Hex Nut 3,HN-6320,,0.0,0.0,,,,,,,,2008-04-30 00:00:00,,
4896268a-d573-48de-b709-ad0f31255bf9,0.0,0.0,1000.0,750.0,0.0,,,Thin-Jam Hex Nut 10,HJ-1220,,0.0,0.0,,,,,,,,2008-04-30 00:00:00,,
d5870842-96ce-4ffc-b571-c3144a046eda,0.0,0.0,500.0,375.0,0.0,,,ML Crankarm,CA-6738,Black,0.0,0.0,,,,,,M,,2008-04-30 00:00:00,,
5050df3f-6da6-4654-9111-8c3985f4a582,1.0,1.0,500.0,375.0,1.0,4cbd260b-f57a-4ade-a6da-06451fdb4a10,14.0,"ML Mountain Frame - Black, 44",FR-M63B-44,Black,185.8193,348.76,44,e2e52698-ce31-4fb2-866f-bcffbdfd3147,c4797df8-be0b-4d3a-a6c4-0f1765f0a822,2.81,M,M,U,2012-05-30 00:00:00,2013-05-29 00:00:00,
00052a65-20c4-45c4-bec2-43da3cfd37ef,0.0,0.0,1000.0,750.0,0.0,,,Thin-Jam Hex Nut 4,HJ-5162,,0.0,0.0,,,,,,,,2008-04-30 00:00:00,,
78b31dd8-6199-443a-8096-6346a101329c,0.0,0.0,1000.0,750.0,0.0,,,,HN-3416,,0.0,0.0,,,,,,,,2008-04-30 00:00:00,,
be9d43b2-f6c0-438f-96dd-d617d940e01b,1.0,1.0,100.0,75.0,4.0,5fb7ef8d-7610-4230-ae2a-09846fd56ada,31.0,"Road-750 Black, 48",BK-R19B-48,Black,343.6496,539.99,48,e2e52698-ce31-4fb2-866f-bcffbdfd3147,c4797df8-be0b-4d3a-a6c4-0f1765f0a822,20.13,R,L,U,2013-05-30 00:00:00,,
6fbc527d-b794-4601-936d-2fb9fa34596c,1.0,1.0,500.0,375.0,1.0,4d07ed5f-2f13-4e36-9aa2-f00f7416a320,59.0,LL Headset,HS-0296,,15.1848,34.2,,,,,,L,,2012-05-30 00:00:00,2013-05-29 00:00:00,
f76ed752-5f96-47e4-bb09-30523d045528,1.0,1.0,100.0,75.0,4.0,5fb7ef8d-7610-4230-ae2a-09846fd56ada,30.0,"Road-650 Red, 44",BK-R50R-44,Red,486.7066,782.99,44,e2e52698-ce31-4fb2-866f-bcffbdfd3147,c4797df8-be0b-4d3a-a6c4-0f1765f0a822,18.77,R,L,U,2011-05-31 00:00:00,2013-05-29 00:00:00,
fd12c19c-b2de-4bb2-adb4-8acbc889a829,1.0,1.0,500.0,375.0,1.0,4cbd260b-f57a-4ade-a6da-06451fdb4a10,5.0,"HL Mountain Frame - Silver, 44",FR-M94S-44,Silver,706.811,1364.5,44,e2e52698-ce31-4fb2-866f-bcffbdfd3147,c4797df8-be0b-4d3a-a6c4-0f1765f0a822,2.76,M,H,U,2011-05-31 00:00:00,2012-05-29 00:00:00,
bb3cdc8c-7863-49eb-bb57-d59ba5ee6121,1.0,1.0,100.0,75.0,4.0,5332b46f-2ec0-453b-8237-c78051d4c7bf,20.0,"Mountain-200 Silver, 42",,Silver,1265.6195,2319.99,42,e2e52698-ce31-4fb2-866f-bcffbdfd3147,c4797df8-be0b-4d3a-a6c4-0f1765f0a822,23.77,M,H,U,2012-05-30 00:00:00,,
ca662096-4385-4c05-abba-8d19bffc05d9,0.0,0.0,1000.0,750.0,0.0,,,Hex Nut 22,HN-3410,,0.0,0.0,,,,,,,,2008-04-30 00:00:00,,
4ce5bcc8-11a0-46bc-93cc-7b4f456bd077,0.0,0.0,1000.0,750.0,0.0,,,Thin-Jam Hex Nut 12,HJ-9080,,0.0,0.0,,,,,,,,2008-04-30 00:00:00,,
00b509f3-14e1-42ce-b59f-07b5dd91229d,1.0,1.0,500.0,375.0,1.0,4cbd260b-f57a-4ade-a6da-06451fdb4a10,5.0,"HL Mountain Frame - Black, 44",FR-M94B-44,Black,699.0928,1349.6,44,e2e52698-ce31-4fb2-866f-bcffbdfd3147,c4797df8-be0b-4d3a-a6c4-0f1765f0a822,2.76,M,H,U,2011-05-31 00:00:00,2012-05-29 00:00:00,
8cfec367-49dd-44f0-a4b7-81bd6f9bc20c,0.0,1.0,4.0,3.0,0.0,a134278c-2ff4-4711-99c7-28a97ee1299c,4.0,,GL-H102-S,Black,9.1593,24.49,S,,,,S,,U,2012-05-30 00:00:00,,
b797ae70-45a3-4989-8192-f501650d172b,0.0,0.0,800.0,600.0,0.0,,,Guide Pulley,GP-0982,,0.0,0.0,,,,,,,,2008-04-30 00:00:00,,
8738ad03-eb07-4a98-9cbb-c99d5f56b317,1.0,1.0,500.0,375.0,1.0,8a2afb4f-58f5-4238-81ee-cea17d307893,100.0,ML Crankset,CS-6583,Black,,256.49,,,8c4f020f-f9c1-492b-8395-1372b7bda7a7,635.0,,M,,2013-05-30 00:00:00,,
226c65bd-af15-43e6-8de3-9251fe84d894,1.0,1.0,500.0,375.0,1.0,4cbd260b-f57a-4ade-a6da-06451fdb4a10,8.0,"LL Mountain Frame - Black, 52",FR-M21B-52,Black,136.785,249.79,52,e2e52698-ce31-4fb2-866f-bcffbdfd3147,c4797df8-be0b-4d3a-a6c4-0f1765f0a822,3.04,M,L,U,2013-05-30 00:00:00,,
c0429100-f92a-42a4-afa5-b652cee57249,0.0,1.0,500.0,375.0,0.0,4f0705e2-0929-407d-aebe-7d39f2cd831c,93.0,Road Tire Tube,TT-R982,,1.4923,3.99,,,,,R,,,2013-05-30 00:00:00,,
101b6767-f8ab-4f9d-a88c-49f2567642d1,1.0,0.0,500.0,375.0,1.0,,,ML Mountain Seat Assembly,SA-M237,,108.99,147.14,,,,,,M,,2008-04-30 00:00:00,,
cc59b51a-b513-4123-8f34-a53e513d0f0b,0.0,0.0,1000.0,750.0,0.0,,,Lock Nut 21,LN-5818,,0.0,0.0,,,,,,,,2008-04-30 00:00:00,,
205e08a5-a262-40f2-910b-6143b321646e,1.0,1.0,100.0,75.0,4.0,5fb7ef8d-7610-4230-ae2a-09846fd56ada,26.0,"Road-250 Black, 58",BK-R89B-58,Black,1554.9479,2443.35,58,e2e52698-ce31-4fb2-866f-bcffbdfd3147,c4797df8-be0b-4d3a-a6c4-0f1765f0a822,15.68,R,H,U,2012-05-30 00:00:00,,
26c6c52f-19c1-4760-a72d-a452f0502a1f,0.0,1.0,4.0,3.0,0.0,fbf4da89-ce81-4717-af54-501a253fb881,18.0,"Mountain Bike Socks, M",SO-B909-M,White,3.3963,9.5,M,,,,M,,U,2011-05-31 00:00:00,2012-05-29 00:00:00,
2df10d17-fdc0-4397-a6a2-191f8f6bf0c3,0.0,1.0,4.0,3.0,0.0,1b1a5e14-fad4-4f21-b7f6-b5ca596767f0,109.0,Headlights - Dual-Beam,LT-H902,,14.4334,34.99,,,,,R,,,2012-05-30 00:00:00,2013-05-29 00:00:00,
b4e41c93-3be1-4d51-9ed4-b13985427fd1,1.0,1.0,100.0,75.0,4.0,be3c8ce6-c1ec-4835-af3b-e49e199380c5,34.0,"Touring-1000 Blue, 54",BK-T79U-54,Blue,1481.9379,2384.07,54,e2e52698-ce31-4fb2-866f-bcffbdfd3147,c4797df8-be0b-4d3a-a6c4-0f1765f0a822,25.68,T,H,U,2013-05-30 00:00:00,,
7614c1d6-4518-4d23-b199-3b172d3db8dc,1.0,1.0,100.0,75.0,4.0,be3c8ce6-c1ec-4835-af3b-e49e199380c5,36.0,"Touring-3000 Yellow, 54",BK-T18Y-54,Yellow,461.4448,742.35,54,e2e52698-ce31-4fb2-866f-bcffbdfd3147,c4797df8-be0b-4d3a-a6c4-0f1765f0a822,29.42,T,L,U,2013-05-30 00:00:00,,
b3756fd2-988b-42ea-bb9f-b25c83eacc2e,0.0,0.0,1000.0,750.0,0.0,,,,HN-7162,,0.0,0.0,,,,,,,,2008-04-30 00:00:00,,
3c0ae951-99b0-4a3e-be29-43dc3aec5abb,1.0,1.0,500.0,375.0,1.0,620ba621-4c59-4a94-a9f5-f0bf14b38d42,9.0,"LL Road Frame - Red, 52",,Red,187.1571,337.22,52,e2e52698-ce31-4fb2-866f-bcffbdfd3147,c4797df8-be0b-4d3a-a6c4-0f1765f0a822,2.4,R,L,U,2011-05-31 00:00:00,2013-05-29 00:00:00,
2e7b81c4-7de4-4015-9c36-a87e52196b30,1.0,1.0,500.0,375.0,1.0,620ba621-4c59-4a94-a9f5-f0bf14b38d42,16.0,"ML Road Frame - Red, 60",FR-R72R-60,Red,352.1394,594.83,60,e2e52698-ce31-4fb2-866f-bcffbdfd3147,c4797df8-be0b-4d3a-a6c4-0f1765f0a822,2.38,R,M,U,2011-05-31 00:00:00,2012-05-29 00:00:00,
5a3739d1-954b-46d2-8237-1e27ec8ac4f7,1.0,0.0,500.0,375.0,1.0,,,HL Mountain Seat Assembly,SA-M687,,145.87,196.92,,,,,,,,2008-04-30 00:00:00,,
725bb0ab-1485-4c04-8606-4b189fb5f890,1.0,1.0,500.0,375.0,1.0,620ba621-4c59-4a94-a9f5-f0bf14b38d42,16.0,"ML Road Frame - Red, 58",FR-R72R-58,Red,352.1394,594.83,58,e2e52698-ce31-4fb2-866f-bcffbdfd3147,c4797df8-be0b-4d3a-a6c4-0f1765f0a822,2.36,R,M,U,2011-05-31 00:00:00,2012-05-29 00:00:00,
81e0c3e6-a730-40f5-accc-4d8bda94eaef,1.0,0.0,1000.0,750.0,1.0,,,Mountain End Caps,EC-M092,,0.0,0.0,,,,,,,,2008-04-30 00:00:00,,
a6799320-6f1a-4bb8-8b2c-75c7e38f46a4,0.0,1.0,500.0,375.0,1.0,94ce21f6-249d-468d-a859-a7cac5f87bb0,69.0,,,Silver/Black,27.568,62.09,,,8c4f020f-f9c1-492b-8395-1372b7bda7a7,168.0,R,M,,2013-05-30 00:00:00,,
101b6767-f8ab-4f9d-a88c-49f2567642d1,1.0,0.0,500.0,375.0,1.0,,,ML Mountain Seat Assembly,SA-M237,,108.99,147.14,,,,,,M,,2008-04-30 00:00:00,,
cd05611d-d748-4820-a676-0e2ac4c0152c,1.0,1.0,500.0,375.0,1.0,620ba621-4c59-4a94-a9f5-f0bf14b38d42,9.0,"LL Road Frame - Black, 48",,Black,204.6251,337.22,48,e2e52698-ce31-4fb2-866f-bcffbdfd3147,c4797df8-be0b-4d3a-a6c4-0f1765f0a822,2.36,R,L,U,2011-05-31 00:00:00,,
c84045e4-75b2-4fcd-8207-f60d47a70ff4,0.0,0.0,1000.0,750.0,0.0,,,External Lock Washer 6,,,0.0,0.0,,,,,,,,2008-04-30 00:00:00,,
054c95de-0b66-44d9-907c-6585400c1ec2,0.0,0.0,1000.0,750.0,0.0,,,Thin-Jam Lock Nut 11,LJ-9161,,0.0,0.0,,,,,,,,2008-04-30 00:00:00,,
57c85314-52eb-447f-9663-79142c57cc1e,0.0,0.0,1000.0,750.0,0.0,,,,,,0.0,0.0,,,,,,,,2008-04-30 00:00:00,,
75384b80-a4b3-47cf-8b7c-0d240242cb21,0.0,0.0,1000.0,750.0,0.0,,,Cup-Shaped Race,RA-2345,,0.0,0.0,,,,,,,,2008-04-30 00:00:00,,
d39463ae-af40-4f64-8583-fa86deec88a9,1.0,1.0,500.0,375.0,1.0,620ba621-4c59-4a94-a9f5-f0bf14b38d42,6.0,"HL Road Frame - Red, 58",FR-R92R-58,Red,,1431.5,58,e2e52698-ce31-4fb2-866f-bcffbdfd3147,c4797df8-be0b-4d3a-a6c4-0f1765f0a822,2.24,R,H,U,2008-04-30 00:00:00,,
fe7a6a2b-d6a6-48e7-869b-91acf497fe83,0.0,1.0,500.0,375.0,0.0,4f0705e2-0929-407d-aebe-7d39f2cd831c,90.0,,TI-R982,,,32.6,,,,,R,H,,2013-05-30 00:00:00,,
aceeeb0b-964e-48ee-bbfd-3e31655eab2e,0.0,0.0,1000.0,750.0,0.0,,,,LI-8000,,0.0,0.0,,,,,,,,2008-04-30 00:00:00,,
9ea3a83a-7185-4ec1-b76b-7701420dc5b1,1.0,1.0,500.0,375.0,1.0,f9a7e077-33a4-4ef3-b979-beaf4bf163de,43.0,Touring Rear Wheel,RW-T905,Black,108.7844,245.01,,,,,T,,,2012-05-30 00:00:00,2013-05-29 00:00:00,
32c6d99e-60aa-4fb0-b02a-4d8b6fa00df9,1.0,1.0,500.0,375.0,1.0,744d9b82-e80b-4c79-99b5-313f7a358c40,10.0,"LL Touring Frame - Yellow, 50",FR-T67Y-50,Yellow,199.8519,333.42,50,e2e52698-ce31-4fb2-866f-bcffbdfd3147,c4797df8-be0b-4d3a-a6c4-0f1765f0a822,3.1,T,L,U,2013-05-30 00:00:00,,
bbd7ded2-e79c-46c0-8fff-cb71728f2d9e,1.0,1.0,100.0,75.0,4.0,5fb7ef8d-7610-4230-ae2a-09846fd56ada,30.0,"Road-650 Black, 44",BK-R50B-44,Black,486.7066,782.99,44,e2e52698-ce31-4fb2-866f-bcffbdfd3147,c4797df8-be0b-4d3a-a6c4-0f1765f0a822,18.77,R,L,U,2011-05-31 00:00:00,2013-05-29 00:00:00,
35dd54b4-f042-4a02-85d8-5f64a75f28c4,0.0,0.0,1000.0,750.0,0.0,,,Lock Washer 3,LW-8000,,0.0,0.0,,,,,,,,2008-04-30 00:00:00,,
3615d396-f30f-4805-b326-de5b780a5507,1.0,1.0,500.0,375.0,1.0,f9a7e077-33a4-4ef3-b979-beaf4bf163de,78.0,,RW-R820,Black,158.5346,357.06,,,8c4f020f-f9c1-492b-8395-1372b7bda7a7,890.0,R,H,,2012-05-30 00:00:00,2013-05-29 00:00:00,
8bc8be76-d86c-46ab-b9ee-771121c40d23,1.0,1.0,500.0,375.0,1.0,744d9b82-e80b-4c79-99b5-313f7a358c40,7.0,"HL Touring Frame - Blue, 46",FR-T98U-46,Blue,601.7437,1003.91,46,e2e52698-ce31-4fb2-866f-bcffbdfd3147,c4797df8-be0b-4d3a-a6c4-0f1765f0a822,2.96,T,H,U,2013-05-30 00:00:00,,
e6f3e1fb-8250-487d-b38c-df7d6a3cdbeb,1.0,1.0,500.0,375.0,1.0,4cbd260b-f57a-4ade-a6da-06451fdb4a10,8.0,"LL Mountain Frame - Silver, 42",,Silver,144.5938,264.05,42,e2e52698-ce31-4fb2-866f-bcffbdfd3147,c4797df8-be0b-4d3a-a6c4-0f1765f0a822,2.92,M,L,U,2013-05-30 00:00:00,,
2ecff5a0-9e0c-4b77-a7fc-e50a35e61f4a,1.0,1.0,500.0,375.0,1.0,744d9b82-e80b-4c79-99b5-313f7a358c40,7.0,"HL Touring Frame - Blue, 60",FR-T98U-60,Blue,601.7437,1003.91,60,e2e52698-ce31-4fb2-866f-bcffbdfd3147,c4797df8-be0b-4d3a-a6c4-0f1765f0a822,3.08,T,H,U,2013-05-30 00:00:00,,
903c137b-1cc1-47c6-ac9a-c543adf88bcb,1.0,1.0,500.0,375.0,1.0,4cbd260b-f57a-4ade-a6da-06451fdb4a10,15.0,"ML Mountain Frame-W - Silver, 46",FR-M63S-46,Silver,199.3757,364.09,46,e2e52698-ce31-4fb2-866f-bcffbdfd3147,c4797df8-be0b-4d3a-a6c4-0f1765f0a822,2.85,M,M,W,2013-05-30 00:00:00,,
0cab13ee-ee0f-48e8-bf44-c0171df9aa7a,0.0,0.0,1000.0,750.0,0.0,,,Thin-Jam Lock Nut 13,LJ-5811,,0.0,0.0,,,,,,,,2008-04-30 00:00:00,,
403add96-5ffc-4c2f-888f-0358e9bd36f0,1.0,1.0,500.0,375.0,1.0,620ba621-4c59-4a94-a9f5-f0bf14b38d42,9.0,,,Black,204.6251,337.22,62,e2e52698-ce31-4fb2-866f-bcffbdfd3147,c4797df8-be0b-4d3a-a6c4-0f1765f0a822,2.5,R,L,U,2011-05-31 00:00:00,,
86a9a178-eace-41d9-9b4e-2dfe6a7f3be8,1.0,1.0,500.0,375.0,1.0,620ba621-4c59-4a94-a9f5-f0bf14b38d42,6.0,"HL Road Frame - Black, 48",FR-R92B-48,Black,,1431.5,48,e2e52698-ce31-4fb2-866f-bcffbdfd3147,c4797df8-be0b-4d3a-a6c4-0f1765f0a822,2.16,R,H,U,2012-05-30 00:00:00,,
fe7a6a2b-d6a6-48e7-869b-91acf497fe83,0.0,1.0,500.0,375.0,0.0,4f0705e2-0929-407d-aebe-7d39f2cd831c,90.0,,TI-R982,,,32.6,,,,,R,H,,2013-05-30 00:00:00,,
d002fd5b-09c8-48db-8d8f-75991c5021d0,1.0,1.0,100.0,75.0,4.0,5fb7ef8d-7610-4230-ae2a-09846fd56ada,26.0,,BK-R89B-52,Black,1554.9479,2443.35,52,e2e52698-ce31-4fb2-866f-bcffbdfd3147,c4797df8-be0b-4d3a-a6c4-0f1765f0a822,15.42,R,H,U,2012-05-30 00:00:00,,
71e070ce-de7f-4327-bedf-bfb3b1b7b1e1,1.0,1.0,100.0,75.0,4.0,5332b46f-2ec0-453b-8237-c78051d4c7bf,23.0,"Mountain-500 Black, 44",BK-M18B-44,Black,294.5797,539.99,44,e2e52698-ce31-4fb2-866f-bcffbdfd3147,c4797df8-be0b-4d3a-a6c4-0f1765f0a822,28.13,M,L,U,2013-05-30 00:00:00,,
9eca8cdb-b64f-445b-990d-47b4cd063721,1.0,1.0,500.0,375.0,1.0,620ba621-4c59-4a94-a9f5-f0bf14b38d42,17.0,,FR-R72Y-40,Yellow,360.9428,594.83,40,e2e52698-ce31-4fb2-866f-bcffbdfd3147,c4797df8-be0b-4d3a-a6c4-0f1765f0a822,2.22,R,M,W,2012-05-30 00:00:00,,
b72ee321-10b7-46c0-aeb8-20624c40c32d,0.0,0.0,1000.0,750.0,0.0,,,Hex Nut 4,HN-8320,,0.0,0.0,,,,,,,,2008-04-30 00:00:00,,
c73b87b1-57d9-4771-a64d-86ae036c6110,0.0,0.0,1000.0,750.0,0.0,,,,LW-4000,,0.0,0.0,,,,,,,,2008-04-30 00:00:00,,
3dab0104-31f6-46a1-a85d-80b1dc080aec,1.0,1.0,100.0,75.0,4.0,5fb7ef8d-7610-4230-ae2a-09846fd56ada,26.0,"Road-250 Red, 52",BK-R89R-52,Red,1518.7864,2443.35,52,e2e52698-ce31-4fb2-866f-bcffbdfd3147,c4797df8-be0b-4d3a-a6c4-0f1765f0a822,15.42,R,H,U,2012-05-30 00:00:00,2013-05-29 00:00:00,
ce0a0304-eeaf-4032-b4ae-1a31c74ce76b,1.0,1.0,100.0,75.0,4.0,5332b46f-2ec0-453b-8237-c78051d4c7bf,23.0,"Mountain-500 Black, 42",BK-M18B-42,Black,,539.99,42,e2e52698-ce31-4fb2-866f-bcffbdfd3147,c4797df8-be0b-4d3a-a6c4-0f1765f0a822,27.77,M,L,U,2013-05-30 00:00:00,,
41aaf00f-62b9-4a28-9a7b-ac005c5bc4e1,1.0,1.0,100.0,75.0,4.0,be3c8ce6-c1ec-4835-af3b-e49e199380c5,36.0,,BK-T18U-62,Blue,461.4448,742.35,62,e2e52698-ce31-4fb2-866f-bcffbdfd3147,c4797df8-be0b-4d3a-a6c4-0f1765f0a822,30.0,T,L,U,2013-05-30 00:00:00,,
1484bedc-0ea2-4560-b7f9-78563019ea34,0.0,0.0,1000.0,750.0,0.0,,,,LE-3800,,0.0,0.0,,,,,,,,2008-04-30 00:00:00,,
62a7dfa0-40c9-42c8-bdb6-a55478057f9b,0.0,0.0,1000.0,750.0,0.0,,,Chainring Bolts,CB-2903,Silver,0.0,0.0,,,,,,,,2008-04-30 00:00:00,,
3ce6f204-2e37-4d65-a9f9-cf537e3db80a,0.0,0.0,1000.0,750.0,0.0,,,,HN-5811,,,0.0,,,,,,,,2008-04-30 00:00:00,,
200cc53b-149e-4ca9-b6c5-a24b64c21037,1.0,1.0,500.0,375.0,1.0,57591aab-ca01-4a76-9c74-e7a806b42ba5,96.0,,BB-8107,,44.9506,101.24,,,8c4f020f-f9c1-492b-8395-1372b7bda7a7,168.0,,M,,2013-05-30 00:00:00,,
788527fc-535a-4e93-a027-41e98103d98c,0.0,0.0,500.0,375.0,0.0,,,,RC-0291,Silver,,0.0,,,,,,,,2008-04-30 00:00:00,,
24ba6452-9f4e-47f4-9f85-22ae7278cbf6,1.0,0.0,1000.0,750.0,1.0,,,Road End Caps,EC-R098,,0.0,0.0,,,,,,,,2008-04-30 00:00:00,,
ead0d496-8c78-4a34-985a-09fdb5afa5a5,1.0,1.0,500.0,375.0,1.0,744d9b82-e80b-4c79-99b5-313f7a358c40,10.0,"LL Touring Frame - Blue, 44",FR-T67U-44,Blue,199.8519,333.42,44,e2e52698-ce31-4fb2-866f-bcffbdfd3147,c4797df8-be0b-4d3a-a6c4-0f1765f0a822,3.02,T,L,U,2013-05-30 00:00:00,,
8ea7e0d2-fd39-4625-9a5a-e5575f7cfcca,1.0,1.0,500.0,375.0,1.0,620ba621-4c59-4a94-a9f5-f0bf14b38d42,6.0,"HL Road Frame - Black, 58",FR-R92B-58,Black,1059.31,1431.5,58,e2e52698-ce31-4fb2-866f-bcffbdfd3147,c4797df8-be0b-4d3a-a6c4-0f1765f0a822,2.24,R,H,U,2008-04-30 00:00:00,,
af86810f-57d6-4865-9ad8-13c9741e0a36,0.0,0.0,1000.0,750.0,0.0,,,External Lock Washer 3,LE-1000,,0.0,0.0,,,,,,,,2008-04-30 00:00:00,,
6e907643-7f1b-4cb5-ac30-cde0778127bf,0.0,0.0,1000.0,750.0,0.0,,,Lock Nut 14,,,0.0,0.0,,,,,,,,2008-04-30 00:00:00,,
79df957c-9fbf-457d-9b88-b96d07a07df6,1.0,1.0,100.0,75.0,4.0,be3c8ce6-c1ec-4835-af3b-e49e199380c5,34.0,,BK-T79Y-50,Yellow,1481.9379,2384.07,50,e2e52698-ce31-4fb2-866f-bcffbdfd3147,c4797df8-be0b-4d3a-a6c4-0f1765f0a822,25.42,T,H,U,2013-05-30 00:00:00,,
8f8dbe95-d661-4497-bfd6-2605e1d925a0,1.0,1.0,500.0,375.0,1.0,d1d7c22b-3508-4c1c-ae1a-1002f0bddc10,106.0,HL Fork,FK-9939,,101.8936,229.49,,,,,,H,,2012-05-30 00:00:00,2013-05-29 00:00:00,
9014b398-fe53-4fb0-8177-97347cea83c3,1.0,1.0,100.0,75.0,4.0,5332b46f-2ec0-453b-8237-c78051d4c7bf,20.0,,BK-M68B-42,Black,,2294.99,42,e2e52698-ce31-4fb2-866f-bcffbdfd3147,c4797df8-be0b-4d3a-a6c4-0f1765f0a822,23.77,M,H,U,2012-05-30 00:00:00,,
3615d396-f30f-4805-b326-de5b780a5507,1.0,1.0,500.0,375.0,1.0,f9a7e077-33a4-4ef3-b979-beaf4bf163de,78.0,,RW-R820,Black,158.5346,357.06,,,8c4f020f-f9c1-492b-8395-1372b7bda7a7,890.0,R,H,,2012-05-30 00:00:00,2013-05-29 00:00:00,
ffac3ba6-1c32-45ea-af5b-deac473b0968,1.0,1.0,100.0,75.0,4.0,5332b46f-2ec0-453b-8237-c78051d4c7bf,21.0,"Mountain-300 Black, 44",BK-M47B-44,Black,598.4354,1079.99,44,e2e52698-ce31-4fb2-866f-bcffbdfd3147,c4797df8-be0b-4d3a-a6c4-0f1765f0a822,26.13,M,M,U,2012-05-30 00:00:00,2013-05-29 00:00:00,
776904bb-c44c-46c4-9f48-84aa4f194272,0.0,0.0,1000.0,750.0,0.0,,,,,,0.0,0.0,,,,,,,,2008-04-30 00:00:00,,
3b2d5ea1-29ba-4566-bb0a-f3f6a5d6eb52,0.0,1.0,4.0,3.0,0.0,8a86dacf-77fd-49ba-b19a-4f8786d90b15,13.0,"Men's Sports Shorts, M",SH-M897-M,Black,24.7459,59.99,M,,,,S,,M,2012-05-30 00:00:00,2013-05-29 00:00:00,
e909a64f-f56c-4f3c-b802-f539d52f8f21,1.0,1.0,100.0,75.0,4.0,5fb7ef8d-7610-4230-ae2a-09846fd56ada,25.0,"Road-150 Red, 44",BK-R93R-44,Red,2171.2942,3578.27,44,e2e52698-ce31-4fb2-866f-bcffbdfd3147,c4797df8-be0b-4d3a-a6c4-0f1765f0a822,13.77,R,H,U,2011-05-31 00:00:00,2012-05-29 00:00:00,
740faf1b-c0d7-4dcf-b8e0-524ae111c0e8,0.0,0.0,1000.0,750.0,0.0,,,Lock Washer 6,LW-1400,,0.0,0.0,,,,,,,,2008-04-30 00:00:00,,
13f1310b-c9e1-4abf-9bc1-0c0b7e2e8509,0.0,0.0,1000.0,750.0,0.0,,,Keyed Washer,KW-4091,,0.0,0.0,,,,,,,,2008-04-30 00:00:00,,
3cbde065-4c25-4e2e-a4ff-0c1373fc4a5a,1.0,0.0,800.0,600.0,1.0,,,Fork End,FE-3760,,,0.0,,,,,,,,2008-04-30 00:00:00,,
b13fdf5e-4703-4668-a398-cdd8e4a7d563,1.0,0.0,800.0,600.0,1.0,,,,HT-2981,,0.0,0.0,,,,,,,,2008-04-30 00:00:00,,
02a64f49-4ca6-4d67-bb52-100248e750db,0.0,0.0,1000.0,750.0,0.0,,,Internal Lock Washer 9,LI-1201,,0.0,0.0,,,,,,,,2008-04-30 00:00:00,,
05385566-38df-4855-94a8-786cae6ffe49,0.0,1.0,4.0,3.0,0.0,dd39091e-757a-41c2-b0b4-7563133e993c,33.0,"Sport-100 Helmet, Red",HL-U509-R,Red,13.0863,34.99,,,,,S,,,2011-05-31 00:00:00,,
3208710c-1bdb-4046-b863-fb682f4fdf7b,0.0,0.0,1000.0,750.0,0.0,,,Internal Lock Washer 5,LI-1400,,0.0,0.0,,,,,,,,2008-04-30 00:00:00,,
f7c4fa11-8088-416e-892b-94872a66be44,1.0,1.0,500.0,375.0,1.0,4cbd260b-f57a-4ade-a6da-06451fdb4a10,14.0,"ML Mountain Frame - Black, 40",FR-M63B-40,Black,185.8193,348.76,40,e2e52698-ce31-4fb2-866f-bcffbdfd3147,c4797df8-be0b-4d3a-a6c4-0f1765f0a822,2.77,M,M,U,2012-05-30 00:00:00,2013-05-29 00:00:00,
860319af-78a9-44d3-8ea9-5bc752539209,0.0,0.0,1000.0,750.0,0.0,,,Metal Sheet 4,MS-2259,,0.0,0.0,,,,,,,,2008-04-30 00:00:00,,
034dd255-b8c6-4487-aa04-df987a7f9883,1.0,1.0,500.0,375.0,1.0,744d9b82-e80b-4c79-99b5-313f7a358c40,10.0,"LL Touring Frame - Yellow, 54",,Yellow,199.8519,333.42,54,e2e52698-ce31-4fb2-866f-bcffbdfd3147,c4797df8-be0b-4d3a-a6c4-0f1765f0a822,3.14,T,L,U,2013-05-30 00:00:00,,
d9ecc0d8-1409-4921-9ae5-b9f8c6bcafc5,1.0,1.0,500.0,375.0,1.0,620ba621-4c59-4a94-a9f5-f0bf14b38d42,17.0,"ML Road Frame-W - Yellow, 44",FR-R72Y-44,Yellow,,594.83,44,e2e52698-ce31-4fb2-866f-bcffbdfd3147,c4797df8-be0b-4d3a-a6c4-0f1765f0a822,2.3,R,M,W,2012-05-30 00:00:00,,
5b78ca64-7982-49f2-8ec0-4e6bbfd5450e,1.0,1.0,100.0,75.0,4.0,5332b46f-2ec0-453b-8237-c78051d4c7bf,19.0,"Mountain-100 Silver, 48",BK-M82S-48,Silver,1912.1544,3399.99,48,e2e52698-ce31-4fb2-866f-bcffbdfd3147,c4797df8-be0b-4d3a-a6c4-0f1765f0a822,21.42,M,H,U,2011-05-31 00:00:00,2012-05-29 00:00:00,
1e97d7a6-6f86-42a2-a255-5412f274f6f8,0.0,0.0,1000.0,750.0,0.0,,,Metal Tread Plate,MT-1000,,0.0,0.0,,,,,,,,2008-04-30 00:00:00,,
9014b398-fe53-4fb0-8177-97347cea83c3,1.0,1.0,100.0,75.0,4.0,5332b46f-2ec0-453b-8237-c78051d4c7bf,20.0,,BK-M68B-42,Black,,2294.99,42,e2e52698-ce31-4fb2-866f-bcffbdfd3147,c4797df8-be0b-4d3a-a6c4-0f1765f0a822,23.77,M,H,U,2012-05-30 00:00:00,,
9b301798-2fc9-41d5-9c25-330322d2a39b,1.0,1.0,500.0,375.0,1.0,744d9b82-e80b-4c79-99b5-313f7a358c40,7.0,"HL Touring Frame - Yellow, 54",,Yellow,,1003.91,54,e2e52698-ce31-4fb2-866f-bcffbdfd3147,c4797df8-be0b-4d3a-a6c4-0f1765f0a822,3.04,T,H,U,2013-05-30 00:00:00,,
be547e48-adbf-4306-88b1-201fd50e64c6,0.0,0.0,1000.0,750.0,0.0,,,,LN-8320,,0.0,0.0,,,,,,,,2008-04-30 00:00:00,,
740faf1b-c0d7-4dcf-b8e0-524ae111c0e8,0.0,0.0,1000.0,750.0,0.0,,,Lock Washer 6,LW-1400,,0.0,0.0,,,,,,,,2008-04-30 00:00:00,,
3a431733-0702-4d85-b730-bdfd7b20acb9,0.0,0.0,1000.0,750.0,0.0,,,Internal Lock Washer 8,LI-7160,,0.0,0.0,,,,,,,,2008-04-30 00:00:00,,
5cc7e238-d911-4e43-a3af-4718b9f11b80,1.0,0.0,800.0,600.0,1.0,,,,,,0.0,0.0,,,,,,,,2008-04-30 00:00:00,,
57c85314-52eb-447f-9663-79142c57cc1e,0.0,0.0,1000.0,750.0,0.0,,,,,,0.0,0.0,,,,,,,,2008-04-30 00:00:00,,
ad7360d5-b93f-4a18-8db3-be158a987e2c,0.0,0.0,1000.0,750.0,0.0,,,Lock Nut 20,LN-5811,,0.0,0.0,,,,,,,,2008-04-30 00:00:00,,
f76ed752-5f96-47e4-bb09-30523d045528,1.0,1.0,100.0,75.0,4.0,5fb7ef8d-7610-4230-ae2a-09846fd56ada,30.0,"Road-650 Red, 44",BK-R50R-44,Red,486.7066,782.99,44,e2e52698-ce31-4fb2-866f-bcffbdfd3147,c4797df8-be0b-4d3a-a6c4-0f1765f0a822,18.77,R,L,U,2011-05-31 00:00:00,2013-05-29 00:00:00,
852af53a-5738-432c-90c9-41e230990102,1.0,1.0,100.0,75.0,4.0,5332b46f-2ec0-453b-8237-c78051d4c7bf,19.0,"Mountain-100 Black, 44",BK-M82B-44,Black,1898.0944,3374.99,44,e2e52698-ce31-4fb2-866f-bcffbdfd3147,c4797df8-be0b-4d3a-a6c4-0f1765f0a822,21.13,M,H,U,2011-05-31 00:00:00,2012-05-29 00:00:00,
df42bc92-cc48-4740-bb12-6a15644b1a4a,0.0,0.0,1000.0,750.0,0.0,,,Lock Nut 9,LN-1428,,0.0,0.0,,,,,,,,2008-04-30 00:00:00,,
df72cd53-a39b-44c7-bf07-c7162e5d1d6c,1.0,1.0,100.0,75.0,4.0,5fb7ef8d-7610-4230-ae2a-09846fd56ada,30.0,"Road-650 Red, 48",BK-R50R-48,Red,486.7066,782.99,48,e2e52698-ce31-4fb2-866f-bcffbdfd3147,c4797df8-be0b-4d3a-a6c4-0f1765f0a822,19.13,R,L,U,2011-05-31 00:00:00,2013-05-29 00:00:00,
e72bed75-62b3-4502-9d35-b3afcb524436,0.0,0.0,1000.0,750.0,0.0,,,Thin-Jam Lock Nut 12,LJ-9080,,0.0,0.0,,,,,,,,2008-04-30 00:00:00,,
8e1b6e4f-799a-48f7-a97c-b14c29fe6689,0.0,0.0,1000.0,750.0,0.0,,,,LJ-1428,,0.0,0.0,,,,,,,,2008-04-30 00:00:00,,
32860b8b-c957-4c20-9fe0-886a56e29a65,0.0,0.0,1000.0,750.0,0.0,,,Thin-Jam Hex Nut 5,HJ-3816,,0.0,0.0,,,,,,,,2008-04-30 00:00:00,,
f76ed752-5f96-47e4-bb09-30523d045528,1.0,1.0,100.0,75.0,4.0,5fb7ef8d-7610-4230-ae2a-09846fd56ada,30.0,"Road-650 Red, 44",BK-R50R-44,Red,486.7066,782.99,44,e2e52698-ce31-4fb2-866f-bcffbdfd3147,c4797df8-be0b-4d3a-a6c4-0f1765f0a822,18.77,R,L,U,2011-05-31 00:00:00,2013-05-29 00:00:00,
81e0c3e6-a730-40f5-accc-4d8bda94eaef,1.0,0.0,1000.0,750.0,1.0,,,Mountain End Caps,EC-M092,,0.0,0.0,,,,,,,,2008-04-30 00:00:00,,
be547e48-adbf-4306-88b1-201fd50e64c6,0.0,0.0,1000.0,750.0,0.0,,,,LN-8320,,0.0,0.0,,,,,,,,2008-04-30 00:00:00,,
cddf9d56-2f43-4546-a0a0-1b880c8b94ba,0.0,0.0,1000.0,750.0,0.0,,,Spokes,SK-9283,,0.0,0.0,,,,,,,,2008-04-30 00:00:00,,
a2ab54e6-0a32-440b-8d5b-f11ff706d6e7,1.0,1.0,500.0,375.0,1.0,620ba621-4c59-4a94-a9f5-f0bf14b38d42,6.0,"HL Road Frame - Red, 44",FR-R92R-44,Red,868.6342,1431.5,44,e2e52698-ce31-4fb2-866f-bcffbdfd3147,c4797df8-be0b-4d3a-a6c4-0f1765f0a822,2.12,R,H,U,2011-05-31 00:00:00,,
8982502b-9904-4a30-9f1d-f765dcfbeaf5,1.0,1.0,500.0,375.0,1.0,620ba621-4c59-4a94-a9f5-f0bf14b38d42,9.0,"LL Road Frame - Red, 44",FR-R38R-44,Red,187.1571,337.22,44,e2e52698-ce31-4fb2-866f-bcffbdfd3147,c4797df8-be0b-4d3a-a6c4-0f1765f0a822,2.32,R,L,U,2011-05-31 00:00:00,2013-05-29 00:00:00,
9d7e34ff-9daf-4d53-a2e2-c4433ddbc8ac,0.0,1.0,4.0,3.0,0.0,8dbb2e5c-444a-4667-bb42-155bef10b7da,118.0,Hitch Rack - 4-Bike,RA-H123,,44.88,120.0,,,,,S,,,2013-05-30 00:00:00,,
0fcd0d2f-4f37-40ed-9d9e-c915482f002b,0.0,1.0,4.0,3.0,0.0,b5b4ee0a-77db-40b5-8539-1eb457fbe4ab,1.0,"Classic Vest, S",VE-C304-S,Blue,23.749,63.5,S,,,,S,,U,2013-05-30 00:00:00,,
a2eabbb9-7096-4d1e-be0e-06be8259a129,0.0,1.0,4.0,3.0,0.0,3efbcaad-1b67-4391-bdcd-505d47385bb2,11.0,"Long-Sleeve Logo Jersey, S",LJ-0192-S,Multi,38.4923,49.99,S,,,,S,,U,2011-05-31 00:00:00,,
51753885-89bd-4eda-aebe-3b791794e01b,0.0,0.0,1000.0,750.0,0.0,,,Lock Washer 12,LW-5800,,0.0,0.0,,,,,,,,2008-04-30 00:00:00,,
9da9449d-397b-4beb-8a8d-95b12a76ccaa,0.0,1.0,4.0,3.0,0.0,3efbcaad-1b67-4391-bdcd-505d47385bb2,11.0,"Long-Sleeve Logo Jersey, M",LJ-0192-M,Multi,,49.99,M,,,,S,,U,2011-05-31 00:00:00,,
508b7487-b39a-4283-be24-705e03b03a99,1.0,1.0,500.0,375.0,1.0,744d9b82-e80b-4c79-99b5-313f7a358c40,7.0,"HL Touring Frame - Yellow, 50",FR-T98Y-50,Yellow,601.7437,1003.91,50,e2e52698-ce31-4fb2-866f-bcffbdfd3147,c4797df8-be0b-4d3a-a6c4-0f1765f0a822,3.0,T,H,U,2013-05-30 00:00:00,,
0a172c16-d28e-4f60-8731-6c7bfafd626e,1.0,1.0,500.0,375.0,1.0,744d9b82-e80b-4c79-99b5-313f7a358c40,10.0,,FR-T67U-62,Blue,199.8519,333.42,62,e2e52698-ce31-4fb2-866f-bcffbdfd3147,c4797df8-be0b-4d3a-a6c4-0f1765f0a822,3.2,T,L,U,2013-05-30 00:00:00,,
4550cbe3-c033-4b22-af8b-7b00e8173f95,1.0,1.0,100.0,75.0,4.0,5332b46f-2ec0-453b-8237-c78051d4c7bf,20.0,"Mountain-200 Silver, 38",BK-M68S-38,Silver,1265.6195,2319.99,38,e2e52698-ce31-4fb2-866f-bcffbdfd3147,c4797df8-be0b-4d3a-a6c4-0f1765f0a822,23.35,M,H,U,2012-05-30 00:00:00,,
cc3ee208-7421-4082-9d27-89a3a3d92dc3,1.0,1.0,500.0,375.0,1.0,327e57d0-2de2-4b3f-8eff-cb6b8a273842,52.0,LL Mountain Handlebars,HB-M243,,19.7758,44.54,,,,,M,L,,2012-05-30 00:00:00,,
7dab04f8-9fbe-45bd-b2b4-9bf609b1e5d0,0.0,0.0,800.0,600.0,0.0,,,Front Derailleur Linkage,,Silver,0.0,0.0,,,,,,,,2008-04-30 00:00:00,,
78a88bdd-1484-4547-812e-65bcc719fee6,0.0,0.0,1000.0,750.0,0.0,,,Hex Nut 2,HN-5400,,,0.0,,,,,,,,2008-04-30 00:00:00,,
200cc53b-149e-4ca9-b6c5-a24b64c21037,1.0,1.0,500.0,375.0,1.0,57591aab-ca01-4a76-9c74-e7a806b42ba5,96.0,,BB-8107,,44.9506,101.24,,,8c4f020f-f9c1-492b-8395-1372b7bda7a7,168.0,,M,,2013-05-30 00:00:00,,
3c58bc23-ca1b-45e9-8089-163553ba5e56,1.0,1.0,500.0,375.0,1.0,4cbd260b-f57a-4ade-a6da-06451fdb4a10,15.0,"ML Mountain Frame-W - Silver, 40",FR-M63S-40,Silver,199.3757,364.09,40,e2e52698-ce31-4fb2-866f-bcffbdfd3147,c4797df8-be0b-4d3a-a6c4-0f1765f0a822,2.77,M,M,W,2013-05-30 00:00:00,,
4e953b1f-7874-4ee8-940d-49dc72a54089,1.0,1.0,500.0,375.0,1.0,744d9b82-e80b-4c79-99b5-313f7a358c40,7.0,"HL Touring Frame - Yellow, 60",FR-T98Y-60,Yellow,601.7437,1003.91,60,e2e52698-ce31-4fb2-866f-bcffbdfd3147,c4797df8-be0b-4d3a-a6c4-0f1765f0a822,3.08,T,H,U,2013-05-30 00:00:00,,
e72bed75-62b3-4502-9d35-b3afcb524436,0.0,0.0,1000.0,750.0,0.0,,,Thin-Jam Lock Nut 12,LJ-9080,,0.0,0.0,,,,,,,,2008-04-30 00:00:00,,
ea08b8d3-607d-458f-8f61-2fb511dbe426,0.0,0.0,500.0,375.0,0.0,,,Freewheel,FH-2981,Silver,,0.0,,,,,,,,2008-04-30 00:00:00,,
cd05d9c2-960f-40b2-b3e3-73774c934af6,1.0,1.0,500.0,375.0,1.0,620ba621-4c59-4a94-a9f5-f0bf14b38d42,6.0,,FR-R92R-56,Red,868.6342,1431.5,56,e2e52698-ce31-4fb2-866f-bcffbdfd3147,c4797df8-be0b-4d3a-a6c4-0f1765f0a822,2.24,R,H,U,2011-05-31 00:00:00,,
8fde1217-d397-49d8-bef4-08eb29a0806b,1.0,1.0,100.0,75.0,4.0,5332b46f-2ec0-453b-8237-c78051d4c7bf,20.0,,BK-M68B-38,Black,1251.9813,2294.99,38,e2e52698-ce31-4fb2-866f-bcffbdfd3147,c4797df8-be0b-4d3a-a6c4-0f1765f0a822,23.35,M,H,U,2012-05-30 00:00:00,,
ffac3ba6-1c32-45ea-af5b-deac473b0968,1.0,1.0,100.0,75.0,4.0,5332b46f-2ec0-453b-8237-c78051d4c7bf,21.0,"Mountain-300 Black, 44",BK-M47B-44,Black,598.4354,1079.99,44,e2e52698-ce31-4fb2-866f-bcffbdfd3147,c4797df8-be0b-4d3a-a6c4-0f1765f0a822,26.13,M,M,U,2012-05-30 00:00:00,2013-05-29 00:00:00,
4d2972aa-a2ea-4768-b0a1-251088670ac4,1.0,1.0,500.0,375.0,1.0,620ba621-4c59-4a94-a9f5-f0bf14b38d42,17.0,,FR-R72Y-42,Yellow,360.9428,594.83,42,e2e52698-ce31-4fb2-866f-bcffbdfd3147,c4797df8-be0b-4d3a-a6c4-0f1765f0a822,2.26,R,M,W,2012-05-30 00:00:00,,
4679efad-05d2-4411-917d-1101386b453d,0.0,1.0,4.0,3.0,0.0,3efbcaad-1b67-4391-bdcd-505d47385bb2,32.0,"Short-Sleeve Classic Jersey, S",SJ-0194-S,Yellow,41.5723,53.99,S,,,,S,,U,2013-05-30 00:00:00,,
4e953b1f-7874-4ee8-940d-49dc72a54089,1.0,1.0,500.0,375.0,1.0,744d9b82-e80b-4c79-99b5-313f7a358c40,7.0,"HL Touring Frame - Yellow, 60",FR-T98Y-60,Yellow,601.7437,1003.91,60,e2e52698-ce31-4fb2-866f-bcffbdfd3147,c4797df8-be0b-4d3a-a6c4-0f1765f0a822,3.08,T,H,U,2013-05-30 00:00:00,,
88aeec06-611c-4063-bbc6-4f75cd0ac4a9,0.0,0.0,1000.0,750.0,0.0,,,,LI-1200,,,0.0,,,,,,,,2008-04-30 00:00:00,,
eeafebf3-aab4-4b46-b852-c81646deea34,0.0,1.0,500.0,375.0,1.0,717ba7e9-56bc-45ac-89bb-fb64c4016809,65.0,,SE-T762,,17.3782,39.14,,,,,T,M,,2013-05-30 00:00:00,,
0e912602-550e-441c-afe4-7ff468f5c618,1.0,1.0,100.0,75.0,4.0,5332b46f-2ec0-453b-8237-c78051d4c7bf,19.0,"Mountain-100 Black, 42",BK-M82B-42,Black,1898.0944,3374.99,42,e2e52698-ce31-4fb2-866f-bcffbdfd3147,c4797df8-be0b-4d3a-a6c4-0f1765f0a822,20.77,M,H,U,2011-05-31 00:00:00,2012-05-29 00:00:00,
01759842-63d4-4d99-96e9-73150e038842,0.0,0.0,1000.0,750.0,0.0,,,Lock Washer 2,LW-6000,,0.0,0.0,,,,,,,,2008-04-30 00:00:00,,
403add96-5ffc-4c2f-888f-0358e9bd36f0,1.0,1.0,500.0,375.0,1.0,620ba621-4c59-4a94-a9f5-f0bf14b38d42,9.0,,,Black,204.6251,337.22,62,e2e52698-ce31-4fb2-866f-bcffbdfd3147,c4797df8-be0b-4d3a-a6c4-0f1765f0a822,2.5,R,L,U,2011-05-31 00:00:00,,
a4eb0868-d22e-44e1-b5ea-52e7dec523e6,1.0,1.0,100.0,75.0,4.0,be3c8ce6-c1ec-4835-af3b-e49e199380c5,35.0,"Touring-2000 Blue, 50",BK-T44U-50,Blue,755.1508,1214.85,50,e2e52698-ce31-4fb2-866f-bcffbdfd3147,c4797df8-be0b-4d3a-a6c4-0f1765f0a822,27.42,T,M,U,2013-05-30 00:00:00,,
6e3cd6eb-cb7f-4c4c-9a1e-f74eafdfcb24,0.0,0.0,1000.0,750.0,0.0,,,Lock Nut 10,LN-5161,,,0.0,,,,,,,,2008-04-30 00:00:00,,
ce0a0304-eeaf-4032-b4ae-1a31c74ce76b,1.0,1.0,100.0,75.0,4.0,5332b46f-2ec0-453b-8237-c78051d4c7bf,23.0,"Mountain-500 Black, 42",BK-M18B-42,Black,,539.99,42,e2e52698-ce31-4fb2-866f-bcffbdfd3147,c4797df8-be0b-4d3a-a6c4-0f1765f0a822,27.77,M,L,U,2013-05-30 00:00:00,,
824e35ab-e7db-4b0d-a389-7524973b62ac,1.0,1.0,500.0,375.0,1.0,4cbd260b-f57a-4ade-a6da-06451fdb4a10,8.0,"LL Mountain Frame - Silver, 52",FR-M21S-52,Silver,144.5938,264.05,52,e2e52698-ce31-4fb2-866f-bcffbdfd3147,c4797df8-be0b-4d3a-a6c4-0f1765f0a822,3.04,M,L,U,2013-05-30 00:00:00,,
efc321a7-17e6-4901-bf79-eb34238b1814,0.0,0.0,1000.0,750.0,0.0,,,,MS-0253,,0.0,0.0,,,,,,,,2008-04-30 00:00:00,,
527e2f6d-a5f6-4c36-a937-deef2fbc47e8,1.0,1.0,100.0,75.0,4.0,5332b46f-2ec0-453b-8237-c78051d4c7bf,23.0,"Mountain-500 Silver, 44",BK-M18S-44,Silver,308.2179,564.99,44,e2e52698-ce31-4fb2-866f-bcffbdfd3147,c4797df8-be0b-4d3a-a6c4-0f1765f0a822,28.13,M,L,U,2013-05-30 00:00:00,,
ad09fee3-d144-45a5-ac7c-a32a3e4a4e52,0.0,0.0,1000.0,750.0,0.0,,,,LI-3800,,0.0,0.0,,,,,,,,2008-04-30 00:00:00,,
702117eb-541a-4acd-ba82-744c9d510abf,0.0,0.0,1000.0,750.0,0.0,,,Thin-Jam Hex Nut 7,HJ-7161,,0.0,0.0,,,,,,,,2008-04-30 00:00:00,,
045ef7c4-95fa-431b-9733-23b08000078b,0.0,1.0,4.0,3.0,0.0,b5b4ee0a-77db-40b5-8539-1eb457fbe4ab,1.0,"Classic Vest, L",VE-C304-L,Blue,,63.5,L,,,,S,,U,2013-05-30 00:00:00,,
af86810f-57d6-4865-9ad8-13c9741e0a36,0.0,0.0,1000.0,750.0,0.0,,,External Lock Washer 3,LE-1000,,0.0,0.0,,,,,,,,2008-04-30 00:00:00,,
3615d396-f30f-4805-b326-de5b780a5507,1.0,1.0,500.0,375.0,1.0,f9a7e077-33a4-4ef3-b979-beaf4bf163de,78.0,,RW-R820,Black,158.5346,357.06,,,8c4f020f-f9c1-492b-8395-1372b7bda7a7,890.0,R,H,,2012-05-30 00:00:00,2013-05-29 00:00:00,
7478abf4-1a94-4618-ac1a-d0e18ff019d6,0.0,1.0,500.0,375.0,1.0,717ba7e9-56bc-45ac-89bb-fb64c4016809,67.0,HL Touring Seat/Saddle,SE-T924,,23.3722,52.64,,,,,T,H,,2013-05-30 00:00:00,,
78a88bdd-1484-4547-812e-65bcc719fee6,0.0,0.0,1000.0,750.0,0.0,,,Hex Nut 2,HN-5400,,,0.0,,,,,,,,2008-04-30 00:00:00,,
8e1b6e4f-799a-48f7-a97c-b14c29fe6689,0.0,0.0,1000.0,750.0,0.0,,,,LJ-1428,,0.0,0.0,,,,,,,,2008-04-30 00:00:00,,
200cc53b-149e-4ca9-b6c5-a24b64c21037,1.0,1.0,500.0,375.0,1.0,57591aab-ca01-4a76-9c74-e7a806b42ba5,96.0,,BB-8107,,44.9506,101.24,,,8c4f020f-f9c1-492b-8395-1372b7bda7a7,168.0,,M,,2013-05-30 00:00:00,,
0bcdf26e-83fc-4c51-956d-5fa4333ef1cf,1.0,1.0,100.0,75.0,4.0,be3c8ce6-c1ec-4835-af3b-e49e199380c5,34.0,"Touring-1000 Blue, 46",BK-T79U-46,Blue,1481.9379,2384.07,46,e2e52698-ce31-4fb2-866f-bcffbdfd3147,c4797df8-be0b-4d3a-a6c4-0f1765f0a822,25.13,T,H,U,2013-05-30 00:00:00,,
c73b87b1-57d9-4771-a64d-86ae036c6110,0.0,0.0,1000.0,750.0,0.0,,,,LW-4000,,0.0,0.0,,,,,,,,2008-04-30 00:00:00,,
4b67b77f-4bfb-429a-aa94-91f915bcf048,0.0,1.0,500.0,375.0,1.0,94ce21f6-249d-468d-a859-a7cac5f87bb0,64.0,,PD-M562,Silver/Black,,80.99,,,8c4f020f-f9c1-492b-8395-1372b7bda7a7,185.0,M,H,,2013-05-30 00:00:00,,
8bc8be76-d86c-46ab-b9ee-771121c40d23,1.0,1.0,500.0,375.0,1.0,744d9b82-e80b-4c79-99b5-313f7a358c40,7.0,"HL Touring Frame - Blue, 46",FR-T98U-46,Blue,601.7437,1003.91,46,e2e52698-ce31-4fb2-866f-bcffbdfd3147,c4797df8-be0b-4d3a-a6c4-0f1765f0a822,2.96,T,H,U,2013-05-30 00:00:00,,
8f439f2a-9e00-4e60-92de-0f9cc01e1cc2,0.0,0.0,1000.0,750.0,0.0,,,Hex Nut 19,HN-9168,,0.0,0.0,,,,,,,,2008-04-30 00:00:00,,
3615d396-f30f-4805-b326-de5b780a5507,1.0,1.0,500.0,375.0,1.0,f9a7e077-33a4-4ef3-b979-beaf4bf163de,78.0,,RW-R820,Black,158.5346,357.06,,,8c4f020f-f9c1-492b-8395-1372b7bda7a7,890.0,R,H,,2012-05-30 00:00:00,2013-05-29 00:00:00,
ce0a0304-eeaf-4032-b4ae-1a31c74ce76b,1.0,1.0,100.0,75.0,4.0,5332b46f-2ec0-453b-8237-c78051d4c7bf,23.0,"Mountain-500 Black, 42",BK-M18B-42,Black,,539.99,42,e2e52698-ce31-4fb2-866f-bcffbdfd3147,c4797df8-be0b-4d3a-a6c4-0f1765f0a822,27.77,M,L,U,2013-05-30 00:00:00,,
72c1a1ef-01b5-4735-b197-13fba276f838,0.0,1.0,500.0,375.0,1.0,717ba7e9-56bc-45ac-89bb-fb64c4016809,80.0,ML Mountain Seat/Saddle,SE-M798,,17.3782,39.14,,,,,M,M,,2013-05-30 00:00:00,,
a4eb0868-d22e-44e1-b5ea-52e7dec523e6,1.0,1.0,100.0,75.0,4.0,be3c8ce6-c1ec-4835-af3b-e49e199380c5,35.0,"Touring-2000 Blue, 50",BK-T44U-50,Blue,755.1508,1214.85,50,e2e52698-ce31-4fb2-866f-bcffbdfd3147,c4797df8-be0b-4d3a-a6c4-0f1765f0a822,27.42,T,M,U,2013-05-30 00:00:00,,
5cc7e238-d911-4e43-a3af-4718b9f11b80,1.0,0.0,800.0,600.0,1.0,,,,,,0.0,0.0,,,,,,,,2008-04-30 00:00:00,,
62d56d4d-017c-4f5e-8e3e-1e8b6806388f,0.0,0.0,800.0,600.0,0.0,,,ML Mountain Rim,RM-M692,,,0.0,,,8c4f020f-f9c1-492b-8395-1372b7bda7a7,450.0,,M,,2008-04-30 00:00:00,,
b978529c-3dff-4916-90da-9ea688df7333,0.0,1.0,4.0,3.0,0.0,1db6b732-bddb-494c-9534-3db9a37df0e6,113.0,Road Bottle Cage,BC-R205,,3.3623,8.99,,,,,R,,,2013-05-30 00:00:00,,
788527fc-535a-4e93-a027-41e98103d98c,0.0,0.0,500.0,375.0,0.0,,,,RC-0291,Silver,,0.0,,,,,,,,2008-04-30 00:00:00,,
5c1aba70-f716-4f33-9035-db287be74c00,1.0,1.0,100.0,75.0,4.0,5fb7ef8d-7610-4230-ae2a-09846fd56ada,30.0,"Road-650 Black, 60",BK-R50B-60,Black,486.7066,782.99,60,e2e52698-ce31-4fb2-866f-bcffbdfd3147,c4797df8-be0b-4d3a-a6c4-0f1765f0a822,19.9,R,L,U,2011-05-31 00:00:00,2013-05-29 00:00:00,
c58e99fb-b92b-4691-a5fb-d9b1853b6e51,1.0,1.0,100.0,75.0,4.0,5fb7ef8d-7610-4230-ae2a-09846fd56ada,26.0,"Road-250 Red, 48",BK-R89R-48,Red,1518.7864,2443.35,48,e2e52698-ce31-4fb2-866f-bcffbdfd3147,c4797df8-be0b-4d3a-a6c4-0f1765f0a822,15.13,R,H,U,2012-05-30 00:00:00,2013-05-29 00:00:00,
f76ed752-5f96-47e4-bb09-30523d045528,1.0,1.0,100.0,75.0,4.0,5fb7ef8d-7610-4230-ae2a-09846fd56ada,30.0,"Road-650 Red, 44",BK-R50R-44,Red,486.7066,782.99,44,e2e52698-ce31-4fb2-866f-bcffbdfd3147,c4797df8-be0b-4d3a-a6c4-0f1765f0a822,18.77,R,L,U,2011-05-31 00:00:00,2013-05-29 00:00:00,
4d2972aa-a2ea-4768-b0a1-251088670ac4,1.0,1.0,500.0,375.0,1.0,620ba621-4c59-4a94-a9f5-f0bf14b38d42,17.0,,FR-R72Y-42,Yellow,360.9428,594.83,42,e2e52698-ce31-4fb2-866f-bcffbdfd3147,c4797df8-be0b-4d3a-a6c4-0f1765f0a822,2.26,R,M,W,2012-05-30 00:00:00,,
41dd5f0d-fa41-438c-925c-90531575dfc4,1.0,1.0,500.0,375.0,1.0,f9a7e077-33a4-4ef3-b979-beaf4bf163de,126.0,LL Road Rear Wheel,RW-R623,Black,49.9789,112.565,,,8c4f020f-f9c1-492b-8395-1372b7bda7a7,1050.0,R,L,,2012-05-30 00:00:00,2013-05-29 00:00:00,
d3e56fb5-4e11-4764-831b-d40106de412a,1.0,0.0,800.0,600.0,1.0,,,,HT-8019,,,0.0,,,,,,,,2008-04-30 00:00:00,,
aeb55b28-a8a4-43dc-8611-924b99cd17a1,0.0,0.0,1000.0,750.0,0.0,,,,FW-1000,,0.0,0.0,,,,,,,,2008-04-30 00:00:00,,
e986d452-9a86-4cdf-8840-12cee23929ca,1.0,0.0,500.0,375.0,1.0,,,,SA-R522,,,196.92,,,,,,,,2008-04-30 00:00:00,,
82a9cccc-088a-4477-83ab-eb7c4a90edd2,1.0,1.0,500.0,375.0,2.0,4cbd260b-f57a-4ade-a6da-06451fdb4a10,15.0,"ML Mountain Frame-W - Silver, 38",FR-M63S-38,Silver,199.3757,364.09,38,e2e52698-ce31-4fb2-866f-bcffbdfd3147,c4797df8-be0b-4d3a-a6c4-0f1765f0a822,2.73,M,M,W,2013-05-30 00:00:00,,
8ea7e0d2-fd39-4625-9a5a-e5575f7cfcca,1.0,1.0,500.0,375.0,1.0,620ba621-4c59-4a94-a9f5-f0bf14b38d42,6.0,"HL Road Frame - Black, 58",FR-R92B-58,Black,1059.31,1431.5,58,e2e52698-ce31-4fb2-866f-bcffbdfd3147,c4797df8-be0b-4d3a-a6c4-0f1765f0a822,2.24,R,H,U,2008-04-30 00:00:00,,
78a88bdd-1484-4547-812e-65bcc719fee6,0.0,0.0,1000.0,750.0,0.0,,,Hex Nut 2,HN-5400,,,0.0,,,,,,,,2008-04-30 00:00:00,,
af6cf083-89b2-4764-9a6f-23a681c55134,1.0,1.0,500.0,375.0,1.0,4cbd260b-f57a-4ade-a6da-06451fdb4a10,8.0,"LL Mountain Frame - Silver, 44",FR-M21S-44,Silver,144.5938,264.05,44,e2e52698-ce31-4fb2-866f-bcffbdfd3147,c4797df8-be0b-4d3a-a6c4-0f1765f0a822,2.96,M,L,U,2013-05-30 00:00:00,,
247ae193-c895-4805-93f5-d14b4002321a,0.0,0.0,1000.0,750.0,0.0,,,Reflector,RF-9198,,0.0,0.0,,,,,,,,2008-04-30 00:00:00,,
91953aae-d487-4598-85d2-bb53a021c440,0.0,1.0,4.0,3.0,0.0,5ab3da97-8ea2-4d06-ad06-d9c3ed53bcad,115.0,Cable Lock,LO-C100,,10.3125,25.0,,,,,S,,,2012-05-30 00:00:00,2013-05-29 00:00:00,
01759842-63d4-4d99-96e9-73150e038842,0.0,0.0,1000.0,750.0,0.0,,,Lock Washer 2,LW-6000,,0.0,0.0,,,,,,,,2008-04-30 00:00:00,,
eecf7d11-2a88-4636-b66c-8404946577c6,0.0,1.0,4.0,3.0,0.0,fbf4da89-ce81-4717-af54-501a253fb881,24.0,"Racing Socks, L",,White,3.3623,8.99,L,,,,R,,U,2013-05-30 00:00:00,,
85dff202-395a-4e85-a70d-fc9191be45c2,1.0,1.0,500.0,375.0,1.0,f9a7e077-33a4-4ef3-b979-beaf4bf163de,124.0,ML Mountain Rear Wheel,,Black,104.7951,236.025,,,,,M,M,,2012-05-30 00:00:00,2013-05-29 00:00:00,
01225971-c68c-4650-8d3c-f498ece3c5da,1.0,1.0,100.0,75.0,4.0,5fb7ef8d-7610-4230-ae2a-09846fd56ada,25.0,,BK-R93R-56,Red,2171.2942,3578.27,56,e2e52698-ce31-4fb2-866f-bcffbdfd3147,c4797df8-be0b-4d3a-a6c4-0f1765f0a822,14.68,R,H,U,2011-05-31 00:00:00,2012-05-29 00:00:00,
1f5b6be5-4c24-44dd-8ad7-485c8af1e663,1.0,1.0,100.0,75.0,4.0,5fb7ef8d-7610-4230-ae2a-09846fd56ada,31.0,"Road-750 Black, 44",BK-R19B-44,Black,,539.99,44,e2e52698-ce31-4fb2-866f-bcffbdfd3147,c4797df8-be0b-4d3a-a6c4-0f1765f0a822,19.77,R,L,U,2013-05-30 00:00:00,,
5cc7e238-d911-4e43-a3af-4718b9f11b80,1.0,0.0,800.0,600.0,1.0,,,,,,0.0,0.0,,,,,,,,2008-04-30 00:00:00,,
bd7ee0ba-ddfb-4dd3-b903-6b5e41cea31b,0.0,0.0,1000.0,750.0,0.0,,,Internal Lock Washer 3,LI-1000,,0.0,0.0,,,,,,,,2008-04-30 00:00:00,,
4679efad-05d2-4411-917d-1101386b453d,0.0,1.0,4.0,3.0,0.0,3efbcaad-1b67-4391-bdcd-505d47385bb2,32.0,"Short-Sleeve Classic Jersey, S",SJ-0194-S,Yellow,41.5723,53.99,S,,,,S,,U,2013-05-30 00:00:00,,
8b63c57a-01e2-4628-afd4-848a604b3ba9,1.0,1.0,500.0,375.0,1.0,8a2afb4f-58f5-4238-81ee-cea17d307893,99.0,LL Crankset,CS-4759,Black,77.9176,175.49,,,8c4f020f-f9c1-492b-8395-1372b7bda7a7,600.0,,L,,2013-05-30 00:00:00,,
909f7838-a2e1-4ad6-b192-d37d9c739972,1.0,1.0,500.0,375.0,1.0,327e57d0-2de2-4b3f-8eff-cb6b8a273842,47.0,LL Touring Handlebars,HB-T721,,20.464,46.09,,,,,T,L,,2013-05-30 00:00:00,,
efc321a7-17e6-4901-bf79-eb34238b1814,0.0,0.0,1000.0,750.0,0.0,,,,MS-0253,,0.0,0.0,,,,,,,,2008-04-30 00:00:00,,
4679efad-05d2-4411-917d-1101386b453d,0.0,1.0,4.0,3.0,0.0,3efbcaad-1b67-4391-bdcd-505d47385bb2,32.0,"Short-Sleeve Classic Jersey, S",SJ-0194-S,Yellow,41.5723,53.99,S,,,,S,,U,2013-05-30 00:00:00,,
740faf1b-c0d7-4dcf-b8e0-524ae111c0e8,0.0,0.0,1000.0,750.0,0.0,,,Lock Washer 6,LW-1400,,0.0,0.0,,,,,,,,2008-04-30 00:00:00,,
eeccebb3-74f7-41a1-aaca-89371b427114,0.0,0.0,1000.0,750.0,0.0,,,Flat Washer 3,FW-5160,,0.0,0.0,,,,,,,,2008-04-30 00:00:00,,
8bc8be76-d86c-46ab-b9ee-771121c40d23,1.0,1.0,500.0,375.0,1.0,744d9b82-e80b-4c79-99b5-313f7a358c40,7.0,"HL Touring Frame - Blue, 46",FR-T98U-46,Blue,601.7437,1003.91,46,e2e52698-ce31-4fb2-866f-bcffbdfd3147,c4797df8-be0b-4d3a-a6c4-0f1765f0a822,2.96,T,H,U,2013-05-30 00:00:00,,
ea08b8d3-607d-458f-8f61-2fb511dbe426,0.0,0.0,500.0,375.0,0.0,,,Freewheel,FH-2981,Silver,,0.0,,,,,,,,2008-04-30 00:00:00,,
f76ed752-5f96-47e4-bb09-30523d045528,1.0,1.0,100.0,75.0,4.0,5fb7ef8d-7610-4230-ae2a-09846fd56ada,30.0,"Road-650 Red, 44",BK-R50R-44,Red,486.7066,782.99,44,e2e52698-ce31-4fb2-866f-bcffbdfd3147,c4797df8-be0b-4d3a-a6c4-0f1765f0a822,18.77,R,L,U,2011-05-31 00:00:00,2013-05-29 00:00:00,
3f5d72f5-b5bc-43d9-b6d2-48285c115b21,0.0,1.0,4.0,3.0,0.0,3b4b1256-11d2-4713-860c-1e70bbc27950,38.0,"Women's Tights, S",TG-W091-S,Black,30.9334,74.99,S,,,,S,,W,2012-05-30 00:00:00,2013-05-29 00:00:00,
d5a1745e-512a-4b41-95ef-4cc650f12ee6,1.0,1.0,100.0,75.0,4.0,be3c8ce6-c1ec-4835-af3b-e49e199380c5,34.0,"Touring-1000 Yellow, 60",BK-T79Y-60,Yellow,1481.9379,2384.07,60,e2e52698-ce31-4fb2-866f-bcffbdfd3147,c4797df8-be0b-4d3a-a6c4-0f1765f0a822,25.9,T,H,U,2013-05-30 00:00:00,,
d1a8d70f-65c9-4839-bd7f-c959abbd3fce,0.0,0.0,1000.0,750.0,0.0,,,Lock Washer 8,LW-3800,,,0.0,,,,,,,,2008-04-30 00:00:00,,
aeb55b28-a8a4-43dc-8611-924b99cd17a1,0.0,0.0,1000.0,750.0,0.0,,,,FW-1000,,0.0,0.0,,,,,,,,2008-04-30 00:00:00,,
4e953b1f-7874-4ee8-940d-49dc72a54089,1.0,1.0,500.0,375.0,1.0,744d9b82-e80b-4c79-99b5-313f7a358c40,7.0,"HL Touring Frame - Yellow, 60",FR-T98Y-60,Yellow,601.7437,1003.91,60,e2e52698-ce31-4fb2-866f-bcffbdfd3147,c4797df8-be0b-4d3a-a6c4-0f1765f0a822,3.08,T,H,U,2013-05-30 00:00:00,,
49e07b82-6868-4c75-97fe-3378e86ef487,1.0,1.0,100.0,75.0,4.0,5fb7ef8d-7610-4230-ae2a-09846fd56ada,30.0,"Road-650 Red, 60",BK-R50R-60,Red,486.7066,782.99,60,e2e52698-ce31-4fb2-866f-bcffbdfd3147,c4797df8-be0b-4d3a-a6c4-0f1765f0a822,19.9,R,L,U,2011-05-31 00:00:00,2013-05-29 00:00:00,
8cfec367-49dd-44f0-a4b7-81bd6f9bc20c,0.0,1.0,4.0,3.0,0.0,a134278c-2ff4-4711-99c7-28a97ee1299c,4.0,,GL-H102-S,Black,9.1593,24.49,S,,,,S,,U,2012-05-30 00:00:00,,
15cb43da-7af2-45c7-a978-47177716b1ba,1.0,1.0,500.0,375.0,1.0,744d9b82-e80b-4c79-99b5-313f7a358c40,7.0,"HL Touring Frame - Yellow, 46",FR-T98Y-46,Yellow,601.7437,1003.91,46,e2e52698-ce31-4fb2-866f-bcffbdfd3147,c4797df8-be0b-4d3a-a6c4-0f1765f0a822,2.96,T,H,U,2013-05-30 00:00:00,,
aa35d45b-d440-4ff6-9dc9-0c14277b1925,0.0,1.0,500.0,375.0,0.0,4f0705e2-0929-407d-aebe-7d39f2cd831c,89.0,ML Road Tire,TI-R628,,,24.99,,,,,R,M,,2013-05-30 00:00:00,,
67349397-03b8-4353-a133-590d165bc425,0.0,0.0,1000.0,750.0,0.0,,,,SL-0931,,0.0,0.0,,,,,,,,2008-04-30 00:00:00,,
88aeec06-611c-4063-bbc6-4f75cd0ac4a9,0.0,0.0,1000.0,750.0,0.0,,,,LI-1200,,,0.0,,,,,,,,2008-04-30 00:00:00,,
ca8f411c-0afd-4857-89df-427a7fc28b72,0.0,1.0,4.0,3.0,0.0,8b3367a4-dbe1-43ad-b332-879582c95566,121.0,Fender Set - Mountain,FE-6654,,,21.98,,,,,M,,,2013-05-30 00:00:00,,
c86fa47b-7abb-4704-a3a0-72672b79f306,0.0,1.0,4.0,3.0,0.0,a134278c-2ff4-4711-99c7-28a97ee1299c,3.0,"Full-Finger Gloves, M",,Black,15.6709,37.99,M,,,,M,,U,2012-05-30 00:00:00,2013-05-29 00:00:00,
9eca8cdb-b64f-445b-990d-47b4cd063721,1.0,1.0,500.0,375.0,1.0,620ba621-4c59-4a94-a9f5-f0bf14b38d42,17.0,,FR-R72Y-40,Yellow,360.9428,594.83,40,e2e52698-ce31-4fb2-866f-bcffbdfd3147,c4797df8-be0b-4d3a-a6c4-0f1765f0a822,2.22,R,M,W,2012-05-30 00:00:00,,
fe7a6a2b-d6a6-48e7-869b-91acf497fe83,0.0,1.0,500.0,375.0,0.0,4f0705e2-0929-407d-aebe-7d39f2cd831c,90.0,,TI-R982,,,32.6,,,,,R,H,,2013-05-30 00:00:00,,
b797ae70-45a3-4989-8192-f501650d172b,0.0,0.0,800.0,600.0,0.0,,,Guide Pulley,GP-0982,,0.0,0.0,,,,,,,,2008-04-30 00:00:00,,
c58e99fb-b92b-4691-a5fb-d9b1853b6e51,1.0,1.0,100.0,75.0,4.0,5fb7ef8d-7610-4230-ae2a-09846fd56ada,26.0,"Road-250 Red, 48",BK-R89R-48,Red,1518.7864,2443.35,48,e2e52698-ce31-4fb2-866f-bcffbdfd3147,c4797df8-be0b-4d3a-a6c4-0f1765f0a822,15.13,R,H,U,2012-05-30 00:00:00,2013-05-29 00:00:00,
daacc07e-b28e-4d80-9977-5673bc67c0ae,0.0,0.0,1000.0,750.0,0.0,,,,HN-1428,,0.0,0.0,,,,,,,,2008-04-30 00:00:00,,
fb4ea58b-224a-4025-ace2-f18b3c4644ab,0.0,1.0,500.0,375.0,1.0,22a9a4d0-29b8-4bef-815d-fdc670f839f0,102.0,Front Brakes,FB-9873,Silver,,106.5,,,8c4f020f-f9c1-492b-8395-1372b7bda7a7,317.0,,,,2013-05-30 00:00:00,,
534db91b-b996-4fff-9ad5-8d5d85fc5af3,1.0,1.0,500.0,375.0,1.0,f9a7e077-33a4-4ef3-b979-beaf4bf163de,51.0,,FW-R820,Black,,330.06,,,8c4f020f-f9c1-492b-8395-1372b7bda7a7,650.0,R,H,,2012-05-30 00:00:00,2013-05-29 00:00:00,
36847649-a79a-4f70-9b5d-5c403627ab75,0.0,1.0,4.0,3.0,0.0,2cb4136a-654d-4b91-9c42-3c7592b223d3,2.0,AWC Logo Cap,CA-1098,Multi,6.9223,8.99,,,,,S,,U,2011-05-31 00:00:00,,
4b67b77f-4bfb-429a-aa94-91f915bcf048,0.0,1.0,500.0,375.0,1.0,94ce21f6-249d-468d-a859-a7cac5f87bb0,64.0,,PD-M562,Silver/Black,,80.99,,,8c4f020f-f9c1-492b-8395-1372b7bda7a7,185.0,M,H,,2013-05-30 00:00:00,,
aa496d61-efa1-44b6-8b6f-a05b18c3ec25,0.0,1.0,4.0,3.0,0.0,a134278c-2ff4-4711-99c7-28a97ee1299c,3.0,"Full-Finger Gloves, L",GL-F110-L,Black,15.6709,37.99,L,,,,M,,U,2012-05-30 00:00:00,2013-05-29 00:00:00,
c19e7973-0533-494c-84fd-99f3220b0ecc,1.0,1.0,100.0,75.0,4.0,5fb7ef8d-7610-4230-ae2a-09846fd56ada,26.0,,BK-R89R-44,Red,1518.7864,2443.35,44,e2e52698-ce31-4fb2-866f-bcffbdfd3147,c4797df8-be0b-4d3a-a6c4-0f1765f0a822,14.77,R,H,U,2012-05-30 00:00:00,2013-05-29 00:00:00,
df7281b2-45b6-4c59-87d5-5719f8d21fdd,0.0,0.0,1000.0,750.0,0.0,,,Metal Bar 1,MB-2024,,0.0,0.0,,,,,,,,2008-04-30 00:00:00,,
ce228b4f-bea6-4815-9ec4-3bcc9fea2dd6,1.0,1.0,500.0,375.0,2.0,4cbd260b-f57a-4ade-a6da-06451fdb4a10,15.0,,,Black,185.8193,348.76,38,e2e52698-ce31-4fb2-866f-bcffbdfd3147,c4797df8-be0b-4d3a-a6c4-0f1765f0a822,2.73,M,M,U,2012-05-30 00:00:00,2013-05-29 00:00:00,
af86810f-57d6-4865-9ad8-13c9741e0a36,0.0,0.0,1000.0,750.0,0.0,,,External Lock Washer 3,LE-1000,,0.0,0.0,,,,,,,,2008-04-30 00:00:00,,
ea94f9be-f506-420c-b6c8-9c059cd89e60,1.0,1.0,100.0,75.0,4.0,5fb7ef8d-7610-4230-ae2a-09846fd56ada,30.0,"Road-650 Red, 58",BK-R50R-58,Red,486.7066,782.99,58,e2e52698-ce31-4fb2-866f-bcffbdfd3147,c4797df8-be0b-4d3a-a6c4-0f1765f0a822,19.79,R,L,U,2011-05-31 00:00:00,2013-05-29 00:00:00,
1ad00141-423d-4b58-8fa4-e53e2ca7fe71,0.0,0.0,1000.0,750.0,0.0,,,Hex Nut 14,HN-7161,,0.0,0.0,,,,,,,,2008-04-30 00:00:00,,
594ebd8e-5e74-4f0a-809b-681fe95ce3b1,0.0,0.0,1000.0,750.0,0.0,,,Lock Nut 22,LN-3410,,0.0,0.0,,,,,,,,2008-04-30 00:00:00,,
6bead63b-f257-4bed-bd8e-564e9ad98744,1.0,1.0,100.0,75.0,4.0,5332b46f-2ec0-453b-8237-c78051d4c7bf,23.0,"Mountain-500 Silver, 52",BK-M18S-52,Silver,308.2179,564.99,52,e2e52698-ce31-4fb2-866f-bcffbdfd3147,c4797df8-be0b-4d3a-a6c4-0f1765f0a822,28.68,M,L,U,2013-05-30 00:00:00,,
9eca8cdb-b64f-445b-990d-47b4cd063721,1.0,1.0,500.0,375.0,1.0,620ba621-4c59-4a94-a9f5-f0bf14b38d42,17.0,,FR-R72Y-40,Yellow,360.9428,594.83,40,e2e52698-ce31-4fb2-866f-bcffbdfd3147,c4797df8-be0b-4d3a-a6c4-0f1765f0a822,2.22,R,M,W,2012-05-30 00:00:00,,
78a88bdd-1484-4547-812e-65bcc719fee6,0.0,0.0,1000.0,750.0,0.0,,,Hex Nut 2,HN-5400,,,0.0,,,,,,,,2008-04-30 00:00:00,,
00d697bd-e064-4e0a-8486-c04f6a4377c3,1.0,1.0,500.0,375.0,1.0,744d9b82-e80b-4c79-99b5-313f7a358c40,10.0,"LL Touring Frame - Blue, 54",FR-T67U-54,Blue,199.8519,333.42,54,e2e52698-ce31-4fb2-866f-bcffbdfd3147,c4797df8-be0b-4d3a-a6c4-0f1765f0a822,3.14,T,L,U,2013-05-30 00:00:00,,
9e4e275e-baa1-44e2-827e-ec3fead348fa,1.0,1.0,500.0,375.0,1.0,620ba621-4c59-4a94-a9f5-f0bf14b38d42,9.0,"LL Road Frame - Black, 52",FR-R38B-52,Black,204.6251,337.22,52,e2e52698-ce31-4fb2-866f-bcffbdfd3147,c4797df8-be0b-4d3a-a6c4-0f1765f0a822,2.4,R,L,U,2011-05-31 00:00:00,,
ca662096-4385-4c05-abba-8d19bffc05d9,0.0,0.0,1000.0,750.0,0.0,,,Hex Nut 22,HN-3410,,0.0,0.0,,,,,,,,2008-04-30 00:00:00,,
13f1310b-c9e1-4abf-9bc1-0c0b7e2e8509,0.0,0.0,1000.0,750.0,0.0,,,Keyed Washer,KW-4091,,0.0,0.0,,,,,,,,2008-04-30 00:00:00,,
09867520-67db-4b05-8bf0-47125b8aec08,0.0,0.0,1000.0,750.0,0.0,,,Hex Nut 10,HN-5161,,0.0,0.0,,,,,,,,2008-04-30 00:00:00,,
4dce003d-ce37-4a4c-9873-eb21430dda23,0.0,0.0,1000.0,750.0,0.0,,,Pinch Bolt,PB-6109,,0.0,0.0,,,,,,,,2008-04-30 00:00:00,,
c9e50636-5a32-4e4b-b725-7adb84849d04,1.0,1.0,500.0,375.0,1.0,620ba621-4c59-4a94-a9f5-f0bf14b38d42,16.0,"ML Road Frame - Red, 44",FR-R72R-44,Red,,594.83,44,e2e52698-ce31-4fb2-866f-bcffbdfd3147,c4797df8-be0b-4d3a-a6c4-0f1765f0a822,2.22,R,M,U,2011-05-31 00:00:00,2012-05-29 00:00:00,
d1d6f9c9-0ea3-412a-8336-4428d447564f,1.0,1.0,100.0,75.0,4.0,be3c8ce6-c1ec-4835-af3b-e49e199380c5,36.0,,BK-T18U-54,Blue,461.4448,742.35,54,e2e52698-ce31-4fb2-866f-bcffbdfd3147,c4797df8-be0b-4d3a-a6c4-0f1765f0a822,29.68,T,L,U,2013-05-30 00:00:00,,
b4e41c93-3be1-4d51-9ed4-b13985427fd1,1.0,1.0,100.0,75.0,4.0,be3c8ce6-c1ec-4835-af3b-e49e199380c5,34.0,"Touring-1000 Blue, 54",BK-T79U-54,Blue,1481.9379,2384.07,54,e2e52698-ce31-4fb2-866f-bcffbdfd3147,c4797df8-be0b-4d3a-a6c4-0f1765f0a822,25.68,T,H,U,2013-05-30 00:00:00,,
a48966b7-d984-4a33-9fb9-1997bdde3ba9,1.0,1.0,500.0,375.0,1.0,620ba621-4c59-4a94-a9f5-f0bf14b38d42,6.0,,,Black,868.6342,1431.5,44,e2e52698-ce31-4fb2-866f-bcffbdfd3147,c4797df8-be0b-4d3a-a6c4-0f1765f0a822,2.12,R,H,U,2012-05-30 00:00:00,,
788527fc-535a-4e93-a027-41e98103d98c,0.0,0.0,500.0,375.0,0.0,,,,RC-0291,Silver,,0.0,,,,,,,,2008-04-30 00:00:00,,
52c6dab5-0084-4f4d-8f21-42ab0778ff11,0.0,1.0,500.0,375.0,1.0,94ce21f6-249d-468d-a859-a7cac5f87bb0,62.0,LL Mountain Pedal,PD-M282,Silver/Black,17.9776,40.49,,,8c4f020f-f9c1-492b-8395-1372b7bda7a7,218.0,M,L,,2013-05-30 00:00:00,,
032eeb77-32d2-4ade-a122-fd5873189326,1.0,1.0,100.0,75.0,4.0,5332b46f-2ec0-453b-8237-c78051d4c7bf,21.0,"Mountain-300 Black, 38",,Black,598.4354,1079.99,38,e2e52698-ce31-4fb2-866f-bcffbdfd3147,c4797df8-be0b-4d3a-a6c4-0f1765f0a822,25.35,M,M,U,2012-05-30 00:00:00,2013-05-29 00:00:00,
78a88bdd-1484-4547-812e-65bcc719fee6,0.0,0.0,1000.0,750.0,0.0,,,Hex Nut 2,HN-5400,,,0.0,,,,,,,,2008-04-30 00:00:00,,
eca4e568-b2dc-4f1e-aa55-444911bfedcf,0.0,1.0,4.0,3.0,0.0,4f0705e2-0929-407d-aebe-7d39f2cd831c,114.0,Patch Kit/8 Patches,PK-7098,,0.8565,2.29,,,,,S,,,2013-05-30 00:00:00,,
cbf55573-7898-4e7f-a54b-ff35cf4aa9be,0.0,0.0,1000.0,750.0,0.0,,,Hex Nut 5,HN-1024,,0.0,0.0,,,,,,,,2008-04-30 00:00:00,,
df42bc92-cc48-4740-bb12-6a15644b1a4a,0.0,0.0,1000.0,750.0,0.0,,,Lock Nut 9,LN-1428,,0.0,0.0,,,,,,,,2008-04-30 00:00:00,,
b3756fd2-988b-42ea-bb9f-b25c83eacc2e,0.0,0.0,1000.0,750.0,0.0,,,,HN-7162,,0.0,0.0,,,,,,,,2008-04-30 00:00:00,,
07f93ab3-8ef3-4951-ad0a-7736bfe4526f,0.0,1.0,4.0,3.0,0.0,3efbcaad-1b67-4391-bdcd-505d47385bb2,32.0,"Short-Sleeve Classic Jersey, XL",SJ-0194-X,Yellow,41.5723,53.99,XL,,,,S,,U,2013-05-30 00:00:00,,
5c21012d-91d4-450b-ad27-bd9311847781,0.0,1.0,500.0,375.0,0.0,4f0705e2-0929-407d-aebe-7d39f2cd831c,92.0,Mountain Tire Tube,TT-M928,,1.8663,4.99,,,,,M,,,2013-05-30 00:00:00,,
012fbb46-4cd3-4288-b1fa-d6fe3203db0f,0.0,1.0,4.0,3.0,0.0,a134278c-2ff4-4711-99c7-28a97ee1299c,4.0,"Half-Finger Gloves, M",GL-H102-M,Black,9.1593,24.49,M,,,,S,,U,2012-05-30 00:00:00,,
e0ea3f0c-0557-400e-b726-d6d277a08968,0.0,0.0,1000.0,750.0,0.0,,,LL Nipple,NI-4127,,0.0,0.0,,,,,,L,,2008-04-30 00:00:00,,
1e268fc8-3476-4240-a51e-5f3ba679dd56,1.0,1.0,100.0,75.0,4.0,5fb7ef8d-7610-4230-ae2a-09846fd56ada,29.0,"Road-550-W Yellow, 38",BK-R64Y-38,Yellow,713.0798,1120.49,38,e2e52698-ce31-4fb2-866f-bcffbdfd3147,c4797df8-be0b-4d3a-a6c4-0f1765f0a822,17.35,R,M,W,2012-05-30 00:00:00,,
8ea7e0d2-fd39-4625-9a5a-e5575f7cfcca,1.0,1.0,500.0,375.0,1.0,620ba621-4c59-4a94-a9f5-f0bf14b38d42,6.0,"HL Road Frame - Black, 58",FR-R92B-58,Black,1059.31,1431.5,58,e2e52698-ce31-4fb2-866f-bcffbdfd3147,c4797df8-be0b-4d3a-a6c4-0f1765f0a822,2.24,R,H,U,2008-04-30 00:00:00,,
cc3ee208-7421-4082-9d27-89a3a3d92dc3,1.0,1.0,500.0,375.0,1.0,327e57d0-2de2-4b3f-8eff-cb6b8a273842,52.0,LL Mountain Handlebars,HB-M243,,19.7758,44.54,,,,,M,L,,2012-05-30 00:00:00,,
fa7db475-1b85-427c-8412-1631c8f94cca,1.0,1.0,100.0,75.0,4.0,5332b46f-2ec0-453b-8237-c78051d4c7bf,23.0,,BK-M18B-52,Black,294.5797,539.99,52,e2e52698-ce31-4fb2-866f-bcffbdfd3147,c4797df8-be0b-4d3a-a6c4-0f1765f0a822,28.68,M,L,U,2013-05-30 00:00:00,,
9b4a7a6a-6a00-4489-abf2-70f21e72f9aa,1.0,0.0,1000.0,750.0,1.0,,,Chain Stays,CS-2812,,0.0,0.0,,,,,,,,2008-04-30 00:00:00,,
96e5300f-60a2-49cf-9000-ce223ccb14bf,1.0,1.0,500.0,375.0,1.0,620ba621-4c59-4a94-a9f5-f0bf14b38d42,9.0,"LL Road Frame - Red, 62",FR-R38R-62,Red,187.1571,337.22,62,e2e52698-ce31-4fb2-866f-bcffbdfd3147,c4797df8-be0b-4d3a-a6c4-0f1765f0a822,2.5,R,L,U,2011-05-31 00:00:00,2013-05-29 00:00:00,
f76ed752-5f96-47e4-bb09-30523d045528,1.0,1.0,100.0,75.0,4.0,5fb7ef8d-7610-4230-ae2a-09846fd56ada,30.0,"Road-650 Red, 44",BK-R50R-44,Red,486.7066,782.99,44,e2e52698-ce31-4fb2-866f-bcffbdfd3147,c4797df8-be0b-4d3a-a6c4-0f1765f0a822,18.77,R,L,U,2011-05-31 00:00:00,2013-05-29 00:00:00,
8f927375-895a-4ed2-adfc-88a0ac552eea,1.0,1.0,500.0,375.0,1.0,327e57d0-2de2-4b3f-8eff-cb6b8a273842,57.0,ML Road Handlebars,HB-R720,,27.4925,61.92,,,,,R,M,,2012-05-30 00:00:00,,
054c95de-0b66-44d9-907c-6585400c1ec2,0.0,0.0,1000.0,750.0,0.0,,,Thin-Jam Lock Nut 11,LJ-9161,,0.0,0.0,,,,,,,,2008-04-30 00:00:00,,
24ba6452-9f4e-47f4-9f85-22ae7278cbf6,1.0,0.0,1000.0,750.0,1.0,,,Road End Caps,EC-R098,,0.0,0.0,,,,,,,,2008-04-30 00:00:00,,
76b26206-b478-4525-9ac7-ad960ec65410,0.0,0.0,1000.0,750.0,0.0,,,,LJ-5818,,0.0,0.0,,,,,,,,2008-04-30 00:00:00,,
e7f9c66f-61d6-46af-b105-b2c6d95bdc09,1.0,1.0,100.0,75.0,4.0,5332b46f-2ec0-453b-8237-c78051d4c7bf,23.0,"Mountain-500 Black, 40",BK-M18B-40,Black,294.5797,539.99,40,e2e52698-ce31-4fb2-866f-bcffbdfd3147,c4797df8-be0b-4d3a-a6c4-0f1765f0a822,27.35,M,L,U,2013-05-30 00:00:00,,
2f498249-a692-48f7-93d3-af567d3c36d6,1.0,1.0,500.0,375.0,2.0,4cbd260b-f57a-4ade-a6da-06451fdb4a10,5.0,,FR-M94S-38,Silver,,1364.5,38,e2e52698-ce31-4fb2-866f-bcffbdfd3147,c4797df8-be0b-4d3a-a6c4-0f1765f0a822,2.68,M,H,U,2011-05-31 00:00:00,,
9014b398-fe53-4fb0-8177-97347cea83c3,1.0,1.0,100.0,75.0,4.0,5332b46f-2ec0-453b-8237-c78051d4c7bf,20.0,,BK-M68B-42,Black,,2294.99,42,e2e52698-ce31-4fb2-866f-bcffbdfd3147,c4797df8-be0b-4d3a-a6c4-0f1765f0a822,23.77,M,H,U,2012-05-30 00:00:00,,
a9c5cc91-e72a-4eb0-9672-40c621bcdaaa,1.0,1.0,500.0,375.0,1.0,d1d7c22b-3508-4c1c-ae1a-1002f0bddc10,104.0,,FK-1639,,,148.22,,,,,,L,,2012-05-30 00:00:00,2013-05-29 00:00:00,
5cc7e238-d911-4e43-a3af-4718b9f11b80,1.0,0.0,800.0,600.0,1.0,,,,,,0.0,0.0,,,,,,,,2008-04-30 00:00:00,,
40666c04-4eee-44e0-9d68-57825fae483c,1.0,1.0,500.0,375.0,1.0,4cbd260b-f57a-4ade-a6da-06451fdb4a10,5.0,"HL Mountain Frame - Silver, 48",FR-M94S-52,Silver,706.811,1364.5,48,e2e52698-ce31-4fb2-866f-bcffbdfd3147,c4797df8-be0b-4d3a-a6c4-0f1765f0a822,2.8,M,H,U,2011-05-31 00:00:00,2012-05-29 00:00:00,
53aa7514-b3fe-42f8-b812-acd59c4592ce,0.0,1.0,4.0,3.0,0.0,3b4b1256-11d2-4713-860c-1e70bbc27950,38.0,"Women's Tights, M",TG-W091-M,Black,30.9334,74.99,M,,,,S,,W,2012-05-30 00:00:00,2013-05-29 00:00:00,
be9d43b2-f6c0-438f-96dd-d617d940e01b,1.0,1.0,100.0,75.0,4.0,5fb7ef8d-7610-4230-ae2a-09846fd56ada,31.0,"Road-750 Black, 48",BK-R19B-48,Black,343.6496,539.99,48,e2e52698-ce31-4fb2-866f-bcffbdfd3147,c4797df8-be0b-4d3a-a6c4-0f1765f0a822,20.13,R,L,U,2013-05-30 00:00:00,,
9493b802-f467-4580-b74e-914257582ed0,1.0,1.0,500.0,375.0,1.0,f9a7e077-33a4-4ef3-b979-beaf4bf163de,50.0,ML Road Front Wheel,,Black,110.2829,248.385,,,8c4f020f-f9c1-492b-8395-1372b7bda7a7,850.0,R,M,,2012-05-30 00:00:00,2013-05-29 00:00:00,
832497fb-759a-4c1a-a048-7e400fc82252,1.0,1.0,100.0,75.0,4.0,be3c8ce6-c1ec-4835-af3b-e49e199380c5,35.0,"Touring-2000 Blue, 46",,Blue,755.1508,1214.85,46,e2e52698-ce31-4fb2-866f-bcffbdfd3147,c4797df8-be0b-4d3a-a6c4-0f1765f0a822,27.13,T,M,U,2013-05-30 00:00:00,,
cec47ed4-a508-4555-a5ce-b74a99da90c7,0.0,0.0,1000.0,750.0,0.0,,,Hex Nut 11,HN-5162,,0.0,0.0,,,,,,,,2008-04-30 00:00:00,,
efed477a-f27f-47ff-b968-9e8d6206bc89,0.0,0.0,800.0,600.0,0.0,,,HL Mountain Rim,RM-M823,,0.0,0.0,,,8c4f020f-f9c1-492b-8395-1372b7bda7a7,400.0,,,,2008-04-30 00:00:00,,
1a5be727-89db-47d2-a367-595b06984346,1.0,1.0,100.0,75.0,4.0,5fb7ef8d-7610-4230-ae2a-09846fd56ada,27.0,,,Yellow,1082.51,1700.99,44,e2e52698-ce31-4fb2-866f-bcffbdfd3147,c4797df8-be0b-4d3a-a6c4-0f1765f0a822,16.13,R,M,W,2013-05-30 00:00:00,,
03342abf-54b7-47ae-be8c-eafd20fb2d1c,1.0,1.0,100.0,75.0,4.0,5332b46f-2ec0-453b-8237-c78051d4c7bf,19.0,,,Black,1898.0944,3374.99,38,e2e52698-ce31-4fb2-866f-bcffbdfd3147,c4797df8-be0b-4d3a-a6c4-0f1765f0a822,20.35,M,H,U,2011-05-31 00:00:00,2012-05-29 00:00:00,
f7a013d0-1641-4dd9-a0af-f834e08253ea,0.0,0.0,1000.0,750.0,0.0,,,Thin-Jam Hex Nut 8,HJ-7162,,0.0,0.0,,,,,,,,2008-04-30 00:00:00,,
96400ccc-3688-4446-8fe2-c9e2b2286dbe,0.0,1.0,4.0,3.0,0.0,e55492be-8655-40a9-a411-3d7bda43bf85,12.0,,SB-M891-S,Multi,37.1209,89.99,S,,,,S,,M,2012-05-30 00:00:00,2013-05-29 00:00:00,
226c65bd-af15-43e6-8de3-9251fe84d894,1.0,1.0,500.0,375.0,1.0,4cbd260b-f57a-4ade-a6da-06451fdb4a10,8.0,"LL Mountain Frame - Black, 52",FR-M21B-52,Black,136.785,249.79,52,e2e52698-ce31-4fb2-866f-bcffbdfd3147,c4797df8-be0b-4d3a-a6c4-0f1765f0a822,3.04,M,L,U,2013-05-30 00:00:00,,
ce291ba5-8730-4da7-8af4-b3e2b54af3eb,0.0,0.0,1000.0,750.0,0.0,,,Lock Nut 5,LN-1024,,0.0,0.0,,,,,,,,2008-04-30 00:00:00,,
054c95de-0b66-44d9-907c-6585400c1ec2,0.0,0.0,1000.0,750.0,0.0,,,Thin-Jam Lock Nut 11,LJ-9161,,0.0,0.0,,,,,,,,2008-04-30 00:00:00,,
7e695604-38db-45ba-b0b8-332c62295eac,1.0,1.0,100.0,75.0,4.0,5fb7ef8d-7610-4230-ae2a-09846fd56ada,30.0,"Road-650 Red, 52",BK-R50R-52,Red,486.7066,782.99,52,e2e52698-ce31-4fb2-866f-bcffbdfd3147,c4797df8-be0b-4d3a-a6c4-0f1765f0a822,19.42,R,L,U,2011-05-31 00:00:00,2013-05-29 00:00:00,
ea94f9be-f506-420c-b6c8-9c059cd89e60,1.0,1.0,100.0,75.0,4.0,5fb7ef8d-7610-4230-ae2a-09846fd56ada,30.0,"Road-650 Red, 58",BK-R50R-58,Red,486.7066,782.99,58,e2e52698-ce31-4fb2-866f-bcffbdfd3147,c4797df8-be0b-4d3a-a6c4-0f1765f0a822,19.79,R,L,U,2011-05-31 00:00:00,2013-05-29 00:00:00,
825522c1-4a09-48c5-8006-63c37cf2fab7,1.0,1.0,500.0,375.0,1.0,620ba621-4c59-4a94-a9f5-f0bf14b38d42,6.0,"HL Road Frame - Red, 52",FR-R92R-52,Red,868.6342,1431.5,52,e2e52698-ce31-4fb2-866f-bcffbdfd3147,c4797df8-be0b-4d3a-a6c4-0f1765f0a822,2.2,R,H,U,2011-05-31 00:00:00,,
8cfec367-49dd-44f0-a4b7-81bd6f9bc20c,0.0,1.0,4.0,3.0,0.0,a134278c-2ff4-4711-99c7-28a97ee1299c,4.0,,GL-H102-S,Black,9.1593,24.49,S,,,,S,,U,2012-05-30 00:00:00,,
0fac6f50-994a-4ae9-95fd-db485fb0802b,0.0,0.0,1000.0,750.0,0.0,,,Thin-Jam Lock Nut 10,LJ-1220,,0.0,0.0,,,,,,,,2008-04-30 00:00:00,,
204a4c4f-4334-46a9-ae63-a82841de7147,0.0,1.0,500.0,375.0,1.0,94ce21f6-249d-468d-a859-a7cac5f87bb0,70.0,HL Road Pedal,PD-R853,Silver/Black,35.9596,80.99,,,8c4f020f-f9c1-492b-8395-1372b7bda7a7,149.0,R,H,,2013-05-30 00:00:00,,
4660c97a-14a1-4d78-86f4-550d18f8b081,1.0,0.0,800.0,600.0,1.0,,,,SS-2985,,0.0,0.0,,,,,,,,2008-04-30 00:00:00,,
cfa4ac4b-3887-4435-8149-90b31d6b09be,1.0,0.0,1000.0,750.0,1.0,,,Touring End Caps,,,0.0,0.0,,,,,,,,2008-04-30 00:00:00,,
79df957c-9fbf-457d-9b88-b96d07a07df6,1.0,1.0,100.0,75.0,4.0,be3c8ce6-c1ec-4835-af3b-e49e199380c5,34.0,,BK-T79Y-50,Yellow,1481.9379,2384.07,50,e2e52698-ce31-4fb2-866f-bcffbdfd3147,c4797df8-be0b-4d3a-a6c4-0f1765f0a822,25.42,T,H,U,2013-05-30 00:00:00,,
9da9449d-397b-4beb-8a8d-95b12a76ccaa,0.0,1.0,4.0,3.0,0.0,3efbcaad-1b67-4391-bdcd-505d47385bb2,11.0,"Long-Sleeve Logo Jersey, M",LJ-0192-M,Multi,,49.99,M,,,,S,,U,2011-05-31 00:00:00,,
5025058b-ac69-43d2-b247-973eeff109bc,1.0,1.0,500.0,375.0,1.0,4cbd260b-f57a-4ade-a6da-06451fdb4a10,14.0,"ML Mountain Frame - Black, 48",FR-M63B-48,Black,185.8193,348.76,48,e2e52698-ce31-4fb2-866f-bcffbdfd3147,c4797df8-be0b-4d3a-a6c4-0f1765f0a822,2.85,M,M,U,2012-05-30 00:00:00,2013-05-29 00:00:00,
aa35d45b-d440-4ff6-9dc9-0c14277b1925,0.0,1.0,500.0,375.0,0.0,4f0705e2-0929-407d-aebe-7d39f2cd831c,89.0,ML Road Tire,TI-R628,,,24.99,,,,,R,M,,2013-05-30 00:00:00,,
a9c90cfa-eab9-4fa8-b570-fc4bde2fc0dd,0.0,1.0,500.0,375.0,0.0,4f0705e2-0929-407d-aebe-7d39f2cd831c,85.0,,TI-M267,,9.3463,24.99,,,,,M,L,,2013-05-30 00:00:00,,
a48966b7-d984-4a33-9fb9-1997bdde3ba9,1.0,1.0,500.0,375.0,1.0,620ba621-4c59-4a94-a9f5-f0bf14b38d42,6.0,,,Black,868.6342,1431.5,44,e2e52698-ce31-4fb2-866f-bcffbdfd3147,c4797df8-be0b-4d3a-a6c4-0f1765f0a822,2.12,R,H,U,2012-05-30 00:00:00,,
020cd2f9-46b3-4d75-8f85-9f19fd96d4dd,1.0,1.0,500.0,375.0,1.0,7ae37628-4eba-48d6-8e24-a09e80006956,103.0,Front Derailleur,FD-2342,Silver,40.6216,91.49,,,8c4f020f-f9c1-492b-8395-1372b7bda7a7,88.0,,,,2013-05-30 00:00:00,,
19ad13f4-c072-43dc-a803-a0e356fe0370,1.0,1.0,500.0,375.0,1.0,4cbd260b-f57a-4ade-a6da-06451fdb4a10,8.0,"LL Mountain Frame - Black, 42",FR-M21B-42,Black,136.785,249.79,42,e2e52698-ce31-4fb2-866f-bcffbdfd3147,c4797df8-be0b-4d3a-a6c4-0f1765f0a822,2.92,M,L,U,2013-05-30 00:00:00,,
f3a1a020-29d6-450a-a649-88f5a29a5c8a,0.0,1.0,4.0,3.0,0.0,b5b4ee0a-77db-40b5-8539-1eb457fbe4ab,1.0,"Classic Vest, M",VE-C304-M,Blue,23.749,63.5,M,,,,S,,U,2013-05-30 00:00:00,,
fd656f7e-b2cb-47c0-a2e6-94991c2d9154,0.0,0.0,1000.0,750.0,0.0,,,Hex Nut 8,HN-1420,,0.0,0.0,,,,,,,,2008-04-30 00:00:00,,
e5735af0-1ba5-4bd0-a0d2-2fc5bc9bd7df,0.0,0.0,800.0,600.0,0.0,,,,SH-4562,,0.0,0.0,,,,,,L,,2008-04-30 00:00:00,,
3615d396-f30f-4805-b326-de5b780a5507,1.0,1.0,500.0,375.0,1.0,f9a7e077-33a4-4ef3-b979-beaf4bf163de,78.0,,RW-R820,Black,158.5346,357.06,,,8c4f020f-f9c1-492b-8395-1372b7bda7a7,890.0,R,H,,2012-05-30 00:00:00,2013-05-29 00:00:00,
2f498249-a692-48f7-93d3-af567d3c36d6,1.0,1.0,500.0,375.0,2.0,4cbd260b-f57a-4ade-a6da-06451fdb4a10,5.0,,FR-M94S-38,Silver,,1364.5,38,e2e52698-ce31-4fb2-866f-bcffbdfd3147,c4797df8-be0b-4d3a-a6c4-0f1765f0a822,2.68,M,H,U,2011-05-31 00:00:00,,
be547e48-adbf-4306-88b1-201fd50e64c6,0.0,0.0,1000.0,750.0,0.0,,,,LN-8320,,0.0,0.0,,,,,,,,2008-04-30 00:00:00,,
6e907643-7f1b-4cb5-ac30-cde0778127bf,0.0,0.0,1000.0,750.0,0.0,,,Lock Nut 14,,,0.0,0.0,,,,,,,,2008-04-30 00:00:00,,
eecf7d11-2a88-4636-b66c-8404946577c6,0.0,1.0,4.0,3.0,0.0,fbf4da89-ce81-4717-af54-501a253fb881,24.0,"Racing Socks, L",,White,3.3623,8.99,L,,,,R,,U,2013-05-30 00:00:00,,
e986d452-9a86-4cdf-8840-12cee23929ca,1.0,0.0,500.0,375.0,1.0,,,,SA-R522,,,196.92,,,,,,,,2008-04-30 00:00:00,,
d710a585-4fc0-4dfb-8432-fa349e74f857,0.0,0.0,1000.0,750.0,0.0,,,Thin-Jam Hex Nut 13,HJ-5811,,0.0,0.0,,,,,,,,2008-04-30 00:00:00,,
01759842-63d4-4d99-96e9-73150e038842,0.0,0.0,1000.0,750.0,0.0,,,Lock Washer 2,LW-6000,,0.0,0.0,,,,,,,,2008-04-30 00:00:00,,
f890162d-0d30-40d7-94ee-8ff9d236c03e,0.0,0.0,1000.0,750.0,0.0,,,,HJ-1213,,0.0,0.0,,,,,,,,2008-04-30 00:00:00,,
9cfd0ae7-9945-4823-8f73-c26581afae87,0.0,0.0,1000.0,750.0,0.0,,,External Lock Washer 4,LE-1200,,0.0,0.0,,,,,,,,2008-04-30 00:00:00,,
6833f60f-00dc-489d-bb3c-80f778f93382,0.0,0.0,1000.0,750.0,0.0,,,Thin-Jam Hex Nut 14,HJ-5818,,0.0,0.0,,,,,,,,2008-04-30 00:00:00,,
1182b25f-cfb2-4a57-81f1-e618e0ca1d2d,0.0,0.0,1000.0,750.0,0.0,,,,MB-6061,,0.0,0.0,,,,,,,,2008-04-30 00:00:00,,
c84045e4-75b2-4fcd-8207-f60d47a70ff4,0.0,0.0,1000.0,750.0,0.0,,,External Lock Washer 6,,,0.0,0.0,,,,,,,,2008-04-30 00:00:00,,
2cf1e21c-b5a8-4be5-a8d6-c13b01a1a62c,1.0,0.0,500.0,375.0,1.0,,,,,,0.0,0.0,,,,,,,,2008-04-30 00:00:00,,
4ff629fe-afe7-4ce3-ad78-1b7951100c74,0.0,1.0,500.0,375.0,1.0,717ba7e9-56bc-45ac-89bb-fb64c4016809,84.0,HL Road Seat/Saddle,SE-R995,,23.3722,52.64,,,,,R,H,,2013-05-30 00:00:00,,
8738ad03-eb07-4a98-9cbb-c99d5f56b317,1.0,1.0,500.0,375.0,1.0,8a2afb4f-58f5-4238-81ee-cea17d307893,100.0,ML Crankset,CS-6583,Black,,256.49,,,8c4f020f-f9c1-492b-8395-1372b7bda7a7,635.0,,M,,2013-05-30 00:00:00,,
66931f20-2c5b-472d-adac-9e93795e4cec,0.0,0.0,1000.0,750.0,0.0,,,Hex Nut 16,HN-1213,,0.0,0.0,,,,,,,,2008-04-30 00:00:00,,
57c85314-52eb-447f-9663-79142c57cc1e,0.0,0.0,1000.0,750.0,0.0,,,,,,0.0,0.0,,,,,,,,2008-04-30 00:00:00,,
0625f65a-89f7-43cf-b250-989d90b3bed5,0.0,0.0,1000.0,750.0,0.0,,,Thin-Jam Lock Nut 16,LJ-3416,,0.0,0.0,,,,,,,,2008-04-30 00:00:00,,
c8916792-ee6b-4051-9c4e-331984afb135,1.0,1.0,500.0,375.0,1.0,620ba621-4c59-4a94-a9f5-f0bf14b38d42,6.0,"HL Road Frame - Red, 62",FR-R92R-62,Red,868.6342,1431.5,62,e2e52698-ce31-4fb2-866f-bcffbdfd3147,c4797df8-be0b-4d3a-a6c4-0f1765f0a822,2.3,R,H,U,2011-05-31 00:00:00,,
6989b22f-a70c-400c-8d12-a9373dd52279,0.0,0.0,1000.0,750.0,0.0,,,Hex Nut 7,HN-1224,,0.0,0.0,,,,,,,,2008-04-30 00:00:00,,
27ad5f38-9de0-48ec-8831-bc52864576a3,0.0,0.0,1000.0,750.0,0.0,,,Metal Sheet 3,,,0.0,0.0,,,,,,,,2008-04-30 00:00:00,,
feb91df8-03f9-4059-8734-3566059e842a,0.0,0.0,1000.0,750.0,0.0,,,External Lock Washer 8,LE-7160,,,0.0,,,,,,,,2008-04-30 00:00:00,,
fd12c19c-b2de-4bb2-adb4-8acbc889a829,1.0,1.0,500.0,375.0,1.0,4cbd260b-f57a-4ade-a6da-06451fdb4a10,5.0,"HL Mountain Frame - Silver, 44",FR-M94S-44,Silver,706.811,1364.5,44,e2e52698-ce31-4fb2-866f-bcffbdfd3147,c4797df8-be0b-4d3a-a6c4-0f1765f0a822,2.76,M,H,U,2011-05-31 00:00:00,2012-05-29 00:00:00,
9e81ac66-315f-4a81-83d6-ad4307fc4081,0.0,0.0,1000.0,750.0,0.0,,,Metal Plate 1,MP-2503,,0.0,0.0,,,,,,,,2008-04-30 00:00:00,,
57c85314-52eb-447f-9663-79142c57cc1e,0.0,0.0,1000.0,750.0,0.0,,,,,,0.0,0.0,,,,,,,,2008-04-30 00:00:00,,
d9ecc0d8-1409-4921-9ae5-b9f8c6bcafc5,1.0,1.0,500.0,375.0,1.0,620ba621-4c59-4a94-a9f5-f0bf14b38d42,17.0,"ML Road Frame-W - Yellow, 44",FR-R72Y-44,Yellow,,594.83,44,e2e52698-ce31-4fb2-866f-bcffbdfd3147,c4797df8-be0b-4d3a-a6c4-0f1765f0a822,2.3,R,M,W,2012-05-30 00:00:00,,
fb4ea58b-224a-4025-ace2-f18b3c4644ab,0.0,1.0,500.0,375.0,1.0,22a9a4d0-29b8-4bef-815d-fdc670f839f0,102.0,Front Brakes,FB-9873,Silver,,106.5,,,8c4f020f-f9c1-492b-8395-1372b7bda7a7,317.0,,,,2013-05-30 00:00:00,,
e72bed75-62b3-4502-9d35-b3afcb524436,0.0,0.0,1000.0,750.0,0.0,,,Thin-Jam Lock Nut 12,LJ-9080,,0.0,0.0,,,,,,,,2008-04-30 00:00:00,,
a921a632-bb28-433a-84a4-7fb6fd334b8d,0.0,1.0,4.0,3.0,0.0,3efbcaad-1b67-4391-bdcd-505d47385bb2,11.0,"Long-Sleeve Logo Jersey, L",LJ-0192-L,Multi,38.4923,49.99,L,,,,S,,U,2011-05-31 00:00:00,,
79df957c-9fbf-457d-9b88-b96d07a07df6,1.0,1.0,100.0,75.0,4.0,be3c8ce6-c1ec-4835-af3b-e49e199380c5,34.0,,BK-T79Y-50,Yellow,1481.9379,2384.07,50,e2e52698-ce31-4fb2-866f-bcffbdfd3147,c4797df8-be0b-4d3a-a6c4-0f1765f0a822,25.42,T,H,U,2013-05-30 00:00:00,,
62513e26-0315-4c75-8cab-691a431f44d1,1.0,1.0,500.0,375.0,1.0,327e57d0-2de2-4b3f-8eff-cb6b8a273842,55.0,HL Mountain Handlebars,HB-M918,,53.3999,120.27,,,,,M,H,,2012-05-30 00:00:00,,
a3dfcc1d-d9f4-44eb-adab-0e09cd6580f3,0.0,0.0,1000.0,750.0,0.0,,,Internal Lock Washer 6,LI-5160,,0.0,0.0,,,,,,,,2008-04-30 00:00:00,,
da09c85e-d0a0-4c8a-8e54-2f2f2daee328,0.0,0.0,1000.0,750.0,0.0,,,Flat Washer 4,FW-3800,,,0.0,,,,,,,,2008-04-30 00:00:00,,
a3dfcc1d-d9f4-44eb-adab-0e09cd6580f3,0.0,0.0,1000.0,750.0,0.0,,,Internal Lock Washer 6,LI-5160,,0.0,0.0,,,,,,,,2008-04-30 00:00:00,,
3299a016-4be9-4f03-a733-1adf7b83a53a,0.0,0.0,800.0,600.0,0.0,,,,,,,0.0,,,8c4f020f-f9c1-492b-8395-1372b7bda7a7,445.0,,L,,2008-04-30 00:00:00,,
04d07165-c689-4080-82b6-fa53305bd879,1.0,1.0,500.0,375.0,1.0,f9a7e077-33a4-4ef3-b979-beaf4bf163de,49.0,LL Road Front Wheel,FW-R623,Black,37.9909,85.565,,,8c4f020f-f9c1-492b-8395-1372b7bda7a7,900.0,R,L,,2012-05-30 00:00:00,2013-05-29 00:00:00,
67349397-03b8-4353-a133-590d165bc425,0.0,0.0,1000.0,750.0,0.0,,,,SL-0931,,0.0,0.0,,,,,,,,2008-04-30 00:00:00,,
d8f1ff26-6a35-4e95-814b-de35bdd87ce0,0.0,1.0,4.0,3.0,0.0,1b1a5e14-fad4-4f21-b7f6-b5ca596767f0,110.0,Headlights - Weatherproof,LT-H903,,18.5584,44.99,,,,,R,,,2012-05-30 00:00:00,2013-05-29 00:00:00,
8699e78f-9041-4865-a4ac-add3846c9dcd,1.0,1.0,100.0,75.0,4.0,be3c8ce6-c1ec-4835-af3b-e49e199380c5,36.0,,BK-T18U-58,Blue,461.4448,742.35,58,e2e52698-ce31-4fb2-866f-bcffbdfd3147,c4797df8-be0b-4d3a-a6c4-0f1765f0a822,29.9,T,L,U,2013-05-30 00:00:00,,
b443720f-61f8-4c60-aff8-a1a2acccec4e,1.0,1.0,100.0,75.0,4.0,be3c8ce6-c1ec-4835-af3b-e49e199380c5,34.0,"Touring-1000 Blue, 60",BK-T79U-60,Blue,1481.9379,2384.07,60,e2e52698-ce31-4fb2-866f-bcffbdfd3147,c4797df8-be0b-4d3a-a6c4-0f1765f0a822,25.9,T,H,U,2013-05-30 00:00:00,,
a9c90cfa-eab9-4fa8-b570-fc4bde2fc0dd,0.0,1.0,500.0,375.0,0.0,4f0705e2-0929-407d-aebe-7d39f2cd831c,85.0,,TI-M267,,9.3463,24.99,,,,,M,L,,2013-05-30 00:00:00,,
163ece05-613b-4ea6-a177-202ba459d59b,1.0,1.0,500.0,375.0,1.0,620ba621-4c59-4a94-a9f5-f0bf14b38d42,9.0,"LL Road Frame - Red, 48",FR-R38R-48,Red,187.1571,337.22,48,e2e52698-ce31-4fb2-866f-bcffbdfd3147,c4797df8-be0b-4d3a-a6c4-0f1765f0a822,2.36,R,L,U,2011-05-31 00:00:00,2013-05-29 00:00:00,
19da126a-c1c9-40a0-a361-a4a5ed0288a1,0.0,1.0,500.0,375.0,1.0,94ce21f6-249d-468d-a859-a7cac5f87bb0,63.0,ML Mountain Pedal,PD-M340,Silver/Black,27.568,62.09,,,8c4f020f-f9c1-492b-8395-1372b7bda7a7,215.0,M,M,,2013-05-30 00:00:00,,
8699e78f-9041-4865-a4ac-add3846c9dcd,1.0,1.0,100.0,75.0,4.0,be3c8ce6-c1ec-4835-af3b-e49e199380c5,36.0,,BK-T18U-58,Blue,461.4448,742.35,58,e2e52698-ce31-4fb2-866f-bcffbdfd3147,c4797df8-be0b-4d3a-a6c4-0f1765f0a822,29.9,T,L,U,2013-05-30 00:00:00,,
c5de368c-7bad-4f14-809f-e1e095b985a3,1.0,1.0,100.0,75.0,4.0,be3c8ce6-c1ec-4835-af3b-e49e199380c5,34.0,"Touring-1000 Blue, 50",,Blue,1481.9379,2384.07,50,e2e52698-ce31-4fb2-866f-bcffbdfd3147,c4797df8-be0b-4d3a-a6c4-0f1765f0a822,25.42,T,H,U,2013-05-30 00:00:00,,
33af534d-791b-4e79-83ba-8dbead780cca,1.0,1.0,500.0,375.0,1.0,744d9b82-e80b-4c79-99b5-313f7a358c40,10.0,"LL Touring Frame - Yellow, 44",FR-T67Y-44,Yellow,199.8519,333.42,44,e2e52698-ce31-4fb2-866f-bcffbdfd3147,c4797df8-be0b-4d3a-a6c4-0f1765f0a822,3.02,T,L,U,2013-05-30 00:00:00,,
c11b4f87-b152-4106-ab22-8899d60badaa,1.0,1.0,500.0,375.0,1.0,8a2afb4f-58f5-4238-81ee-cea17d307893,101.0,HL Crankset,CS-9183,Black,179.8156,404.99,,,8c4f020f-f9c1-492b-8395-1372b7bda7a7,575.0,,H,,2013-05-30 00:00:00,,
80532d65-66fe-463c-be59-91eb621386a3,0.0,0.0,1000.0,750.0,0.0,,,,,,0.0,0.0,,,,,,,,2008-04-30 00:00:00,,
f97de475-9d9a-4989-9fcd-61cb6ba52ee0,1.0,1.0,500.0,375.0,1.0,4cbd260b-f57a-4ade-a6da-06451fdb4a10,8.0,,FR-M21B-48,Black,136.785,249.79,48,e2e52698-ce31-4fb2-866f-bcffbdfd3147,c4797df8-be0b-4d3a-a6c4-0f1765f0a822,3.0,M,L,U,2013-05-30 00:00:00,,
f1bcdb07-de45-4402-88e8-80bc1589524d,1.0,1.0,500.0,375.0,1.0,4d07ed5f-2f13-4e36-9aa2-f00f7416a320,60.0,ML Headset,HS-2451,,45.4168,102.29,,,,,,M,,2012-05-30 00:00:00,2013-05-29 00:00:00,
81b79a06-36f9-4d7b-967e-29ac4c2d9c83,0.0,1.0,4.0,3.0,0.0,d96c3d1c-0bdd-421c-adac-57886e4c5a47,122.0,All-Purpose Bike Stand,ST-1401,,59.466,159.0,,,,,M,,,2013-05-30 00:00:00,,
87746c06-0bdd-475b-9305-a8eb260c1b92,1.0,1.0,100.0,75.0,4.0,5332b46f-2ec0-453b-8237-c78051d4c7bf,22.0,"Mountain-400-W Silver, 40",BK-M38S-40,Silver,,769.49,40,e2e52698-ce31-4fb2-866f-bcffbdfd3147,c4797df8-be0b-4d3a-a6c4-0f1765f0a822,26.77,M,M,W,2013-05-30 00:00:00,,
fc7fd6b3-72c5-435a-9c2a-7905fe92f759,0.0,0.0,800.0,600.0,0.0,,,LL Mountain Rim,RM-M464,,0.0,0.0,,,8c4f020f-f9c1-492b-8395-1372b7bda7a7,435.0,,L,,2008-04-30 00:00:00,,
b13fdf5e-4703-4668-a398-cdd8e4a7d563,1.0,0.0,800.0,600.0,1.0,,,,HT-2981,,0.0,0.0,,,,,,,,2008-04-30 00:00:00,,
17aed350-e4c1-43cc-b006-9d05cdf582c8,1.0,1.0,500.0,375.0,1.0,f9a7e077-33a4-4ef3-b979-beaf4bf163de,125.0,HL Mountain Rear Wheel,RW-M928,Black,145.2835,327.215,,,,,M,H,,2012-05-30 00:00:00,2013-05-29 00:00:00,
508b7487-b39a-4283-be24-705e03b03a99,1.0,1.0,500.0,375.0,1.0,744d9b82-e80b-4c79-99b5-313f7a358c40,7.0,"HL Touring Frame - Yellow, 50",FR-T98Y-50,Yellow,601.7437,1003.91,50,e2e52698-ce31-4fb2-866f-bcffbdfd3147,c4797df8-be0b-4d3a-a6c4-0f1765f0a822,3.0,T,H,U,2013-05-30 00:00:00,,
a3dfcc1d-d9f4-44eb-adab-0e09cd6580f3,0.0,0.0,1000.0,750.0,0.0,,,Internal Lock Washer 6,LI-5160,,0.0,0.0,,,,,,,,2008-04-30 00:00:00,,
b1509376-0bbf-4213-a1dd-a64df87467f5,0.0,0.0,1000.0,750.0,0.0,,,Hex Nut 1,HN-4402,,,0.0,,,,,,,,2008-04-30 00:00:00,,
d99f35f2-7400-4615-b82b-19fd9027b95b,0.0,0.0,1000.0,750.0,0.0,,,Lock Nut 8,LN-1420,,,0.0,,,,,,,,2008-04-30 00:00:00,,
a9c5cc91-e72a-4eb0-9672-40c621bcdaaa,1.0,1.0,500.0,375.0,1.0,d1d7c22b-3508-4c1c-ae1a-1002f0bddc10,104.0,,FK-1639,,,148.22,,,,,,L,,2012-05-30 00:00:00,2013-05-29 00:00:00,
80532d65-66fe-463c-be59-91eb621386a3,0.0,0.0,1000.0,750.0,0.0,,,,,,0.0,0.0,,,,,,,,2008-04-30 00:00:00,,
c5de368c-7bad-4f14-809f-e1e095b985a3,1.0,1.0,100.0,75.0,4.0,be3c8ce6-c1ec-4835-af3b-e49e199380c5,34.0,"Touring-1000 Blue, 50",,Blue,1481.9379,2384.07,50,e2e52698-ce31-4fb2-866f-bcffbdfd3147,c4797df8-be0b-4d3a-a6c4-0f1765f0a822,25.42,T,H,U,2013-05-30 00:00:00,,
38a02bfc-3008-4ed9-ab77-b97c2899cf58,1.0,1.0,500.0,375.0,1.0,f9a7e077-33a4-4ef3-b979-beaf4bf163de,123.0,LL Mountain Rear Wheel,RW-M423,Black,38.9588,87.745,,,,,M,L,,2012-05-30 00:00:00,2013-05-29 00:00:00,
001a3a89-15cc-435e-89e5-0c844f44f595,0.0,1.0,4.0,3.0,0.0,3b4b1256-11d2-4713-860c-1e70bbc27950,38.0,,TG-W091-L,Black,30.9334,74.99,L,,,,S,,W,2012-05-30 00:00:00,2013-05-29 00:00:00,
46e1c973-49d5-47fa-a9d0-f0eca1798184,1.0,1.0,100.0,75.0,4.0,5332b46f-2ec0-453b-8237-c78051d4c7bf,21.0,"Mountain-300 Black, 48",BK-M47B-48,Black,598.4354,1079.99,48,e2e52698-ce31-4fb2-866f-bcffbdfd3147,c4797df8-be0b-4d3a-a6c4-0f1765f0a822,26.42,M,M,U,2012-05-30 00:00:00,2013-05-29 00:00:00,
8190316d-f1d9-468c-92ff-a09cc72cd1ce,0.0,0.0,1000.0,750.0,0.0,,,Bearing Ball,BA-8327,,0.0,0.0,,,,,,,,2008-04-30 00:00:00,,
7614c1d6-4518-4d23-b199-3b172d3db8dc,1.0,1.0,100.0,75.0,4.0,be3c8ce6-c1ec-4835-af3b-e49e199380c5,36.0,"Touring-3000 Yellow, 54",BK-T18Y-54,Yellow,461.4448,742.35,54,e2e52698-ce31-4fb2-866f-bcffbdfd3147,c4797df8-be0b-4d3a-a6c4-0f1765f0a822,29.42,T,L,U,2013-05-30 00:00:00,,
88aeec06-611c-4063-bbc6-4f75cd0ac4a9,0.0,0.0,1000.0,750.0,0.0,,,,LI-1200,,,0.0,,,,,,,,2008-04-30 00:00:00,,
a8fcee30-f73d-42fb-a1bb-95d5e9e66a86,1.0,1.0,100.0,75.0,4.0,5332b46f-2ec0-453b-8237-c78051d4c7bf,19.0,"Mountain-100 Silver, 42",BK-M82S-42,Silver,1912.1544,3399.99,42,e2e52698-ce31-4fb2-866f-bcffbdfd3147,c4797df8-be0b-4d3a-a6c4-0f1765f0a822,20.77,M,H,U,2011-05-31 00:00:00,2012-05-29 00:00:00,
e495425f-b7c7-4263-b749-cd8127c02e04,0.0,0.0,1000.0,750.0,0.0,,,Lock Nut 13,LN-3824,,0.0,0.0,,,,,,,,2008-04-30 00:00:00,,
904728b7-56de-4fcd-a380-a8d865511d30,0.0,0.0,800.0,600.0,0.0,,,Tension Pulley,TP-0923,,0.0,0.0,,,,,,,,2008-04-30 00:00:00,,
1bb0beb1-9648-4bb3-9217-d41d4c5dfa2e,1.0,1.0,100.0,75.0,4.0,5fb7ef8d-7610-4230-ae2a-09846fd56ada,26.0,"Road-250 Red, 58",BK-R89R-58,Red,1554.9479,2443.35,58,e2e52698-ce31-4fb2-866f-bcffbdfd3147,c4797df8-be0b-4d3a-a6c4-0f1765f0a822,15.79,R,H,U,2012-05-30 00:00:00,,
cb4815d6-8f8a-4458-a036-3133b705ac86,0.0,0.0,800.0,600.0,0.0,,,HL Grip Tape,GT-2908,,0.0,0.0,,,,,,,,2008-04-30 00:00:00,,
3fbd1975-e50c-4629-8d59-600d233bb21c,0.0,0.0,60.0,45.0,0.0,,,Paint - Black,PA-187B,,0.0,0.0,,,,,,,,2008-04-30 00:00:00,,
ff814bac-d3da-4f66-b911-96ae92edb41a,0.0,1.0,4.0,3.0,0.0,06587d62-51ef-4312-acb1-2a2ada6e262c,119.0,Bike Wash - Dissolver,CL-9009,,2.9733,7.95,,,,,S,,,2013-05-30 00:00:00,,
af86810f-57d6-4865-9ad8-13c9741e0a36,0.0,0.0,1000.0,750.0,0.0,,,External Lock Washer 3,LE-1000,,0.0,0.0,,,,,,,,2008-04-30 00:00:00,,
fa3e7f7d-a0e9-4677-94e7-8eb856bb8114,0.0,0.0,1000.0,750.0,0.0,,,Lock Washer 13,LW-3400,,0.0,0.0,,,,,,,,2008-04-30 00:00:00,,
3299a016-4be9-4f03-a733-1adf7b83a53a,0.0,0.0,800.0,600.0,0.0,,,,,,,0.0,,,8c4f020f-f9c1-492b-8395-1372b7bda7a7,445.0,,L,,2008-04-30 00:00:00,,
06a767cc-48e8-4f48-8bad-9a59e47cbcca,1.0,0.0,500.0,375.0,1.0,,,,HU-6280,,0.0,0.0,,,,,,L,,2008-04-30 00:00:00,,
a79b8658-02f3-4379-9fb2-a04210a0c11e,0.0,0.0,1000.0,750.0,0.0,,,Lock Nut 16,LN-1213,,0.0,0.0,,,,,,,,2008-04-30 00:00:00,,
9b301798-2fc9-41d5-9c25-330322d2a39b,1.0,1.0,500.0,375.0,1.0,744d9b82-e80b-4c79-99b5-313f7a358c40,7.0,"HL Touring Frame - Yellow, 54",,Yellow,,1003.91,54,e2e52698-ce31-4fb2-866f-bcffbdfd3147,c4797df8-be0b-4d3a-a6c4-0f1765f0a822,3.04,T,H,U,2013-05-30 00:00:00,,
0edea174-1f18-498c-bbfa-d6333d3d2ef0,0.0,0.0,800.0,600.0,0.0,,,,FC-3982,Silver,0.0,0.0,,,,,,,,2008-04-30 00:00:00,,
34b4d246-7da9-4536-b79f-a137ed8a757e,1.0,1.0,100.0,75.0,4.0,5fb7ef8d-7610-4230-ae2a-09846fd56ada,29.0,,BK-R64Y-40,Yellow,713.0798,1120.49,40,e2e52698-ce31-4fb2-866f-bcffbdfd3147,c4797df8-be0b-4d3a-a6c4-0f1765f0a822,17.77,R,M,W,2012-05-30 00:00:00,,
c77f3db3-d1c5-4142-b186-6097848578ec,0.0,0.0,1000.0,750.0,0.0,,,Lock Nut 1,LN-4400,,0.0,0.0,,,,,,,,2008-04-30 00:00:00,,
e6f3e1fb-8250-487d-b38c-df7d6a3cdbeb,1.0,1.0,500.0,375.0,1.0,4cbd260b-f57a-4ade-a6da-06451fdb4a10,8.0,"LL Mountain Frame - Silver, 42",,Silver,144.5938,264.05,42,e2e52698-ce31-4fb2-866f-bcffbdfd3147,c4797df8-be0b-4d3a-a6c4-0f1765f0a822,2.92,M,L,U,2013-05-30 00:00:00,,
5cc7e238-d911-4e43-a3af-4718b9f11b80,1.0,0.0,800.0,600.0,1.0,,,,,,0.0,0.0,,,,,,,,2008-04-30 00:00:00,,
8f6aefeb-fbde-4c73-b3da-754fe09f5e8e,1.0,1.0,500.0,375.0,1.0,4cbd260b-f57a-4ade-a6da-06451fdb4a10,5.0,"HL Mountain Frame - Black, 46",FR-M94B-46,Black,739.041,1349.6,46,e2e52698-ce31-4fb2-866f-bcffbdfd3147,c4797df8-be0b-4d3a-a6c4-0f1765f0a822,2.84,M,H,U,2011-05-31 00:00:00,,
9d7e34ff-9daf-4d53-a2e2-c4433ddbc8ac,0.0,1.0,4.0,3.0,0.0,8dbb2e5c-444a-4667-bb42-155bef10b7da,118.0,Hitch Rack - 4-Bike,RA-H123,,44.88,120.0,,,,,S,,,2013-05-30 00:00:00,,
7b182661-560d-4c99-8d9b-e7f9b8dea315,1.0,1.0,500.0,375.0,1.0,744d9b82-e80b-4c79-99b5-313f7a358c40,10.0,"LL Touring Frame - Blue, 50",FR-T67U-50,Blue,199.8519,333.42,50,e2e52698-ce31-4fb2-866f-bcffbdfd3147,c4797df8-be0b-4d3a-a6c4-0f1765f0a822,3.1,T,L,U,2013-05-30 00:00:00,,
0ca845f4-8a26-489d-8001-c14693941ed0,1.0,1.0,100.0,75.0,4.0,be3c8ce6-c1ec-4835-af3b-e49e199380c5,35.0,"Touring-2000 Blue, 54",BK-T44U-54,Blue,755.1508,1214.85,54,e2e52698-ce31-4fb2-866f-bcffbdfd3147,c4797df8-be0b-4d3a-a6c4-0f1765f0a822,27.68,T,M,U,2013-05-30 00:00:00,,
b27b45bf-aa14-4901-82d9-ed7e88fe41a8,1.0,0.0,500.0,375.0,1.0,,,,SM-9087,,0.0,0.0,,,,,,,,2008-04-30 00:00:00,,
e986d452-9a86-4cdf-8840-12cee23929ca,1.0,0.0,500.0,375.0,1.0,,,,SA-R522,,,196.92,,,,,,,,2008-04-30 00:00:00,,
f0a0c34c-53ad-4d50-b59e-2dde7b71cb55,0.0,1.0,4.0,3.0,0.0,8a86dacf-77fd-49ba-b19a-4f8786d90b15,37.0,"Women's Mountain Shorts, S",SH-W890-S,Black,26.1763,69.99,S,,,,M,,W,2013-05-30 00:00:00,,
a2a84a97-b4e0-4439-b4f1-2055e23cc392,0.0,0.0,1000.0,750.0,0.0,,,Metal Sheet 6,MS-2348,,0.0,0.0,,,,,,,,2008-04-30 00:00:00,,
c84045e4-75b2-4fcd-8207-f60d47a70ff4,0.0,0.0,1000.0,750.0,0.0,,,External Lock Washer 6,,,0.0,0.0,,,,,,,,2008-04-30 00:00:00,,
403add96-5ffc-4c2f-888f-0358e9bd36f0,1.0,1.0,500.0,375.0,1.0,620ba621-4c59-4a94-a9f5-f0bf14b38d42,9.0,,,Black,204.6251,337.22,62,e2e52698-ce31-4fb2-866f-bcffbdfd3147,c4797df8-be0b-4d3a-a6c4-0f1765f0a822,2.5,R,L,U,2011-05-31 00:00:00,,
f6fa73a9-4c3c-4242-8c6e-18d82f02fcf9,0.0,1.0,4.0,3.0,0.0,8a86dacf-77fd-49ba-b19a-4f8786d90b15,13.0,"Men's Sports Shorts, S",SH-M897-S,Black,24.7459,59.99,S,,,,S,,M,2012-05-30 00:00:00,2013-05-29 00:00:00,
fa3b3c40-ecaf-45e9-a084-1c717ee305a6,1.0,1.0,100.0,75.0,4.0,5332b46f-2ec0-453b-8237-c78051d4c7bf,23.0,,BK-M18S-48,Silver,308.2179,564.99,48,e2e52698-ce31-4fb2-866f-bcffbdfd3147,c4797df8-be0b-4d3a-a6c4-0f1765f0a822,28.42,M,L,U,2013-05-30 00:00:00,,
4d2972aa-a2ea-4768-b0a1-251088670ac4,1.0,1.0,500.0,375.0,1.0,620ba621-4c59-4a94-a9f5-f0bf14b38d42,17.0,,FR-R72Y-42,Yellow,360.9428,594.83,42,e2e52698-ce31-4fb2-866f-bcffbdfd3147,c4797df8-be0b-4d3a-a6c4-0f1765f0a822,2.26,R,M,W,2012-05-30 00:00:00,,
2747a318-27a0-4173-9057-c28696e04595,0.0,0.0,1000.0,750.0,0.0,,,Thin-Jam Hex Nut 6,HJ-3824,,0.0,0.0,,,,,,,,2008-04-30 00:00:00,,
76b26206-b478-4525-9ac7-ad960ec65410,0.0,0.0,1000.0,750.0,0.0,,,,LJ-5818,,0.0,0.0,,,,,,,,2008-04-30 00:00:00,,
7ceb85ec-83bf-4ec2-b8dd-830e037aaab7,1.0,1.0,500.0,375.0,1.0,620ba621-4c59-4a94-a9f5-f0bf14b38d42,9.0,"LL Road Frame - Red, 58",FR-R38R-58,Red,187.1571,337.22,58,e2e52698-ce31-4fb2-866f-bcffbdfd3147,c4797df8-be0b-4d3a-a6c4-0f1765f0a822,2.46,R,L,U,2011-05-31 00:00:00,2013-05-29 00:00:00,
9d7e34ff-9daf-4d53-a2e2-c4433ddbc8ac,0.0,1.0,4.0,3.0,0.0,8dbb2e5c-444a-4667-bb42-155bef10b7da,118.0,Hitch Rack - 4-Bike,RA-H123,,44.88,120.0,,,,,S,,,2013-05-30 00:00:00,,
0e912602-550e-441c-afe4-7ff468f5c618,1.0,1.0,100.0,75.0,4.0,5332b46f-2ec0-453b-8237-c78051d4c7bf,19.0,"Mountain-100 Black, 42",BK-M82B-42,Black,1898.0944,3374.99,42,e2e52698-ce31-4fb2-866f-bcffbdfd3147,c4797df8-be0b-4d3a-a6c4-0f1765f0a822,20.77,M,H,U,2011-05-31 00:00:00,2012-05-29 00:00:00,
8bc8be76-d86c-46ab-b9ee-771121c40d23,1.0,1.0,500.0,375.0,1.0,744d9b82-e80b-4c79-99b5-313f7a358c40,7.0,"HL Touring Frame - Blue, 46",FR-T98U-46,Blue,601.7437,1003.91,46,e2e52698-ce31-4fb2-866f-bcffbdfd3147,c4797df8-be0b-4d3a-a6c4-0f1765f0a822,2.96,T,H,U,2013-05-30 00:00:00,,
ff08f2ba-e380-431f-b849-cbf99d36c7e1,0.0,0.0,1000.0,750.0,0.0,,,Lock Nut 7,LN-1224,,0.0,0.0,,,,,,,,2008-04-30 00:00:00,,
97835f6a-ac01-4e7b-b2ef-38a6690fa7ac,0.0,0.0,800.0,600.0,0.0,,,HL Shell,SH-9312,,0.0,0.0,,,,,,,,2008-04-30 00:00:00,,
86b151b1-0502-4068-b4b1-53e00cb7821a,0.0,1.0,500.0,375.0,0.0,4f0705e2-0929-407d-aebe-7d39f2cd831c,86.0,ML Mountain Tire,TI-M602,,11.2163,29.99,,,,,M,M,,2013-05-30 00:00:00,,
c29770e4-ee45-4307-a756-04c1a8780c9b,0.0,1.0,500.0,375.0,0.0,4f0705e2-0929-407d-aebe-7d39f2cd831c,88.0,,TI-R092,,8.0373,21.49,,,,,R,L,,2013-05-30 00:00:00,,
4fd0321d-ee23-42e9-a83a-5e00b9cfd4a7,1.0,1.0,500.0,375.0,1.0,57591aab-ca01-4a76-9c74-e7a806b42ba5,97.0,,BB-9108,,53.9416,121.49,,,8c4f020f-f9c1-492b-8395-1372b7bda7a7,170.0,,H,,2013-05-30 00:00:00,,
aeb55b28-a8a4-43dc-8611-924b99cd17a1,0.0,0.0,1000.0,750.0,0.0,,,,FW-1000,,0.0,0.0,,,,,,,,2008-04-30 00:00:00,,
ef16d82b-ab7a-4958-b49a-3c58e40d5be7,0.0,0.0,1000.0,750.0,0.0,,,,LN-5400,,0.0,0.0,,,,,,,,2008-04-30 00:00:00,,
c0429100-f92a-42a4-afa5-b652cee57249,0.0,1.0,500.0,375.0,0.0,4f0705e2-0929-407d-aebe-7d39f2cd831c,93.0,Road Tire Tube,TT-R982,,1.4923,3.99,,,,,R,,,2013-05-30 00:00:00,,
2c3a341b-c843-41cf-93a5-b5815f1f145c,0.0,0.0,1000.0,750.0,0.0,,,External Lock Washer 2,,,0.0,0.0,,,,,,,,2008-04-30 00:00:00,,
02274781-0b9e-48fd-bce3-8e295a41909b,0.0,1.0,4.0,3.0,0.0,4b542712-fc19-4ccd-801f-72a920434d4b,117.0,Mountain Pump,PU-M044,,10.3084,24.99,,,,,M,,,2012-05-30 00:00:00,2013-05-29 00:00:00,
ef16d82b-ab7a-4958-b49a-3c58e40d5be7,0.0,0.0,1000.0,750.0,0.0,,,,LN-5400,,0.0,0.0,,,,,,,,2008-04-30 00:00:00,,
0f1a6aa9-5ad6-426c-97df-f96c40431197,1.0,1.0,100.0,75.0,4.0,5fb7ef8d-7610-4230-ae2a-09846fd56ada,28.0,"Road-450 Red, 52",BK-R68R-52,Red,884.7083,1457.99,52,e2e52698-ce31-4fb2-866f-bcffbdfd3147,c4797df8-be0b-4d3a-a6c4-0f1765f0a822,17.42,R,M,U,2011-05-31 00:00:00,2012-05-29 00:00:00,
e3e83014-cb04-4440-81da-913ff496eaf2,0.0,0.0,1000.0,750.0,0.0,,,Lock Washer 4,,,0.0,0.0,,,,,,,,2008-04-30 00:00:00,,
757cf93f-2c12-4c78-89a9-a813c7ddcddb,0.0,0.0,1000.0,750.0,0.0,,,Metal Sheet 1,MS-6061,,0.0,0.0,,,,,,,,2008-04-30 00:00:00,,
cbbb6323-78c0-4da6-b6a0-7bec552e61f5,1.0,0.0,500.0,375.0,1.0,,,,SA-R127,,98.77,133.34,,,,,,L,,2008-04-30 00:00:00,,
84a1608e-2d4f-45b1-b28d-fdf1053f4f38,0.0,1.0,4.0,3.0,0.0,a134278c-2ff4-4711-99c7-28a97ee1299c,3.0,"Full-Finger Gloves, S",GL-F110-S,Black,15.6709,37.99,S,,,,M,,U,2012-05-30 00:00:00,2013-05-29 00:00:00,
3ce6f204-2e37-4d65-a9f9-cf537e3db80a,0.0,0.0,1000.0,750.0,0.0,,,,HN-5811,,,0.0,,,,,,,,2008-04-30 00:00:00,,
807e22a2-d57d-4bf7-8424-4a25795aa55a,0.0,0.0,1000.0,750.0,0.0,,,Thin-Jam Lock Nut 6,LJ-3824,,0.0,0.0,,,,,,,,2008-04-30 00:00:00,,
7a834851-088a-478f-a8a6-099c64e3323f,1.0,1.0,500.0,375.0,1.0,4cbd260b-f57a-4ade-a6da-06451fdb4a10,5.0,,FR-M94S-42,Silver,747.2002,1364.5,42,e2e52698-ce31-4fb2-866f-bcffbdfd3147,c4797df8-be0b-4d3a-a6c4-0f1765f0a822,2.72,M,H,U,2011-05-31 00:00:00,,
d1dacc4f-d2bd-471d-b79c-93fa7af9afc2,1.0,1.0,100.0,75.0,4.0,5332b46f-2ec0-453b-8237-c78051d4c7bf,22.0,"Mountain-400-W Silver, 46",BK-M38S-46,Silver,419.7784,769.49,46,e2e52698-ce31-4fb2-866f-bcffbdfd3147,c4797df8-be0b-4d3a-a6c4-0f1765f0a822,27.42,M,M,W,2013-05-30 00:00:00,,
80532d65-66fe-463c-be59-91eb621386a3,0.0,0.0,1000.0,750.0,0.0,,,,,,0.0,0.0,,,,,,,,2008-04-30 00:00:00,,
c5de368c-7bad-4f14-809f-e1e095b985a3,1.0,1.0,100.0,75.0,4.0,be3c8ce6-c1ec-4835-af3b-e49e199380c5,34.0,"Touring-1000 Blue, 50",,Blue,1481.9379,2384.07,50,e2e52698-ce31-4fb2-866f-bcffbdfd3147,c4797df8-be0b-4d3a-a6c4-0f1765f0a822,25.42,T,H,U,2013-05-30 00:00:00,,
6e3cd6eb-cb7f-4c4c-9a1e-f74eafdfcb24,0.0,0.0,1000.0,750.0,0.0,,,Lock Nut 10,LN-5161,,,0.0,,,,,,,,2008-04-30 00:00:00,,
fe7a6a2b-d6a6-48e7-869b-91acf497fe83,0.0,1.0,500.0,375.0,0.0,4f0705e2-0929-407d-aebe-7d39f2cd831c,90.0,,TI-R982,,,32.6,,,,,R,H,,2013-05-30 00:00:00,,
02535970-6b68-4319-ad2f-83dc48ad8f86,0.0,0.0,1000.0,750.0,0.0,,,Flat Washer 7,FW-9160,,0.0,0.0,,,,,,,,2008-04-30 00:00:00,,
4660c97a-14a1-4d78-86f4-550d18f8b081,1.0,0.0,800.0,600.0,1.0,,,,SS-2985,,0.0,0.0,,,,,,,,2008-04-30 00:00:00,,
d3e56fb5-4e11-4764-831b-d40106de412a,1.0,0.0,800.0,600.0,1.0,,,,HT-8019,,,0.0,,,,,,,,2008-04-30 00:00:00,,
7b1a5fc2-ea27-41e4-b8fe-c6ee3fc29fce,1.0,0.0,800.0,600.0,1.0,,,Down Tube,DT-2377,,0.0,0.0,,,,,,,,2008-04-30 00:00:00,,
00d697bd-e064-4e0a-8486-c04f6a4377c3,1.0,1.0,500.0,375.0,1.0,744d9b82-e80b-4c79-99b5-313f7a358c40,10.0,"LL Touring Frame - Blue, 54",FR-T67U-54,Blue,199.8519,333.42,54,e2e52698-ce31-4fb2-866f-bcffbdfd3147,c4797df8-be0b-4d3a-a6c4-0f1765f0a822,3.14,T,L,U,2013-05-30 00:00:00,,
ce228b4f-bea6-4815-9ec4-3bcc9fea2dd6,1.0,1.0,500.0,375.0,2.0,4cbd260b-f57a-4ade-a6da-06451fdb4a10,15.0,,,Black,185.8193,348.76,38,e2e52698-ce31-4fb2-866f-bcffbdfd3147,c4797df8-be0b-4d3a-a6c4-0f1765f0a822,2.73,M,M,U,2012-05-30 00:00:00,2013-05-29 00:00:00,
3ad15b3d-cc87-4b69-8992-f59b3da75a2b,1.0,1.0,500.0,375.0,1.0,620ba621-4c59-4a94-a9f5-f0bf14b38d42,16.0,,FR-R72R-48,Red,,594.83,48,e2e52698-ce31-4fb2-866f-bcffbdfd3147,c4797df8-be0b-4d3a-a6c4-0f1765f0a822,2.26,R,M,U,2011-05-31 00:00:00,2012-05-29 00:00:00,
385c0c8b-0f84-4bf1-8c09-1e42aaa00195,1.0,0.0,500.0,375.0,1.0,,,LL Touring Seat Assembly,SA-T467,,98.77,133.34,,,,,,L,,2008-04-30 00:00:00,,
3ad15b3d-cc87-4b69-8992-f59b3da75a2b,1.0,1.0,500.0,375.0,1.0,620ba621-4c59-4a94-a9f5-f0bf14b38d42,16.0,,FR-R72R-48,Red,,594.83,48,e2e52698-ce31-4fb2-866f-bcffbdfd3147,c4797df8-be0b-4d3a-a6c4-0f1765f0a822,2.26,R,M,U,2011-05-31 00:00:00,2012-05-29 00:00:00,
c84045e4-75b2-4fcd-8207-f60d47a70ff4,0.0,0.0,1000.0,750.0,0.0,,,External Lock Washer 6,,,0.0,0.0,,,,,,,,2008-04-30 00:00:00,,
55eba9c8-6e05-438a-91b9-56126125c81e,0.0,1.0,500.0,375.0,1.0,94ce21f6-249d-468d-a859-a7cac5f87bb0,53.0,Touring Pedal,PD-T852,Silver/Black,35.9596,80.99,,,,,T,,,2013-05-30 00:00:00,,
a69f9c1e-45dd-47ff-aab1-861f2983b001,0.0,0.0,1000.0,750.0,0.0,,,Lock Washer 11,LW-9160,,0.0,0.0,,,,,,,,2008-04-30 00:00:00,,
86a9a178-eace-41d9-9b4e-2dfe6a7f3be8,1.0,1.0,500.0,375.0,1.0,620ba621-4c59-4a94-a9f5-f0bf14b38d42,6.0,"HL Road Frame - Black, 48",FR-R92B-48,Black,,1431.5,48,e2e52698-ce31-4fb2-866f-bcffbdfd3147,c4797df8-be0b-4d3a-a6c4-0f1765f0a822,2.16,R,H,U,2012-05-30 00:00:00,,
bc0d218d-97df-4a8b-a076-1252aa7c31c2,1.0,1.0,100.0,75.0,4.0,5fb7ef8d-7610-4230-ae2a-09846fd56ada,30.0,,BK-R50R-62,Red,486.7066,782.99,62,e2e52698-ce31-4fb2-866f-bcffbdfd3147,c4797df8-be0b-4d3a-a6c4-0f1765f0a822,20.0,R,L,U,2011-05-31 00:00:00,2013-05-29 00:00:00,
d9ecc0d8-1409-4921-9ae5-b9f8c6bcafc5,1.0,1.0,500.0,375.0,1.0,620ba621-4c59-4a94-a9f5-f0bf14b38d42,17.0,"ML Road Frame-W - Yellow, 44",FR-R72Y-44,Yellow,,594.83,44,e2e52698-ce31-4fb2-866f-bcffbdfd3147,c4797df8-be0b-4d3a-a6c4-0f1765f0a822,2.3,R,M,W,2012-05-30 00:00:00,,
bdedb334-e600-428b-94b5-05d7e5bb2fed,0.0,1.0,500.0,375.0,1.0,717ba7e9-56bc-45ac-89bb-fb64c4016809,83.0,ML Road Seat/Saddle,SE-R908,,17.3782,39.14,,,,,T,M,,2013-05-30 00:00:00,,
cfa1bcf6-7ce3-4b47-87d2-1f2ee293af2a,1.0,0.0,500.0,375.0,1.0,,,HL Touring Seat Assembly,SA-T872,,145.87,196.92,,,,,,,,2008-04-30 00:00:00,,
0fcd0d2f-4f37-40ed-9d9e-c915482f002b,0.0,1.0,4.0,3.0,0.0,b5b4ee0a-77db-40b5-8539-1eb457fbe4ab,1.0,"Classic Vest, S",VE-C304-S,Blue,23.749,63.5,S,,,,S,,U,2013-05-30 00:00:00,,
aa35d45b-d440-4ff6-9dc9-0c14277b1925,0.0,1.0,500.0,375.0,0.0,4f0705e2-0929-407d-aebe-7d39f2cd831c,89.0,ML Road Tire,TI-R628,,,24.99,,,,,R,M,,2013-05-30 00:00:00,,
032eeb77-32d2-4ade-a122-fd5873189326,1.0,1.0,100.0,75.0,4.0,5332b46f-2ec0-453b-8237-c78051d4c7bf,21.0,"Mountain-300 Black, 38",,Black,598.4354,1079.99,38,e2e52698-ce31-4fb2-866f-bcffbdfd3147,c4797df8-be0b-4d3a-a6c4-0f1765f0a822,25.35,M,M,U,2012-05-30 00:00:00,2013-05-29 00:00:00,
55020934-c655-459f-8df3-ebec91a89b0f,0.0,0.0,800.0,600.0,0.0,,,,GT-1209,,0.0,0.0,,,,,,M,,2008-04-30 00:00:00,,
8b5558dd-ce29-4a49-937e-bbeca4cd3614,0.0,0.0,1000.0,750.0,0.0,,,Flat Washer 6,FW-1200,,0.0,0.0,,,,,,,,2008-04-30 00:00:00,,
12338db8-3bf4-43ea-bd84-3aee94c8e793,0.0,0.0,1000.0,750.0,0.0,,,Lock Nut 17,LN-1220,,,0.0,,,,,,,,2008-04-30 00:00:00,,
89ae7584-90db-4225-bae1-e41983a9e99f,1.0,1.0,100.0,75.0,4.0,5fb7ef8d-7610-4230-ae2a-09846fd56ada,28.0,"Road-450 Red, 58",BK-R68R-58,Red,884.7083,1457.99,58,e2e52698-ce31-4fb2-866f-bcffbdfd3147,c4797df8-be0b-4d3a-a6c4-0f1765f0a822,17.79,R,M,U,2011-05-31 00:00:00,2012-05-29 00:00:00,
a80648ee-8bba-4ba0-a3e7-37ec038f8c31,0.0,1.0,500.0,375.0,1.0,717ba7e9-56bc-45ac-89bb-fb64c4016809,81.0,HL Mountain Seat/Saddle,SE-M940,,23.3722,52.64,,,,,M,H,,2013-05-30 00:00:00,,
0bcdf26e-83fc-4c51-956d-5fa4333ef1cf,1.0,1.0,100.0,75.0,4.0,be3c8ce6-c1ec-4835-af3b-e49e199380c5,34.0,"Touring-1000 Blue, 46",BK-T79U-46,Blue,1481.9379,2384.07,46,e2e52698-ce31-4fb2-866f-bcffbdfd3147,c4797df8-be0b-4d3a-a6c4-0f1765f0a822,25.13,T,H,U,2013-05-30 00:00:00,,
012d57c3-51c7-4fff-bce0-3f9c4079ea8b,0.0,0.0,1000.0,750.0,0.0,,,Metal Sheet 7,MS-1981,,0.0,0.0,,,,,,,,2008-04-30 00:00:00,,
a6e0075f-2c38-46f9-97f9-72529e3ff31d,0.0,0.0,500.0,375.0,0.0,,,HL Spindle/Axle,SD-9872,,0.0,0.0,,,,,,,,2008-04-30 00:00:00,,
8b5558dd-ce29-4a49-937e-bbeca4cd3614,0.0,0.0,1000.0,750.0,0.0,,,Flat Washer 6,FW-1200,,0.0,0.0,,,,,,,,2008-04-30 00:00:00,,
00d697bd-e064-4e0a-8486-c04f6a4377c3,1.0,1.0,500.0,375.0,1.0,744d9b82-e80b-4c79-99b5-313f7a358c40,10.0,"LL Touring Frame - Blue, 54",FR-T67U-54,Blue,199.8519,333.42,54,e2e52698-ce31-4fb2-866f-bcffbdfd3147,c4797df8-be0b-4d3a-a6c4-0f1765f0a822,3.14,T,L,U,2013-05-30 00:00:00,,
6cff086b-0f17-4fda-a304-7479e5f57f4b,1.0,1.0,100.0,75.0,4.0,be3c8ce6-c1ec-4835-af3b-e49e199380c5,36.0,"Touring-3000 Yellow, 44",BK-T18Y-44,Yellow,461.4448,742.35,44,e2e52698-ce31-4fb2-866f-bcffbdfd3147,c4797df8-be0b-4d3a-a6c4-0f1765f0a822,28.77,T,L,U,2013-05-30 00:00:00,,
b27b45bf-aa14-4901-82d9-ed7e88fe41a8,1.0,0.0,500.0,375.0,1.0,,,,SM-9087,,0.0,0.0,,,,,,,,2008-04-30 00:00:00,,
7209d315-8f67-4f37-aa8a-6aac2a682391,1.0,1.0,500.0,375.0,1.0,620ba621-4c59-4a94-a9f5-f0bf14b38d42,9.0,"LL Road Frame - Red, 60",FR-R38R-60,Red,187.1571,337.22,60,e2e52698-ce31-4fb2-866f-bcffbdfd3147,c4797df8-be0b-4d3a-a6c4-0f1765f0a822,2.48,R,L,U,2011-05-31 00:00:00,2013-05-29 00:00:00,
bf846b9f-642f-40e6-8cb1-8c2b4aa09a22,0.0,1.0,4.0,3.0,0.0,1b1a5e14-fad4-4f21-b7f6-b5ca596767f0,108.0,Taillights - Battery-Powered,LT-T990,,5.7709,13.99,,,,,R,,,2012-05-30 00:00:00,2013-05-29 00:00:00,
4d3ef241-c1b4-4d65-8d6c-3a5e16e6315e,1.0,1.0,500.0,375.0,1.0,4cbd260b-f57a-4ade-a6da-06451fdb4a10,15.0,"ML Mountain Frame-W - Silver, 42",FR-M63S-42,Silver,199.3757,364.09,42,e2e52698-ce31-4fb2-866f-bcffbdfd3147,c4797df8-be0b-4d3a-a6c4-0f1765f0a822,2.81,M,M,W,2013-05-30 00:00:00,,
e1847b93-910e-4369-9e54-437a6387bc71,0.0,0.0,1000.0,750.0,0.0,,,Adjustable Race,AR-5381,,0.0,0.0,,,,,,,,2008-04-30 00:00:00,,
148b277a-3e0b-4660-afe9-46279d01951a,1.0,1.0,500.0,375.0,1.0,744d9b82-e80b-4c79-99b5-313f7a358c40,7.0,"HL Touring Frame - Blue, 50",FR-T98U-50,Blue,601.7437,1003.91,50,e2e52698-ce31-4fb2-866f-bcffbdfd3147,c4797df8-be0b-4d3a-a6c4-0f1765f0a822,3.0,T,H,U,2013-05-30 00:00:00,,
6e148e42-5cc5-45e0-86cc-0599c2490560,0.0,1.0,4.0,3.0,0.0,1db6b732-bddb-494c-9534-3db9a37df0e6,112.0,Mountain Bottle Cage,BC-M005,,3.7363,9.99,,,,,M,,,2013-05-30 00:00:00,,
87746c06-0bdd-475b-9305-a8eb260c1b92,1.0,1.0,100.0,75.0,4.0,5332b46f-2ec0-453b-8237-c78051d4c7bf,22.0,"Mountain-400-W Silver, 40",BK-M38S-40,Silver,,769.49,40,e2e52698-ce31-4fb2-866f-bcffbdfd3147,c4797df8-be0b-4d3a-a6c4-0f1765f0a822,26.77,M,M,W,2013-05-30 00:00:00,,
62513e26-0315-4c75-8cab-691a431f44d1,1.0,1.0,500.0,375.0,1.0,327e57d0-2de2-4b3f-8eff-cb6b8a273842,55.0,HL Mountain Handlebars,HB-M918,,53.3999,120.27,,,,,M,H,,2012-05-30 00:00:00,,
c51bb610-3391-42d9-921a-8ac5ea5fe70a,0.0,1.0,500.0,375.0,1.0,94ce21f6-249d-468d-a859-a7cac5f87bb0,68.0,LL Road Pedal,PD-R347,Silver/Black,17.9776,40.49,,,8c4f020f-f9c1-492b-8395-1372b7bda7a7,189.0,R,L,,2013-05-30 00:00:00,,
2e7b81c4-7de4-4015-9c36-a87e52196b30,1.0,1.0,500.0,375.0,1.0,620ba621-4c59-4a94-a9f5-f0bf14b38d42,16.0,"ML Road Frame - Red, 60",FR-R72R-60,Red,352.1394,594.83,60,e2e52698-ce31-4fb2-866f-bcffbdfd3147,c4797df8-be0b-4d3a-a6c4-0f1765f0a822,2.38,R,M,U,2011-05-31 00:00:00,2012-05-29 00:00:00,
429dd43b-118f-4503-af6e-75466945c7c3,1.0,1.0,500.0,375.0,1.0,d1d7c22b-3508-4c1c-ae1a-1002f0bddc10,105.0,ML Fork,FK-5136,,,175.49,,,,,,M,,2012-05-30 00:00:00,2013-05-29 00:00:00,
cbbb6323-78c0-4da6-b6a0-7bec552e61f5,1.0,0.0,500.0,375.0,1.0,,,,SA-R127,,98.77,133.34,,,,,,L,,2008-04-30 00:00:00,,
a031927d-5485-4496-a6c3-ad5e1f7cdd5e,1.0,1.0,100.0,75.0,4.0,5fb7ef8d-7610-4230-ae2a-09846fd56ada,26.0,,,Black,1554.9479,2443.35,48,e2e52698-ce31-4fb2-866f-bcffbdfd3147,c4797df8-be0b-4d3a-a6c4-0f1765f0a822,15.13,R,H,U,2012-05-30 00:00:00,,
a9c5cc91-e72a-4eb0-9672-40c621bcdaaa,1.0,1.0,500.0,375.0,1.0,d1d7c22b-3508-4c1c-ae1a-1002f0bddc10,104.0,,FK-1639,,,148.22,,,,,,L,,2012-05-30 00:00:00,2013-05-29 00:00:00,
e03e45e2-c033-4832-9ece-c8bd1ff42d30,0.0,1.0,500.0,375.0,0.0,4f0705e2-0929-407d-aebe-7d39f2cd831c,94.0,Touring Tire Tube,TT-T092,,1.8663,4.99,,,,,T,,,2013-05-30 00:00:00,,
b1509376-0bbf-4213-a1dd-a64df87467f5,0.0,0.0,1000.0,750.0,0.0,,,Hex Nut 1,HN-4402,,,0.0,,,,,,,,2008-04-30 00:00:00,,
97942212-176f-422d-8432-e9bae7775707,1.0,1.0,100.0,75.0,4.0,5fb7ef8d-7610-4230-ae2a-09846fd56ada,30.0,"Road-650 Black, 62",BK-R50B-62,Black,486.7066,782.99,62,e2e52698-ce31-4fb2-866f-bcffbdfd3147,c4797df8-be0b-4d3a-a6c4-0f1765f0a822,20.0,R,L,U,2011-05-31 00:00:00,2013-05-29 00:00:00,
6e148e42-5cc5-45e0-86cc-0599c2490560,0.0,1.0,4.0,3.0,0.0,1db6b732-bddb-494c-9534-3db9a37df0e6,112.0,Mountain Bottle Cage,BC-M005,,3.7363,9.99,,,,,M,,,2013-05-30 00:00:00,,
ae996b63-bbd0-4942-8332-a7a0602ff521,0.0,1.0,4.0,3.0,0.0,3efbcaad-1b67-4391-bdcd-505d47385bb2,32.0,,SJ-0194-L,Yellow,41.5723,53.99,L,,,,S,,U,2013-05-30 00:00:00,,
bf846b9f-642f-40e6-8cb1-8c2b4aa09a22,0.0,1.0,4.0,3.0,0.0,1b1a5e14-fad4-4f21-b7f6-b5ca596767f0,108.0,Taillights - Battery-Powered,LT-T990,,5.7709,13.99,,,,,R,,,2012-05-30 00:00:00,2013-05-29 00:00:00,
7209d315-8f67-4f37-aa8a-6aac2a682391,1.0,1.0,500.0,375.0,1.0,620ba621-4c59-4a94-a9f5-f0bf14b38d42,9.0,"LL Road Frame - Red, 60",FR-R38R-60,Red,187.1571,337.22,60,e2e52698-ce31-4fb2-866f-bcffbdfd3147,c4797df8-be0b-4d3a-a6c4-0f1765f0a822,2.48,R,L,U,2011-05-31 00:00:00,2013-05-29 00:00:00,
d7c13a5c-42b0-47ea-af2c-6a55862b9033,1.0,1.0,500.0,375.0,1.0,327e57d0-2de2-4b3f-8eff-cb6b8a273842,54.0,ML Mountain Handlebars,HB-M763,,,61.92,,,,,M,M,,2012-05-30 00:00:00,,
0c42282b-3acc-4fae-8aac-ba34b906aa47,0.0,0.0,1000.0,750.0,0.0,,,,LN-9080,,0.0,0.0,,,,,,,,2008-04-30 00:00:00,,
6e6f4c61-14c7-44fa-a237-565838e49bdb,0.0,1.0,500.0,375.0,1.0,22a9a4d0-29b8-4bef-815d-fdc670f839f0,128.0,Rear Brakes,RB-9231,Silver,47.286,106.5,,,8c4f020f-f9c1-492b-8395-1372b7bda7a7,317.0,,,,2013-05-30 00:00:00,,
fa3b3c40-ecaf-45e9-a084-1c717ee305a6,1.0,1.0,100.0,75.0,4.0,5332b46f-2ec0-453b-8237-c78051d4c7bf,23.0,,BK-M18S-48,Silver,308.2179,564.99,48,e2e52698-ce31-4fb2-866f-bcffbdfd3147,c4797df8-be0b-4d3a-a6c4-0f1765f0a822,28.42,M,L,U,2013-05-30 00:00:00,,
b8b4ce90-93b7-40e8-b2fe-be961df7331a,0.0,0.0,800.0,600.0,0.0,,,Touring Rim,RM-T801,,,0.0,,,8c4f020f-f9c1-492b-8395-1372b7bda7a7,460.0,,,,2008-04-30 00:00:00,,
c871d2a0-ba36-4eda-9f0d-c43b8a02fb8f,0.0,0.0,1000.0,750.0,0.0,,,Lock Washer 7,LW-5160,,0.0,0.0,,,,,,,,2008-04-30 00:00:00,,
da09c85e-d0a0-4c8a-8e54-2f2f2daee328,0.0,0.0,1000.0,750.0,0.0,,,Flat Washer 4,FW-3800,,,0.0,,,,,,,,2008-04-30 00:00:00,,
a9c5cc91-e72a-4eb0-9672-40c621bcdaaa,1.0,1.0,500.0,375.0,1.0,d1d7c22b-3508-4c1c-ae1a-1002f0bddc10,104.0,,FK-1639,,,148.22,,,,,,L,,2012-05-30 00:00:00,2013-05-29 00:00:00,
8190316d-f1d9-468c-92ff-a09cc72cd1ce,0.0,0.0,1000.0,750.0,0.0,,,Bearing Ball,BA-8327,,0.0,0.0,,,,,,,,2008-04-30 00:00:00,,
a336079d-32b8-466f-9c0a-d8056878a323,0.0,0.0,1000.0,750.0,0.0,,,Thin-Jam Hex Nut 1,HJ-1420,,0.0,0.0,,,,,,,,2008-04-30 00:00:00,,
4660c97a-14a1-4d78-86f4-550d18f8b081,1.0,0.0,800.0,600.0,1.0,,,,SS-2985,,0.0,0.0,,,,,,,,2008-04-30 00:00:00,,
3822ec02-0179-4020-bfa5-58d36934c007,1.0,1.0,500.0,375.0,1.0,f9a7e077-33a4-4ef3-b979-beaf4bf163de,44.0,Touring Front Wheel,FW-T905,Black,96.7964,218.01,,,,,T,,,2012-05-30 00:00:00,2013-05-29 00:00:00,
0a172c16-d28e-4f60-8731-6c7bfafd626e,1.0,1.0,500.0,375.0,1.0,744d9b82-e80b-4c79-99b5-313f7a358c40,10.0,,FR-T67U-62,Blue,199.8519,333.42,62,e2e52698-ce31-4fb2-866f-bcffbdfd3147,c4797df8-be0b-4d3a-a6c4-0f1765f0a822,3.2,T,L,U,2013-05-30 00:00:00,,
a031927d-5485-4496-a6c3-ad5e1f7cdd5e,1.0,1.0,100.0,75.0,4.0,5fb7ef8d-7610-4230-ae2a-09846fd56ada,26.0,,,Black,1554.9479,2443.35,48,e2e52698-ce31-4fb2-866f-bcffbdfd3147,c4797df8-be0b-4d3a-a6c4-0f1765f0a822,15.13,R,H,U,2012-05-30 00:00:00,,
75fddb19-d4c2-48fd-a252-943bc3d0ffea,0.0,0.0,1000.0,750.0,0.0,,,Thin-Jam Lock Nut 5,LJ-3816,,,0.0,,,,,,,,2008-04-30 00:00:00,,
01225971-c68c-4650-8d3c-f498ece3c5da,1.0,1.0,100.0,75.0,4.0,5fb7ef8d-7610-4230-ae2a-09846fd56ada,25.0,,BK-R93R-56,Red,2171.2942,3578.27,56,e2e52698-ce31-4fb2-866f-bcffbdfd3147,c4797df8-be0b-4d3a-a6c4-0f1765f0a822,14.68,R,H,U,2011-05-31 00:00:00,2012-05-29 00:00:00,
dd097211-10a3-46a5-ab49-cee940f681b3,0.0,0.0,500.0,375.0,0.0,,,LL Crankarm,CA-5965,Black,0.0,0.0,,,,,,L,,2008-04-30 00:00:00,,
ee1e7548-8827-4e3e-a68b-2079ce1d5426,1.0,1.0,100.0,75.0,4.0,5332b46f-2ec0-453b-8237-c78051d4c7bf,23.0,,BK-M18B-48,Black,294.5797,539.99,48,e2e52698-ce31-4fb2-866f-bcffbdfd3147,c4797df8-be0b-4d3a-a6c4-0f1765f0a822,28.42,M,L,U,2013-05-30 00:00:00,,
2bf68b80-cfd1-4f46-8cad-676b422ed881,1.0,1.0,100.0,75.0,4.0,5fb7ef8d-7610-4230-ae2a-09846fd56ada,28.0,"Road-450 Red, 44",BK-R68R-44,Red,884.7083,1457.99,44,e2e52698-ce31-4fb2-866f-bcffbdfd3147,c4797df8-be0b-4d3a-a6c4-0f1765f0a822,16.77,R,M,U,2011-05-31 00:00:00,2012-05-29 00:00:00,
fb4ea58b-224a-4025-ace2-f18b3c4644ab,0.0,1.0,500.0,375.0,1.0,22a9a4d0-29b8-4bef-815d-fdc670f839f0,102.0,Front Brakes,FB-9873,Silver,,106.5,,,8c4f020f-f9c1-492b-8395-1372b7bda7a7,317.0,,,,2013-05-30 00:00:00,,
44f73e49-4cfd-4496-9397-58f470228d3c,1.0,1.0,500.0,375.0,1.0,620ba621-4c59-4a94-a9f5-f0bf14b38d42,6.0,"HL Road Frame - Black, 62",FR-R92B-62,Black,868.6342,1431.5,62,e2e52698-ce31-4fb2-866f-bcffbdfd3147,c4797df8-be0b-4d3a-a6c4-0f1765f0a822,2.3,R,H,U,2012-05-30 00:00:00,,
c51bb610-3391-42d9-921a-8ac5ea5fe70a,0.0,1.0,500.0,375.0,1.0,94ce21f6-249d-468d-a859-a7cac5f87bb0,68.0,LL Road Pedal,PD-R347,Silver/Black,17.9776,40.49,,,8c4f020f-f9c1-492b-8395-1372b7bda7a7,189.0,R,L,,2013-05-30 00:00:00,,
34b4d246-7da9-4536-b79f-a137ed8a757e,1.0,1.0,100.0,75.0,4.0,5fb7ef8d-7610-4230-ae2a-09846fd56ada,29.0,,BK-R64Y-40,Yellow,713.0798,1120.49,40,e2e52698-ce31-4fb2-866f-bcffbdfd3147,c4797df8-be0b-4d3a-a6c4-0f1765f0a822,17.77,R,M,W,2012-05-30 00:00:00,,
62ea4653-0944-4916-ba7b-8e0e418eeb57,0.0,0.0,1000.0,750.0,0.0,,,Decal 1,DC-8732,,0.0,0.0,,,,,,,,2008-04-30 00:00:00,,
1e9130a5-1d77-4ea3-80f6-875f26fcb05a,1.0,1.0,500.0,375.0,2.0,4cbd260b-f57a-4ade-a6da-06451fdb4a10,5.0,"HL Mountain Frame - Black, 38",FR-M94B-38,Black,739.041,1349.6,38,e2e52698-ce31-4fb2-866f-bcffbdfd3147,c4797df8-be0b-4d3a-a6c4-0f1765f0a822,2.68,M,H,U,2011-05-31 00:00:00,,
4e953b1f-7874-4ee8-940d-49dc72a54089,1.0,1.0,500.0,375.0,1.0,744d9b82-e80b-4c79-99b5-313f7a358c40,7.0,"HL Touring Frame - Yellow, 60",FR-T98Y-60,Yellow,601.7437,1003.91,60,e2e52698-ce31-4fb2-866f-bcffbdfd3147,c4797df8-be0b-4d3a-a6c4-0f1765f0a822,3.08,T,H,U,2013-05-30 00:00:00,,
41b7b226-20ea-488a-b519-b4ca65d4a64e,1.0,1.0,100.0,75.0,4.0,5fb7ef8d-7610-4230-ae2a-09846fd56ada,25.0,"Road-150 Red, 62",BK-R93R-62,Red,2171.2942,3578.27,62,e2e52698-ce31-4fb2-866f-bcffbdfd3147,c4797df8-be0b-4d3a-a6c4-0f1765f0a822,15.0,R,H,U,2011-05-31 00:00:00,2012-05-29 00:00:00,
3c0ae951-99b0-4a3e-be29-43dc3aec5abb,1.0,1.0,500.0,375.0,1.0,620ba621-4c59-4a94-a9f5-f0bf14b38d42,9.0,"LL Road Frame - Red, 52",,Red,187.1571,337.22,52,e2e52698-ce31-4fb2-866f-bcffbdfd3147,c4797df8-be0b-4d3a-a6c4-0f1765f0a822,2.4,R,L,U,2011-05-31 00:00:00,2013-05-29 00:00:00,
2139f5cd-c7e4-4c6e-9e51-7bac62fcd556,1.0,1.0,100.0,75.0,4.0,5332b46f-2ec0-453b-8237-c78051d4c7bf,22.0,"Mountain-400-W Silver, 38",BK-M38S-38,Silver,419.7784,769.49,38,e2e52698-ce31-4fb2-866f-bcffbdfd3147,c4797df8-be0b-4d3a-a6c4-0f1765f0a822,26.35,M,M,W,2013-05-30 00:00:00,,
af86810f-57d6-4865-9ad8-13c9741e0a36,0.0,0.0,1000.0,750.0,0.0,,,External Lock Washer 3,LE-1000,,0.0,0.0,,,,,,,,2008-04-30 00:00:00,,
ea08b8d3-607d-458f-8f61-2fb511dbe426,0.0,0.0,500.0,375.0,0.0,,,Freewheel,FH-2981,Silver,,0.0,,,,,,,,2008-04-30 00:00:00,,
115442b8-d91e-4ec3-94af-4403182c16c9,1.0,1.0,100.0,75.0,4.0,5fb7ef8d-7610-4230-ae2a-09846fd56ada,28.0,"Road-450 Red, 60",BK-R68R-60,Red,884.7083,1457.99,60,e2e52698-ce31-4fb2-866f-bcffbdfd3147,c4797df8-be0b-4d3a-a6c4-0f1765f0a822,17.9,R,M,U,2011-05-31 00:00:00,2012-05-29 00:00:00,
57c85314-52eb-447f-9663-79142c57cc1e,0.0,0.0,1000.0,750.0,0.0,,,,,,0.0,0.0,,,,,,,,2008-04-30 00:00:00,,
31e10fe9-6423-46c9-90a7-555cdc0abafd,1.0,1.0,500.0,375.0,1.0,f9a7e077-33a4-4ef3-b979-beaf4bf163de,45.0,ML Mountain Front Wheel,FW-M762,Black,92.8071,209.025,,,,,M,M,,2012-05-30 00:00:00,2013-05-29 00:00:00,
b6f5755d-ac34-4de7-9881-67fc2a5db9d1,0.0,0.0,1000.0,750.0,0.0,,,,HN-3824,,0.0,0.0,,,,,,,,2008-04-30 00:00:00,,
6fec3f2d-f8ad-4945-9225-972fc3c05300,0.0,0.0,1000.0,750.0,0.0,,,,LE-1201,,0.0,0.0,,,,,,,,2008-04-30 00:00:00,,
46bd432a-7338-45a5-9489-0c4ec40ebd75,1.0,1.0,500.0,375.0,1.0,744d9b82-e80b-4c79-99b5-313f7a358c40,10.0,"LL Touring Frame - Blue, 58",FR-T67U-58,Blue,199.8519,333.42,58,e2e52698-ce31-4fb2-866f-bcffbdfd3147,c4797df8-be0b-4d3a-a6c4-0f1765f0a822,3.16,T,L,U,2013-05-30 00:00:00,,
132d29ac-8e8f-4c12-8504-371af9031ceb,0.0,0.0,1000.0,750.0,0.0,,,Metal Plate 3,MP-4960,,0.0,0.0,,,,,,,,2008-04-30 00:00:00,,
34ad3302-abb1-4d4d-9f75-b1c0c5919313,0.0,1.0,4.0,3.0,0.0,dd39091e-757a-41c2-b0b4-7563133e993c,33.0,,HL-U509-B,Blue,13.0863,34.99,,,,,S,,,2011-05-31 00:00:00,,
88aeec06-611c-4063-bbc6-4f75cd0ac4a9,0.0,0.0,1000.0,750.0,0.0,,,,LI-1200,,,0.0,,,,,,,,2008-04-30 00:00:00,,
be547e48-adbf-4306-88b1-201fd50e64c6,0.0,0.0,1000.0,750.0,0.0,,,,LN-8320,,0.0,0.0,,,,,,,,2008-04-30 00:00:00,,
9493b802-f467-4580-b74e-914257582ed0,1.0,1.0,500.0,375.0,1.0,f9a7e077-33a4-4ef3-b979-beaf4bf163de,50.0,ML Road Front Wheel,,Black,110.2829,248.385,,,8c4f020f-f9c1-492b-8395-1372b7bda7a7,850.0,R,M,,2012-05-30 00:00:00,2013-05-29 00:00:00,
9db466fb-7625-4144-a558-e2831a1282f7,0.0,0.0,1000.0,750.0,0.0,,,Thin-Jam Lock Nut 3,LJ-5161,,0.0,0.0,,,,,,,,2008-04-30 00:00:00,,
3c58bc23-ca1b-45e9-8089-163553ba5e56,1.0,1.0,500.0,375.0,1.0,4cbd260b-f57a-4ade-a6da-06451fdb4a10,15.0,"ML Mountain Frame-W - Silver, 40",FR-M63S-40,Silver,199.3757,364.09,40,e2e52698-ce31-4fb2-866f-bcffbdfd3147,c4797df8-be0b-4d3a-a6c4-0f1765f0a822,2.77,M,M,W,2013-05-30 00:00:00,,
32860b8b-c957-4c20-9fe0-886a56e29a65,0.0,0.0,1000.0,750.0,0.0,,,Thin-Jam Hex Nut 5,HJ-3816,,0.0,0.0,,,,,,,,2008-04-30 00:00:00,,
9b301798-2fc9-41d5-9c25-330322d2a39b,1.0,1.0,500.0,375.0,1.0,744d9b82-e80b-4c79-99b5-313f7a358c40,7.0,"HL Touring Frame - Yellow, 54",,Yellow,,1003.91,54,e2e52698-ce31-4fb2-866f-bcffbdfd3147,c4797df8-be0b-4d3a-a6c4-0f1765f0a822,3.04,T,H,U,2013-05-30 00:00:00,,
020cd2f9-46b3-4d75-8f85-9f19fd96d4dd,1.0,1.0,500.0,375.0,1.0,7ae37628-4eba-48d6-8e24-a09e80006956,103.0,Front Derailleur,FD-2342,Silver,40.6216,91.49,,,8c4f020f-f9c1-492b-8395-1372b7bda7a7,88.0,,,,2013-05-30 00:00:00,,
99e67c08-395b-4561-91d4-6b7c68427b63,1.0,1.0,500.0,375.0,1.0,4cbd260b-f57a-4ade-a6da-06451fdb4a10,5.0,"HL Mountain Frame - Black, 42",FR-M94B-42,Black,739.041,1349.6,42,e2e52698-ce31-4fb2-866f-bcffbdfd3147,c4797df8-be0b-4d3a-a6c4-0f1765f0a822,2.72,M,H,U,2011-05-31 00:00:00,,
49cb46cc-0329-4073-bfa4-d64cb370172a,1.0,1.0,500.0,375.0,1.0,744d9b82-e80b-4c79-99b5-313f7a358c40,7.0,"HL Touring Frame - Blue, 54",FR-T98U-54,Blue,601.7437,1003.91,54,e2e52698-ce31-4fb2-866f-bcffbdfd3147,c4797df8-be0b-4d3a-a6c4-0f1765f0a822,3.04,T,H,U,2013-05-30 00:00:00,,
b1509376-0bbf-4213-a1dd-a64df87467f5,0.0,0.0,1000.0,750.0,0.0,,,Hex Nut 1,HN-4402,,,0.0,,,,,,,,2008-04-30 00:00:00,,
1a5be727-89db-47d2-a367-595b06984346,1.0,1.0,100.0,75.0,4.0,5fb7ef8d-7610-4230-ae2a-09846fd56ada,27.0,,,Yellow,1082.51,1700.99,44,e2e52698-ce31-4fb2-866f-bcffbdfd3147,c4797df8-be0b-4d3a-a6c4-0f1765f0a822,16.13,R,M,W,2013-05-30 00:00:00,,
01e1787e-7315-4b9f-b359-beb67922d930,0.0,0.0,800.0,600.0,0.0,,,Headset Ball Bearings,BE-2908,,0.0,0.0,,,,,,,,2008-04-30 00:00:00,,
4e1cc78a-8fb4-4150-8f45-538d9cdf9534,1.0,1.0,100.0,75.0,4.0,5fb7ef8d-7610-4230-ae2a-09846fd56ada,27.0,"Road-350-W Yellow, 40",,Yellow,1082.51,1700.99,40,e2e52698-ce31-4fb2-866f-bcffbdfd3147,c4797df8-be0b-4d3a-a6c4-0f1765f0a822,15.35,R,M,W,2013-05-30 00:00:00,,
aa74c257-9296-42b8-8fca-025d033df804,0.0,0.0,1000.0,750.0,0.0,,,Hex Nut 17,HN-1220,,0.0,0.0,,,,,,,,2008-04-30 00:00:00,,
87746c06-0bdd-475b-9305-a8eb260c1b92,1.0,1.0,100.0,75.0,4.0,5332b46f-2ec0-453b-8237-c78051d4c7bf,22.0,"Mountain-400-W Silver, 40",BK-M38S-40,Silver,,769.49,40,e2e52698-ce31-4fb2-866f-bcffbdfd3147,c4797df8-be0b-4d3a-a6c4-0f1765f0a822,26.77,M,M,W,2013-05-30 00:00:00,,
6cc3d977-da73-4856-b1ca-8a2f0b57b60b,1.0,1.0,100.0,75.0,4.0,5332b46f-2ec0-453b-8237-c78051d4c7bf,19.0,"Mountain-100 Silver, 44",BK-M82S-44,Silver,1912.1544,3399.99,44,e2e52698-ce31-4fb2-866f-bcffbdfd3147,c4797df8-be0b-4d3a-a6c4-0f1765f0a822,21.13,M,H,U,2011-05-31 00:00:00,2012-05-29 00:00:00,
d84afa25-4753-4e07-8d3d-e9ec1bf32e33,0.0,0.0,1000.0,750.0,0.0,,,Decal 2,,,0.0,0.0,,,,,,,,2008-04-30 00:00:00,,
fa3b3c40-ecaf-45e9-a084-1c717ee305a6,1.0,1.0,100.0,75.0,4.0,5332b46f-2ec0-453b-8237-c78051d4c7bf,23.0,,BK-M18S-48,Silver,308.2179,564.99,48,e2e52698-ce31-4fb2-866f-bcffbdfd3147,c4797df8-be0b-4d3a-a6c4-0f1765f0a822,28.42,M,L,U,2013-05-30 00:00:00,,
d8f138f9-478a-4494-9eff-60324ce60d13,1.0,1.0,500.0,375.0,1.0,4cbd260b-f57a-4ade-a6da-06451fdb4a10,5.0,"HL Mountain Frame - Silver, 46",FR-M94S-46,Silver,,1364.5,46,e2e52698-ce31-4fb2-866f-bcffbdfd3147,c4797df8-be0b-4d3a-a6c4-0f1765f0a822,2.84,M,H,U,2011-05-31 00:00:00,,
d2888e26-c26b-41e5-beab-0955f9c07bb6,0.0,1.0,4.0,3.0,0.0,e55492be-8655-40a9-a411-3d7bda43bf85,12.0,"Men's Bib-Shorts, L",SB-M891-L,Multi,37.1209,89.99,L,,,,S,,M,2012-05-30 00:00:00,2013-05-29 00:00:00,
4660c97a-14a1-4d78-86f4-550d18f8b081,1.0,0.0,800.0,600.0,1.0,,,,SS-2985,,0.0,0.0,,,,,,,,2008-04-30 00:00:00,,
6b744120-18d1-44d2-b396-e0e4c8df06e8,1.0,1.0,100.0,75.0,4.0,5332b46f-2ec0-453b-8237-c78051d4c7bf,20.0,"Mountain-200 Black, 46",BK-M68B-46,Black,1251.9813,2294.99,46,e2e52698-ce31-4fb2-866f-bcffbdfd3147,c4797df8-be0b-4d3a-a6c4-0f1765f0a822,24.13,M,H,U,2012-05-30 00:00:00,,
4660c97a-14a1-4d78-86f4-550d18f8b081,1.0,0.0,800.0,600.0,1.0,,,,SS-2985,,0.0,0.0,,,,,,,,2008-04-30 00:00:00,,
a031927d-5485-4496-a6c3-ad5e1f7cdd5e,1.0,1.0,100.0,75.0,4.0,5fb7ef8d-7610-4230-ae2a-09846fd56ada,26.0,,,Black,1554.9479,2443.35,48,e2e52698-ce31-4fb2-866f-bcffbdfd3147,c4797df8-be0b-4d3a-a6c4-0f1765f0a822,15.13,R,H,U,2012-05-30 00:00:00,,
57c85314-52eb-447f-9663-79142c57cc1e,0.0,0.0,1000.0,750.0,0.0,,,,,,0.0,0.0,,,,,,,,2008-04-30 00:00:00,,
997a4288-fa52-4757-83f0-0282eff84b00,1.0,1.0,100.0,75.0,4.0,5fb7ef8d-7610-4230-ae2a-09846fd56ada,27.0,,BK-R79Y-48,Yellow,1082.51,1700.99,48,e2e52698-ce31-4fb2-866f-bcffbdfd3147,c4797df8-be0b-4d3a-a6c4-0f1765f0a822,16.42,R,M,W,2013-05-30 00:00:00,,
4e953b1f-7874-4ee8-940d-49dc72a54089,1.0,1.0,500.0,375.0,1.0,744d9b82-e80b-4c79-99b5-313f7a358c40,7.0,"HL Touring Frame - Yellow, 60",FR-T98Y-60,Yellow,601.7437,1003.91,60,e2e52698-ce31-4fb2-866f-bcffbdfd3147,c4797df8-be0b-4d3a-a6c4-0f1765f0a822,3.08,T,H,U,2013-05-30 00:00:00,,
36847649-a79a-4f70-9b5d-5c403627ab75,0.0,1.0,4.0,3.0,0.0,2cb4136a-654d-4b91-9c42-3c7592b223d3,2.0,AWC Logo Cap,CA-1098,Multi,6.9223,8.99,,,,,S,,U,2011-05-31 00:00:00,,
aa496d61-efa1-44b6-8b6f-a05b18c3ec25,0.0,1.0,4.0,3.0,0.0,a134278c-2ff4-4711-99c7-28a97ee1299c,3.0,"Full-Finger Gloves, L",GL-F110-L,Black,15.6709,37.99,L,,,,M,,U,2012-05-30 00:00:00,2013-05-29 00:00:00,
67349397-03b8-4353-a133-590d165bc425,0.0,0.0,1000.0,750.0,0.0,,,,SL-0931,,0.0,0.0,,,,,,,,2008-04-30 00:00:00,,
0e912602-550e-441c-afe4-7ff468f5c618,1.0,1.0,100.0,75.0,4.0,5332b46f-2ec0-453b-8237-c78051d4c7bf,19.0,"Mountain-100 Black, 42",BK-M82B-42,Black,1898.0944,3374.99,42,e2e52698-ce31-4fb2-866f-bcffbdfd3147,c4797df8-be0b-4d3a-a6c4-0f1765f0a822,20.77,M,H,U,2011-05-31 00:00:00,2012-05-29 00:00:00,
824e35ab-e7db-4b0d-a389-7524973b62ac,1.0,1.0,500.0,375.0,1.0,4cbd260b-f57a-4ade-a6da-06451fdb4a10,8.0,"LL Mountain Frame - Silver, 52",FR-M21S-52,Silver,144.5938,264.05,52,e2e52698-ce31-4fb2-866f-bcffbdfd3147,c4797df8-be0b-4d3a-a6c4-0f1765f0a822,3.04,M,L,U,2013-05-30 00:00:00,,
5fb55b6a-a6e8-4c97-baa5-32e58f0852be,1.0,1.0,100.0,75.0,4.0,be3c8ce6-c1ec-4835-af3b-e49e199380c5,36.0,,BK-T18Y-50,Yellow,461.4448,742.35,50,e2e52698-ce31-4fb2-866f-bcffbdfd3147,c4797df8-be0b-4d3a-a6c4-0f1765f0a822,29.13,T,L,U,2013-05-30 00:00:00,,
9b301798-2fc9-41d5-9c25-330322d2a39b,1.0,1.0,500.0,375.0,1.0,744d9b82-e80b-4c79-99b5-313f7a358c40,7.0,"HL Touring Frame - Yellow, 54",,Yellow,,1003.91,54,e2e52698-ce31-4fb2-866f-bcffbdfd3147,c4797df8-be0b-4d3a-a6c4-0f1765f0a822,3.04,T,H,U,2013-05-30 00:00:00,,
c73b87b1-57d9-4771-a64d-86ae036c6110,0.0,0.0,1000.0,750.0,0.0,,,,LW-4000,,0.0,0.0,,,,,,,,2008-04-30 00:00:00,,
706c7d6d-63a8-4b13-9307-91771521261d,0.0,1.0,500.0,375.0,1.0,717ba7e9-56bc-45ac-89bb-fb64c4016809,66.0,LL Touring Seat/Saddle,SE-T312,,12.0413,27.12,,,,,T,L,,2013-05-30 00:00:00,,
f0932622-c0e8-427d-a334-6aaf43e57a52,1.0,1.0,500.0,375.0,1.0,327e57d0-2de2-4b3f-8eff-cb6b8a273842,58.0,HL Road Handlebars,HB-R956,,53.3999,120.27,,,,,R,H,,2012-05-30 00:00:00,,
fd12c19c-b2de-4bb2-adb4-8acbc889a829,1.0,1.0,500.0,375.0,1.0,4cbd260b-f57a-4ade-a6da-06451fdb4a10,5.0,"HL Mountain Frame - Silver, 44",FR-M94S-44,Silver,706.811,1364.5,44,e2e52698-ce31-4fb2-866f-bcffbdfd3147,c4797df8-be0b-4d3a-a6c4-0f1765f0a822,2.76,M,H,U,2011-05-31 00:00:00,2012-05-29 00:00:00,
62513e26-0315-4c75-8cab-691a431f44d1,1.0,1.0,500.0,375.0,1.0,327e57d0-2de2-4b3f-8eff-cb6b8a273842,55.0,HL Mountain Handlebars,HB-M918,,53.3999,120.27,,,,,M,H,,2012-05-30 00:00:00,,
c96ab23e-20fc-49ab-883a-a95e35f8cbc8,0.0,0.0,60.0,45.0,0.0,,,Paint - Blue,PA-632U,,0.0,0.0,,,,,,,,2008-04-30 00:00:00,,
4e953b1f-7874-4ee8-940d-49dc72a54089,1.0,1.0,500.0,375.0,1.0,744d9b82-e80b-4c79-99b5-313f7a358c40,7.0,"HL Touring Frame - Yellow, 60",FR-T98Y-60,Yellow,601.7437,1003.91,60,e2e52698-ce31-4fb2-866f-bcffbdfd3147,c4797df8-be0b-4d3a-a6c4-0f1765f0a822,3.08,T,H,U,2013-05-30 00:00:00,,
7614c1d6-4518-4d23-b199-3b172d3db8dc,1.0,1.0,100.0,75.0,4.0,be3c8ce6-c1ec-4835-af3b-e49e199380c5,36.0,"Touring-3000 Yellow, 54",BK-T18Y-54,Yellow,461.4448,742.35,54,e2e52698-ce31-4fb2-866f-bcffbdfd3147,c4797df8-be0b-4d3a-a6c4-0f1765f0a822,29.42,T,L,U,2013-05-30 00:00:00,,
cfa4ac4b-3887-4435-8149-90b31d6b09be,1.0,0.0,1000.0,750.0,1.0,,,Touring End Caps,,,0.0,0.0,,,,,,,,2008-04-30 00:00:00,,
52c6dab5-0084-4f4d-8f21-42ab0778ff11,0.0,1.0,500.0,375.0,1.0,94ce21f6-249d-468d-a859-a7cac5f87bb0,62.0,LL Mountain Pedal,PD-M282,Silver/Black,17.9776,40.49,,,8c4f020f-f9c1-492b-8395-1372b7bda7a7,218.0,M,L,,2013-05-30 00:00:00,,
6144ec25-e41e-4ebc-8230-3e1aa53ce21b,1.0,1.0,100.0,75.0,4.0,5fb7ef8d-7610-4230-ae2a-09846fd56ada,30.0,"Road-650 Black, 48",BK-R50B-48,Black,486.7066,782.99,48,e2e52698-ce31-4fb2-866f-bcffbdfd3147,c4797df8-be0b-4d3a-a6c4-0f1765f0a822,19.13,R,L,U,2011-05-31 00:00:00,2013-05-29 00:00:00,
5b78ca64-7982-49f2-8ec0-4e6bbfd5450e,1.0,1.0,100.0,75.0,4.0,5332b46f-2ec0-453b-8237-c78051d4c7bf,19.0,"Mountain-100 Silver, 48",BK-M82S-48,Silver,1912.1544,3399.99,48,e2e52698-ce31-4fb2-866f-bcffbdfd3147,c4797df8-be0b-4d3a-a6c4-0f1765f0a822,21.42,M,H,U,2011-05-31 00:00:00,2012-05-29 00:00:00,
02274781-0b9e-48fd-bce3-8e295a41909b,0.0,1.0,4.0,3.0,0.0,4b542712-fc19-4ccd-801f-72a920434d4b,117.0,Mountain Pump,PU-M044,,10.3084,24.99,,,,,M,,,2012-05-30 00:00:00,2013-05-29 00:00:00,
67349397-03b8-4353-a133-590d165bc425,0.0,0.0,1000.0,750.0,0.0,,,,SL-0931,,0.0,0.0,,,,,,,,2008-04-30 00:00:00,,
403add96-5ffc-4c2f-888f-0358e9bd36f0,1.0,1.0,500.0,375.0,1.0,620ba621-4c59-4a94-a9f5-f0bf14b38d42,9.0,,,Black,204.6251,337.22,62,e2e52698-ce31-4fb2-866f-bcffbdfd3147,c4797df8-be0b-4d3a-a6c4-0f1765f0a822,2.5,R,L,U,2011-05-31 00:00:00,,
8190316d-f1d9-468c-92ff-a09cc72cd1ce,0.0,0.0,1000.0,750.0,0.0,,,Bearing Ball,BA-8327,,0.0,0.0,,,,,,,,2008-04-30 00:00:00,,
a1563410-0ec9-4ac7-ba63-af9231e80eb4,0.0,0.0,1000.0,750.0,0.0,,,External Lock Washer 1,LE-6000,,0.0,0.0,,,,,,,,2008-04-30 00:00:00,,
aede0cbc-c17b-4986-8f9f-59cf15393cec,1.0,1.0,500.0,375.0,1.0,4d07ed5f-2f13-4e36-9aa2-f00f7416a320,61.0,HL Headset,HS-3479,,55.3801,124.73,,,,,,H,,2012-05-30 00:00:00,2013-05-29 00:00:00,
df42bc92-cc48-4740-bb12-6a15644b1a4a,0.0,0.0,1000.0,750.0,0.0,,,Lock Nut 9,LN-1428,,0.0,0.0,,,,,,,,2008-04-30 00:00:00,,
62d56d4d-017c-4f5e-8e3e-1e8b6806388f,0.0,0.0,800.0,600.0,0.0,,,ML Mountain Rim,RM-M692,,,0.0,,,8c4f020f-f9c1-492b-8395-1372b7bda7a7,450.0,,M,,2008-04-30 00:00:00,,
cec47ed4-a508-4555-a5ce-b74a99da90c7,0.0,0.0,1000.0,750.0,0.0,,,Hex Nut 11,HN-5162,,0.0,0.0,,,,,,,,2008-04-30 00:00:00,,
c5fbff21-3c22-4903-8584-cf2c8f56c41a,0.0,0.0,1000.0,750.0,0.0,,,Lock Nut 6,LN-1032,,0.0,0.0,,,,,,,,2008-04-30 00:00:00,,
2f498249-a692-48f7-93d3-af567d3c36d6,1.0,1.0,500.0,375.0,2.0,4cbd260b-f57a-4ade-a6da-06451fdb4a10,5.0,,FR-M94S-38,Silver,,1364.5,38,e2e52698-ce31-4fb2-866f-bcffbdfd3147,c4797df8-be0b-4d3a-a6c4-0f1765f0a822,2.68,M,H,U,2011-05-31 00:00:00,,
de8b1961-ea0e-4639-9482-7f71b3ed07d8,1.0,1.0,100.0,75.0,4.0,5332b46f-2ec0-453b-8237-c78051d4c7bf,19.0,"Mountain-100 Black, 48",BK-M82B-48,Black,1898.0944,3374.99,48,e2e52698-ce31-4fb2-866f-bcffbdfd3147,c4797df8-be0b-4d3a-a6c4-0f1765f0a822,21.42,M,H,U,2011-05-31 00:00:00,2012-05-29 00:00:00,
e1bb9000-3903-4c3c-a8a7-f6983c860349,0.0,0.0,1000.0,750.0,0.0,,,Lower Head Race,LR-8520,,0.0,0.0,,,,,,,,2008-04-30 00:00:00,,
dcc7a62f-a34a-46ee-839f-5b1db83364ed,0.0,0.0,500.0,375.0,0.0,,,LL Spindle/Axle,SD-2342,,0.0,0.0,,,,,,L,,2008-04-30 00:00:00,,
5666d4fb-0f40-45d2-8ab4-a6faabe99612,1.0,1.0,500.0,375.0,1.0,620ba621-4c59-4a94-a9f5-f0bf14b38d42,9.0,"LL Road Frame - Black, 44",FR-R38B-44,Black,204.6251,337.22,44,e2e52698-ce31-4fb2-866f-bcffbdfd3147,c4797df8-be0b-4d3a-a6c4-0f1765f0a822,2.32,R,L,U,2011-05-31 00:00:00,,
226c65bd-af15-43e6-8de3-9251fe84d894,1.0,1.0,500.0,375.0,1.0,4cbd260b-f57a-4ade-a6da-06451fdb4a10,8.0,"LL Mountain Frame - Black, 52",FR-M21B-52,Black,136.785,249.79,52,e2e52698-ce31-4fb2-866f-bcffbdfd3147,c4797df8-be0b-4d3a-a6c4-0f1765f0a822,3.04,M,L,U,2013-05-30 00:00:00,,
eecf7d11-2a88-4636-b66c-8404946577c6,0.0,1.0,4.0,3.0,0.0,fbf4da89-ce81-4717-af54-501a253fb881,24.0,"Racing Socks, L",,White,3.3623,8.99,L,,,,R,,U,2013-05-30 00:00:00,,
2df10d17-fdc0-4397-a6a2-191f8f6bf0c3,0.0,1.0,4.0,3.0,0.0,1b1a5e14-fad4-4f21-b7f6-b5ca596767f0,109.0,Headlights - Dual-Beam,LT-H902,,14.4334,34.99,,,,,R,,,2012-05-30 00:00:00,2013-05-29 00:00:00,
46e1c973-49d5-47fa-a9d0-f0eca1798184,1.0,1.0,100.0,75.0,4.0,5332b46f-2ec0-453b-8237-c78051d4c7bf,21.0,"Mountain-300 Black, 48",BK-M47B-48,Black,598.4354,1079.99,48,e2e52698-ce31-4fb2-866f-bcffbdfd3147,c4797df8-be0b-4d3a-a6c4-0f1765f0a822,26.42,M,M,U,2012-05-30 00:00:00,2013-05-29 00:00:00,
3f990dc0-dcf2-49fd-a3cb-c0bd55cb4ba2,0.0,0.0,1000.0,750.0,0.0,,,Lock Nut 23,LN-3416,,0.0,0.0,,,,,,,,2008-04-30 00:00:00,,
0bcdf26e-83fc-4c51-956d-5fa4333ef1cf,1.0,1.0,100.0,75.0,4.0,be3c8ce6-c1ec-4835-af3b-e49e199380c5,34.0,"Touring-1000 Blue, 46",BK-T79U-46,Blue,1481.9379,2384.07,46,e2e52698-ce31-4fb2-866f-bcffbdfd3147,c4797df8-be0b-4d3a-a6c4-0f1765f0a822,25.13,T,H,U,2013-05-30 00:00:00,,
cbbb6323-78c0-4da6-b6a0-7bec552e61f5,1.0,0.0,500.0,375.0,1.0,,,,SA-R127,,98.77,133.34,,,,,,L,,2008-04-30 00:00:00,,
3cbde065-4c25-4e2e-a4ff-0c1373fc4a5a,1.0,0.0,800.0,600.0,1.0,,,Fork End,FE-3760,,,0.0,,,,,,,,2008-04-30 00:00:00,,
ce0a0304-eeaf-4032-b4ae-1a31c74ce76b,1.0,1.0,100.0,75.0,4.0,5332b46f-2ec0-453b-8237-c78051d4c7bf,23.0,"Mountain-500 Black, 42",BK-M18B-42,Black,,539.99,42,e2e52698-ce31-4fb2-866f-bcffbdfd3147,c4797df8-be0b-4d3a-a6c4-0f1765f0a822,27.77,M,L,U,2013-05-30 00:00:00,,
0d5a6aaa-a4d9-4c78-ba00-dabb45aebe13,0.0,1.0,4.0,3.0,0.0,3efbcaad-1b67-4391-bdcd-505d47385bb2,11.0,"Long-Sleeve Logo Jersey, XL",LJ-0192-X,Multi,38.4923,49.99,XL,,,,S,,U,2011-05-31 00:00:00,,
33885300-f267-4009-8159-30cb9584ba00,0.0,0.0,1000.0,750.0,0.0,,,Lock Washer 10,LW-1201,,0.0,0.0,,,,,,,,2008-04-30 00:00:00,,
b4e41c93-3be1-4d51-9ed4-b13985427fd1,1.0,1.0,100.0,75.0,4.0,be3c8ce6-c1ec-4835-af3b-e49e199380c5,34.0,"Touring-1000 Blue, 54",BK-T79U-54,Blue,1481.9379,2384.07,54,e2e52698-ce31-4fb2-866f-bcffbdfd3147,c4797df8-be0b-4d3a-a6c4-0f1765f0a822,25.68,T,H,U,2013-05-30 00:00:00,,
5d2faec8-43ab-4b53-ac89-9f9ff89d1ef9,1.0,1.0,500.0,375.0,1.0,f9a7e077-33a4-4ef3-b979-beaf4bf163de,42.0,LL Mountain Front Wheel,FW-M423,Black,26.9708,60.745,,,,,M,L,,2012-05-30 00:00:00,2013-05-29 00:00:00,
2e7b81c4-7de4-4015-9c36-a87e52196b30,1.0,1.0,500.0,375.0,1.0,620ba621-4c59-4a94-a9f5-f0bf14b38d42,16.0,"ML Road Frame - Red, 60",FR-R72R-60,Red,352.1394,594.83,60,e2e52698-ce31-4fb2-866f-bcffbdfd3147,c4797df8-be0b-4d3a-a6c4-0f1765f0a822,2.38,R,M,U,2011-05-31 00:00:00,2012-05-29 00:00:00,
5f000862-d670-4464-9d4f-b03400a0ebdd,0.0,0.0,500.0,375.0,0.0,,,Seat Post,SP-2981,,0.0,0.0,,,,,,,,2008-04-30 00:00:00,,
ca5fbd37-b016-4a40-b5c6-19726ed18729,0.0,0.0,800.0,600.0,0.0,,,ML Road Rim,RM-R600,,0.0,0.0,,,8c4f020f-f9c1-492b-8395-1372b7bda7a7,450.0,,M,,2008-04-30 00:00:00,,
02274781-0b9e-48fd-bce3-8e295a41909b,0.0,1.0,4.0,3.0,0.0,4b542712-fc19-4ccd-801f-72a920434d4b,117.0,Mountain Pump,PU-M044,,10.3084,24.99,,,,,M,,,2012-05-30 00:00:00,2013-05-29 00:00:00,
baa5d2ab-1ca0-4515-bc82-da9b19597385,1.0,1.0,100.0,75.0,4.0,5fb7ef8d-7610-4230-ae2a-09846fd56ada,31.0,"Road-750 Black, 52",BK-R19B-52,Black,343.6496,539.99,52,e2e52698-ce31-4fb2-866f-bcffbdfd3147,c4797df8-be0b-4d3a-a6c4-0f1765f0a822,20.42,R,L,U,2013-05-30 00:00:00,,
47faac73-dfcb-4838-9d2d-0fa58ffc0479,1.0,1.0,100.0,75.0,4.0,5332b46f-2ec0-453b-8237-c78051d4c7bf,21.0,"Mountain-300 Black, 40",BK-M47B-40,Black,598.4354,1079.99,40,e2e52698-ce31-4fb2-866f-bcffbdfd3147,c4797df8-be0b-4d3a-a6c4-0f1765f0a822,25.77,M,M,U,2012-05-30 00:00:00,2013-05-29 00:00:00,
0a172c16-d28e-4f60-8731-6c7bfafd626e,1.0,1.0,500.0,375.0,1.0,744d9b82-e80b-4c79-99b5-313f7a358c40,10.0,,FR-T67U-62,Blue,199.8519,333.42,62,e2e52698-ce31-4fb2-866f-bcffbdfd3147,c4797df8-be0b-4d3a-a6c4-0f1765f0a822,3.2,T,L,U,2013-05-30 00:00:00,,
b347bd22-684f-40bd-b182-1c877d0cad0e,1.0,0.0,500.0,375.0,1.0,,,Top Tube,TO-2301,,0.0,0.0,,,,,,,,2008-04-30 00:00:00,,
163ece05-613b-4ea6-a177-202ba459d59b,1.0,1.0,500.0,375.0,1.0,620ba621-4c59-4a94-a9f5-f0bf14b38d42,9.0,"LL Road Frame - Red, 48",FR-R38R-48,Red,187.1571,337.22,48,e2e52698-ce31-4fb2-866f-bcffbdfd3147,c4797df8-be0b-4d3a-a6c4-0f1765f0a822,2.36,R,L,U,2011-05-31 00:00:00,2013-05-29 00:00:00,
575a8a9d-ea40-4739-997e-08e317b3e6e3,0.0,1.0,4.0,3.0,0.0,4b542712-fc19-4ccd-801f-72a920434d4b,116.0,Minipump,PU-0452,,8.2459,19.99,,,,,S,,,2012-05-30 00:00:00,2013-05-29 00:00:00,
3cfb5a4e-04be-46e1-a0ec-fd8795526513,0.0,0.0,1000.0,750.0,0.0,,,Thin-Jam Lock Nut 15,LJ-3410,,0.0,0.0,,,,,,,,2008-04-30 00:00:00,,
bb6a1f75-84da-4a17-a003-d0f688521fb0,0.0,0.0,1000.0,750.0,0.0,,,Lock Washer 5,,,0.0,0.0,,,,,,,,2008-04-30 00:00:00,,
24ba6452-9f4e-47f4-9f85-22ae7278cbf6,1.0,0.0,1000.0,750.0,1.0,,,Road End Caps,EC-R098,,0.0,0.0,,,,,,,,2008-04-30 00:00:00,,
2c372316-0257-442e-ac56-9e7a2d7c1793,0.0,1.0,4.0,3.0,0.0,8a86dacf-77fd-49ba-b19a-4f8786d90b15,37.0,"Women's Mountain Shorts, L",SH-W890-L,Black,,69.99,L,,,,M,,W,2013-05-30 00:00:00,,
55c1563d-1a78-4cb6-843b-4b16ebb2cc45,0.0,0.0,1000.0,750.0,0.0,,,,HJ-1428,,0.0,0.0,,,,,,,,2008-04-30 00:00:00,,
f20e5a02-80de-4399-b180-dc6361c1b2c6,0.0,0.0,1000.0,750.0,0.0,,,Flat Washer 5,FW-7160,,0.0,0.0,,,,,,,,2008-04-30 00:00:00,,
ed8b4c31-7ac9-45af-bbdb-139a4526154d,0.0,1.0,500.0,375.0,1.0,85441e68-da04-42a1-b334-660b26666c45,98.0,,CH-0234,Silver,8.9866,20.24,,,,,,,,2013-05-30 00:00:00,,
dd097211-10a3-46a5-ab49-cee940f681b3,0.0,0.0,500.0,375.0,0.0,,,LL Crankarm,CA-5965,Black,0.0,0.0,,,,,,L,,2008-04-30 00:00:00,,
90695886-0d2a-49bc-96ab-cbd428bdb201,1.0,1.0,100.0,75.0,4.0,5fb7ef8d-7610-4230-ae2a-09846fd56ada,29.0,"Road-550-W Yellow, 48",BK-R64Y-48,Yellow,713.0798,1120.49,48,e2e52698-ce31-4fb2-866f-bcffbdfd3147,c4797df8-be0b-4d3a-a6c4-0f1765f0a822,18.68,R,M,W,2012-05-30 00:00:00,,
8738ad03-eb07-4a98-9cbb-c99d5f56b317,1.0,1.0,500.0,375.0,1.0,8a2afb4f-58f5-4238-81ee-cea17d307893,100.0,ML Crankset,CS-6583,Black,,256.49,,,8c4f020f-f9c1-492b-8395-1372b7bda7a7,635.0,,M,,2013-05-30 00:00:00,,
553be5d8-6a6a-40f0-a543-5046f0f2d12c,1.0,1.0,500.0,375.0,1.0,7ae37628-4eba-48d6-8e24-a09e80006956,127.0,Rear Derailleur,RD-2308,Silver,53.9282,121.46,,,8c4f020f-f9c1-492b-8395-1372b7bda7a7,215.0,,,,2013-05-30 00:00:00,,
5f6c9096-4997-4d13-829a-901032bb73d2,1.0,0.0,500.0,375.0,1.0,,,Steerer,SR-2098,,0.0,0.0,,,,,,,,2008-04-30 00:00:00,,
be9d43b2-f6c0-438f-96dd-d617d940e01b,1.0,1.0,100.0,75.0,4.0,5fb7ef8d-7610-4230-ae2a-09846fd56ada,31.0,"Road-750 Black, 48",BK-R19B-48,Black,343.6496,539.99,48,e2e52698-ce31-4fb2-866f-bcffbdfd3147,c4797df8-be0b-4d3a-a6c4-0f1765f0a822,20.13,R,L,U,2013-05-30 00:00:00,,
8bc8be76-d86c-46ab-b9ee-771121c40d23,1.0,1.0,500.0,375.0,1.0,744d9b82-e80b-4c79-99b5-313f7a358c40,7.0,"HL Touring Frame - Blue, 46",FR-T98U-46,Blue,601.7437,1003.91,46,e2e52698-ce31-4fb2-866f-bcffbdfd3147,c4797df8-be0b-4d3a-a6c4-0f1765f0a822,2.96,T,H,U,2013-05-30 00:00:00,,
ffac3ba6-1c32-45ea-af5b-deac473b0968,1.0,1.0,100.0,75.0,4.0,5332b46f-2ec0-453b-8237-c78051d4c7bf,21.0,"Mountain-300 Black, 44",BK-M47B-44,Black,598.4354,1079.99,44,e2e52698-ce31-4fb2-866f-bcffbdfd3147,c4797df8-be0b-4d3a-a6c4-0f1765f0a822,26.13,M,M,U,2012-05-30 00:00:00,2013-05-29 00:00:00,
67349397-03b8-4353-a133-590d165bc425,0.0,0.0,1000.0,750.0,0.0,,,,SL-0931,,0.0,0.0,,,,,,,,2008-04-30 00:00:00,,
9a80da5f-0324-4623-b83d-df36d5b077b9,0.0,0.0,1000.0,750.0,0.0,,,Lock Nut 3,LN-6320,,0.0,0.0,,,,,,,,2008-04-30 00:00:00,,
3361928f-3b8d-4cd4-96dd-edf39d930e99,0.0,0.0,1000.0,750.0,0.0,,,Thin-Jam Lock Nut 4,LJ-5162,,0.0,0.0,,,,,,,,2008-04-30 00:00:00,,
c58e99fb-b92b-4691-a5fb-d9b1853b6e51,1.0,1.0,100.0,75.0,4.0,5fb7ef8d-7610-4230-ae2a-09846fd56ada,26.0,"Road-250 Red, 48",BK-R89R-48,Red,1518.7864,2443.35,48,e2e52698-ce31-4fb2-866f-bcffbdfd3147,c4797df8-be0b-4d3a-a6c4-0f1765f0a822,15.13,R,H,U,2012-05-30 00:00:00,2013-05-29 00:00:00,
52c6dab5-0084-4f4d-8f21-42ab0778ff11,0.0,1.0,500.0,375.0,1.0,94ce21f6-249d-468d-a859-a7cac5f87bb0,62.0,LL Mountain Pedal,PD-M282,Silver/Black,17.9776,40.49,,,8c4f020f-f9c1-492b-8395-1372b7bda7a7,218.0,M,L,,2013-05-30 00:00:00,,
d7ca345c-d797-41b1-9795-556fa6994772,0.0,0.0,1000.0,750.0,0.0,,,Metal Plate 2,MP-2066,,0.0,0.0,,,,,,,,2008-04-30 00:00:00,,
c19e7973-0533-494c-84fd-99f3220b0ecc,1.0,1.0,100.0,75.0,4.0,5fb7ef8d-7610-4230-ae2a-09846fd56ada,26.0,,BK-R89R-44,Red,1518.7864,2443.35,44,e2e52698-ce31-4fb2-866f-bcffbdfd3147,c4797df8-be0b-4d3a-a6c4-0f1765f0a822,14.77,R,H,U,2012-05-30 00:00:00,2013-05-29 00:00:00,
82878a36-d3bd-4f85-b374-a7883d9afe81,0.0,0.0,1000.0,750.0,0.0,,,Thin-Jam Lock Nut 8,LJ-7162,,0.0,0.0,,,,,,,,2008-04-30 00:00:00,,
dd157cd6-f7a2-4002-9c1b-4ae9bf7bd0d4,1.0,1.0,100.0,75.0,4.0,5fb7ef8d-7610-4230-ae2a-09846fd56ada,28.0,,BK-R68R-48,Red,884.7083,1457.99,48,e2e52698-ce31-4fb2-866f-bcffbdfd3147,c4797df8-be0b-4d3a-a6c4-0f1765f0a822,17.13,R,M,U,2011-05-31 00:00:00,2012-05-29 00:00:00,
36847649-a79a-4f70-9b5d-5c403627ab75,0.0,1.0,4.0,3.0,0.0,2cb4136a-654d-4b91-9c42-3c7592b223d3,2.0,AWC Logo Cap,CA-1098,Multi,6.9223,8.99,,,,,S,,U,2011-05-31 00:00:00,,
69ce0031-0705-482b-9d95-03ba146d4df7,1.0,1.0,500.0,375.0,1.0,4cbd260b-f57a-4ade-a6da-06451fdb4a10,8.0,"LL Mountain Frame - Silver, 48",FR-M21S-48,Silver,144.5938,264.05,48,e2e52698-ce31-4fb2-866f-bcffbdfd3147,c4797df8-be0b-4d3a-a6c4-0f1765f0a822,3.0,M,L,U,2013-05-30 00:00:00,,
0025c2c9-855d-45a7-92ad-f4ab2fb016d1,1.0,1.0,500.0,375.0,1.0,620ba621-4c59-4a94-a9f5-f0bf14b38d42,17.0,"ML Road Frame-W - Yellow, 48",FR-R72Y-48,Yellow,,594.83,48,e2e52698-ce31-4fb2-866f-bcffbdfd3147,c4797df8-be0b-4d3a-a6c4-0f1765f0a822,2.34,R,M,W,2012-05-30 00:00:00,,
f0a0c34c-53ad-4d50-b59e-2dde7b71cb55,0.0,1.0,4.0,3.0,0.0,8a86dacf-77fd-49ba-b19a-4f8786d90b15,37.0,"Women's Mountain Shorts, S",SH-W890-S,Black,26.1763,69.99,S,,,,M,,W,2013-05-30 00:00:00,,
3f359710-61d0-49e1-88b5-59a0498e7a83,0.0,1.0,4.0,3.0,0.0,8a86dacf-77fd-49ba-b19a-4f8786d90b15,13.0,"Men's Sports Shorts, XL",SH-M897-X,Black,24.7459,59.99,XL,,,,S,,M,2012-05-30 00:00:00,2013-05-29 00:00:00,
df42bc92-cc48-4740-bb12-6a15644b1a4a,0.0,0.0,1000.0,750.0,0.0,,,Lock Nut 9,LN-1428,,0.0,0.0,,,,,,,,2008-04-30 00:00:00,,
86a9a178-eace-41d9-9b4e-2dfe6a7f3be8,1.0,1.0,500.0,375.0,1.0,620ba621-4c59-4a94-a9f5-f0bf14b38d42,6.0,"HL Road Frame - Black, 48",FR-R92B-48,Black,,1431.5,48,e2e52698-ce31-4fb2-866f-bcffbdfd3147,c4797df8-be0b-4d3a-a6c4-0f1765f0a822,2.16,R,H,U,2012-05-30 00:00:00,,
e8c12ae4-8042-4b77-8bd7-023d46440e33,1.0,1.0,100.0,75.0,4.0,5fb7ef8d-7610-4230-ae2a-09846fd56ada,25.0,"Road-150 Red, 48",BK-R93R-48,Red,2171.2942,3578.27,48,e2e52698-ce31-4fb2-866f-bcffbdfd3147,c4797df8-be0b-4d3a-a6c4-0f1765f0a822,14.13,R,H,U,2011-05-31 00:00:00,2012-05-29 00:00:00,
2f498249-a692-48f7-93d3-af567d3c36d6,1.0,1.0,500.0,375.0,2.0,4cbd260b-f57a-4ade-a6da-06451fdb4a10,5.0,,FR-M94S-38,Silver,,1364.5,38,e2e52698-ce31-4fb2-866f-bcffbdfd3147,c4797df8-be0b-4d3a-a6c4-0f1765f0a822,2.68,M,H,U,2011-05-31 00:00:00,,
8f48a2a3-a06b-486a-9161-d4cc5e2a0600,0.0,0.0,1000.0,750.0,0.0,,,Thin-Jam Hex Nut 3,HJ-5161,,0.0,0.0,,,,,,,,2008-04-30 00:00:00,,
badb77c2-418e-483a-bb4f-a765a7e2cd3e,0.0,1.0,4.0,3.0,0.0,fbf4da89-ce81-4717-af54-501a253fb881,18.0,"Mountain Bike Socks, L",SO-B909-L,White,3.3963,9.5,L,,,,M,,U,2011-05-31 00:00:00,2012-05-29 00:00:00,
d3aec913-eebc-450e-81ce-2ae9b0e79c2c,1.0,1.0,100.0,75.0,4.0,be3c8ce6-c1ec-4835-af3b-e49e199380c5,34.0,,BK-T79Y-54,Yellow,1481.9379,2384.07,54,e2e52698-ce31-4fb2-866f-bcffbdfd3147,c4797df8-be0b-4d3a-a6c4-0f1765f0a822,25.68,T,H,U,2013-05-30 00:00:00,,
b988c32b-d63a-4fd6-9cb5-19593f1ceff4,0.0,0.0,60.0,45.0,0.0,,,Paint - Red,PA-361R,,0.0,0.0,,,,,,,,2008-04-30 00:00:00,,
4660f34e-9756-478f-a608-75985d50bb59,0.0,1.0,4.0,3.0,0.0,fd2406ff-6629-42d0-8287-8204b851b2a2,107.0,Hydration Pack - 70 oz.,HY-1023-70,Silver,20.5663,54.99,70,,,,S,,,2013-05-30 00:00:00,,
87690ff0-34eb-415a-98ee-981a622b9720,1.0,1.0,500.0,375.0,1.0,57591aab-ca01-4a76-9c74-e7a806b42ba5,95.0,LL Bottom Bracket,BB-7421,,23.9716,53.99,,,8c4f020f-f9c1-492b-8395-1372b7bda7a7,223.0,,L,,2013-05-30 00:00:00,,
46bd432a-7338-45a5-9489-0c4ec40ebd75,1.0,1.0,500.0,375.0,1.0,744d9b82-e80b-4c79-99b5-313f7a358c40,10.0,"LL Touring Frame - Blue, 58",FR-T67U-58,Blue,199.8519,333.42,58,e2e52698-ce31-4fb2-866f-bcffbdfd3147,c4797df8-be0b-4d3a-a6c4-0f1765f0a822,3.16,T,L,U,2013-05-30 00:00:00,,
fb4ea58b-224a-4025-ace2-f18b3c4644ab,0.0,1.0,500.0,375.0,1.0,22a9a4d0-29b8-4bef-815d-fdc670f839f0,102.0,Front Brakes,FB-9873,Silver,,106.5,,,8c4f020f-f9c1-492b-8395-1372b7bda7a7,317.0,,,,2013-05-30 00:00:00,,
7d2076f6-d739-497d-a96b-198bddcb4bec,0.0,0.0,1000.0,750.0,0.0,,,Lock Nut 12,LN-3816,,0.0,0.0,,,,,,,,2008-04-30 00:00:00,,
17e2a0f6-9af8-4158-9ef6-1e53fc5fe1e2,1.0,1.0,100.0,75.0,4.0,5332b46f-2ec0-453b-8237-c78051d4c7bf,22.0,"Mountain-400-W Silver, 42",BK-M38S-42,Silver,419.7784,769.49,42,e2e52698-ce31-4fb2-866f-bcffbdfd3147,c4797df8-be0b-4d3a-a6c4-0f1765f0a822,27.13,M,M,W,2013-05-30 00:00:00,,
8f8dbe95-d661-4497-bfd6-2605e1d925a0,1.0,1.0,500.0,375.0,1.0,d1d7c22b-3508-4c1c-ae1a-1002f0bddc10,106.0,HL Fork,FK-9939,,101.8936,229.49,,,,,,H,,2012-05-30 00:00:00,2013-05-29 00:00:00,
d3e56fb5-4e11-4764-831b-d40106de412a,1.0,0.0,800.0,600.0,1.0,,,,HT-8019,,,0.0,,,,,,,,2008-04-30 00:00:00,,
9014b398-fe53-4fb0-8177-97347cea83c3,1.0,1.0,100.0,75.0,4.0,5332b46f-2ec0-453b-8237-c78051d4c7bf,20.0,,BK-M68B-42,Black,,2294.99,42,e2e52698-ce31-4fb2-866f-bcffbdfd3147,c4797df8-be0b-4d3a-a6c4-0f1765f0a822,23.77,M,H,U,2012-05-30 00:00:00,,
46e1c973-49d5-47fa-a9d0-f0eca1798184,1.0,1.0,100.0,75.0,4.0,5332b46f-2ec0-453b-8237-c78051d4c7bf,21.0,"Mountain-300 Black, 48",BK-M47B-48,Black,598.4354,1079.99,48,e2e52698-ce31-4fb2-866f-bcffbdfd3147,c4797df8-be0b-4d3a-a6c4-0f1765f0a822,26.42,M,M,U,2012-05-30 00:00:00,2013-05-29 00:00:00,
7dab04f8-9fbe-45bd-b2b4-9bf609b1e5d0,0.0,0.0,800.0,600.0,0.0,,,Front Derailleur Linkage,,Silver,0.0,0.0,,,,,,,,2008-04-30 00:00:00,,
2a51f8bc-d55b-49af-920f-341fb77a71b1,0.0,1.0,4.0,3.0,0.0,e55492be-8655-40a9-a411-3d7bda43bf85,12.0,"Men's Bib-Shorts, M",SB-M891-M,Multi,37.1209,89.99,M,,,,S,,M,2012-05-30 00:00:00,2013-05-29 00:00:00,
d6b7d804-9c7a-4790-bde4-f37aca393a9c,1.0,1.0,500.0,375.0,1.0,744d9b82-e80b-4c79-99b5-313f7a358c40,10.0,"LL Touring Frame - Yellow, 58",FR-T67Y-58,Yellow,,333.42,58,e2e52698-ce31-4fb2-866f-bcffbdfd3147,c4797df8-be0b-4d3a-a6c4-0f1765f0a822,3.16,T,L,U,2013-05-30 00:00:00,,
032eeb77-32d2-4ade-a122-fd5873189326,1.0,1.0,100.0,75.0,4.0,5332b46f-2ec0-453b-8237-c78051d4c7bf,21.0,"Mountain-300 Black, 38",,Black,598.4354,1079.99,38,e2e52698-ce31-4fb2-866f-bcffbdfd3147,c4797df8-be0b-4d3a-a6c4-0f1765f0a822,25.35,M,M,U,2012-05-30 00:00:00,2013-05-29 00:00:00,
3cbde065-4c25-4e2e-a4ff-0c1373fc4a5a,1.0,0.0,800.0,600.0,1.0,,,Fork End,FE-3760,,,0.0,,,,,,,,2008-04-30 00:00:00,,
e2b5eb64-69a3-460b-aaae-07aa9b161870,1.0,0.0,800.0,600.0,1.0,,,BB Ball Bearing,BE-2349,,0.0,0.0,,,,,,,,2008-04-30 00:00:00,,
7da9fdab-7e59-496d-b5a4-3803dc0fd5e2,0.0,0.0,800.0,600.0,0.0,,,HL Road Rim,RM-R800,,,0.0,,,8c4f020f-f9c1-492b-8395-1372b7bda7a7,400.0,,,,2008-04-30 00:00:00,,
9493b802-f467-4580-b74e-914257582ed0,1.0,1.0,500.0,375.0,1.0,f9a7e077-33a4-4ef3-b979-beaf4bf163de,50.0,ML Road Front Wheel,,Black,110.2829,248.385,,,8c4f020f-f9c1-492b-8395-1372b7bda7a7,850.0,R,M,,2012-05-30 00:00:00,2013-05-29 00:00:00,
f0a0c34c-53ad-4d50-b59e-2dde7b71cb55,0.0,1.0,4.0,3.0,0.0,8a86dacf-77fd-49ba-b19a-4f8786d90b15,37.0,"Women's Mountain Shorts, S",SH-W890-S,Black,26.1763,69.99,S,,,,M,,W,2013-05-30 00:00:00,,
a4eb0868-d22e-44e1-b5ea-52e7dec523e6,1.0,1.0,100.0,75.0,4.0,be3c8ce6-c1ec-4835-af3b-e49e199380c5,35.0,"Touring-2000 Blue, 50",BK-T44U-50,Blue,755.1508,1214.85,50,e2e52698-ce31-4fb2-866f-bcffbdfd3147,c4797df8-be0b-4d3a-a6c4-0f1765f0a822,27.42,T,M,U,2013-05-30 00:00:00,,
27ad5f38-9de0-48ec-8831-bc52864576a3,0.0,0.0,1000.0,750.0,0.0,,,Metal Sheet 3,,,0.0,0.0,,,,,,,,2008-04-30 00:00:00,,
5666d4fb-0f40-45d2-8ab4-a6faabe99612,1.0,1.0,500.0,375.0,1.0,620ba621-4c59-4a94-a9f5-f0bf14b38d42,9.0,"LL Road Frame - Black, 44",FR-R38B-44,Black,204.6251,337.22,44,e2e52698-ce31-4fb2-866f-bcffbdfd3147,c4797df8-be0b-4d3a-a6c4-0f1765f0a822,2.32,R,L,U,2011-05-31 00:00:00,,
6ffc6f55-4c9b-4754-9587-48ea030d529d,1.0,1.0,100.0,75.0,4.0,be3c8ce6-c1ec-4835-af3b-e49e199380c5,36.0,"Touring-3000 Blue, 50",BK-T18U-50,Blue,461.4448,742.35,50,e2e52698-ce31-4fb2-866f-bcffbdfd3147,c4797df8-be0b-4d3a-a6c4-0f1765f0a822,29.13,T,L,U,2013-05-30 00:00:00,,
429dd43b-118f-4503-af6e-75466945c7c3,1.0,1.0,500.0,375.0,1.0,d1d7c22b-3508-4c1c-ae1a-1002f0bddc10,105.0,ML Fork,FK-5136,,,175.49,,,,,,M,,2012-05-30 00:00:00,2013-05-29 00:00:00,
eb502acd-d5f8-4c93-a7af-f0324968638b,1.0,1.0,500.0,375.0,1.0,327e57d0-2de2-4b3f-8eff-cb6b8a273842,56.0,LL Road Handlebars,HB-R504,,19.7758,44.54,,,,,R,L,,2012-05-30 00:00:00,,
81e0c3e6-a730-40f5-accc-4d8bda94eaef,1.0,0.0,1000.0,750.0,1.0,,,Mountain End Caps,EC-M092,,0.0,0.0,,,,,,,,2008-04-30 00:00:00,,
8d8c43c4-47b9-4bee-b3b3-495f11c1f4be,0.0,0.0,1000.0,750.0,0.0,,,Internal Lock Washer 1,LI-6000,,0.0,0.0,,,,,,,,2008-04-30 00:00:00,,
643210b9-0b92-4b77-bf4a-36bcfcf59884,0.0,0.0,1000.0,750.0,0.0,,,Thin-Jam Hex Nut 15,HJ-3410,,0.0,0.0,,,,,,,,2008-04-30 00:00:00,,
a9c90cfa-eab9-4fa8-b570-fc4bde2fc0dd,0.0,1.0,500.0,375.0,0.0,4f0705e2-0929-407d-aebe-7d39f2cd831c,85.0,,TI-M267,,9.3463,24.99,,,,,M,L,,2013-05-30 00:00:00,,
4b67b77f-4bfb-429a-aa94-91f915bcf048,0.0,1.0,500.0,375.0,1.0,94ce21f6-249d-468d-a859-a7cac5f87bb0,64.0,,PD-M562,Silver/Black,,80.99,,,8c4f020f-f9c1-492b-8395-1372b7bda7a7,185.0,M,H,,2013-05-30 00:00:00,,
06bfa0ff-a56c-43d4-9226-f641c27a09ed,1.0,1.0,500.0,375.0,2.0,4cbd260b-f57a-4ade-a6da-06451fdb4a10,8.0,"LL Mountain Frame - Silver, 40",FR-M21S-40,Silver,144.5938,264.05,40,e2e52698-ce31-4fb2-866f-bcffbdfd3147,c4797df8-be0b-4d3a-a6c4-0f1765f0a822,2.88,M,L,U,2013-05-30 00:00:00,,
ca8f411c-0afd-4857-89df-427a7fc28b72,0.0,1.0,4.0,3.0,0.0,8b3367a4-dbe1-43ad-b332-879582c95566,121.0,Fender Set - Mountain,FE-6654,,,21.98,,,,,M,,,2013-05-30 00:00:00,,
3ab2259b-bc23-42ad-8bfc-d0d985465644,1.0,1.0,100.0,75.0,4.0,5332b46f-2ec0-453b-8237-c78051d4c7bf,20.0,"Mountain-200 Silver, 46",BK-M68S-46,Silver,1265.6195,2319.99,46,e2e52698-ce31-4fb2-866f-bcffbdfd3147,c4797df8-be0b-4d3a-a6c4-0f1765f0a822,24.13,M,H,U,2012-05-30 00:00:00,,
9e81ac66-315f-4a81-83d6-ad4307fc4081,0.0,0.0,1000.0,750.0,0.0,,,Metal Plate 1,MP-2503,,0.0,0.0,,,,,,,,2008-04-30 00:00:00,,
9cfd0ae7-9945-4823-8f73-c26581afae87,0.0,0.0,1000.0,750.0,0.0,,,External Lock Washer 4,LE-1200,,0.0,0.0,,,,,,,,2008-04-30 00:00:00,,
6cfc7c3c-9488-4251-af2d-d60dfaea4911,1.0,1.0,100.0,75.0,4.0,5fb7ef8d-7610-4230-ae2a-09846fd56ada,30.0,"Road-650 Black, 52",BK-R50B-52,Black,486.7066,782.99,52,e2e52698-ce31-4fb2-866f-bcffbdfd3147,c4797df8-be0b-4d3a-a6c4-0f1765f0a822,19.42,R,L,U,2011-05-31 00:00:00,2013-05-29 00:00:00,
17aed350-e4c1-43cc-b006-9d05cdf582c8,1.0,1.0,500.0,375.0,1.0,f9a7e077-33a4-4ef3-b979-beaf4bf163de,125.0,HL Mountain Rear Wheel,RW-M928,Black,145.2835,327.215,,,,,M,H,,2012-05-30 00:00:00,2013-05-29 00:00:00,
824e35ab-e7db-4b0d-a389-7524973b62ac,1.0,1.0,500.0,375.0,1.0,4cbd260b-f57a-4ade-a6da-06451fdb4a10,8.0,"LL Mountain Frame - Silver, 52",FR-M21S-52,Silver,144.5938,264.05,52,e2e52698-ce31-4fb2-866f-bcffbdfd3147,c4797df8-be0b-4d3a-a6c4-0f1765f0a822,3.04,M,L,U,2013-05-30 00:00:00,,
78a88bdd-1484-4547-812e-65bcc719fee6,0.0,0.0,1000.0,750.0,0.0,,,Hex Nut 2,HN-5400,,,0.0,,,,,,,,2008-04-30 00:00:00,,
cbbb6323-78c0-4da6-b6a0-7bec552e61f5,1.0,0.0,500.0,375.0,1.0,,,,SA-R127,,98.77,133.34,,,,,,L,,2008-04-30 00:00:00,,
4782606a-0c9b-477e-9e0f-e996d5c298e2,0.0,1.0,4.0,3.0,0.0,1db6b732-bddb-494c-9534-3db9a37df0e6,111.0,Water Bottle - 30 oz.,,,1.8663,4.99,,,,,S,,,2013-05-30 00:00:00,,
46e1c973-49d5-47fa-a9d0-f0eca1798184,1.0,1.0,100.0,75.0,4.0,5332b46f-2ec0-453b-8237-c78051d4c7bf,21.0,"Mountain-300 Black, 48",BK-M47B-48,Black,598.4354,1079.99,48,e2e52698-ce31-4fb2-866f-bcffbdfd3147,c4797df8-be0b-4d3a-a6c4-0f1765f0a822,26.42,M,M,U,2012-05-30 00:00:00,2013-05-29 00:00:00,
b3756fd2-988b-42ea-bb9f-b25c83eacc2e,0.0,0.0,1000.0,750.0,0.0,,,,HN-7162,,0.0,0.0,,,,,,,,2008-04-30 00:00:00,,
c964c111-675c-451e-a22e-6acb62cec182,0.0,0.0,1000.0,750.0,0.0,,,Chainring,CR-7833,Black,0.0,0.0,,,,,,,,2008-04-30 00:00:00,,
a188811a-7b81-404a-a51a-7dc0500740d4,0.0,1.0,4.0,3.0,0.0,fbf4da89-ce81-4717-af54-501a253fb881,24.0,,,White,3.3623,8.99,M,,,,R,,U,2013-05-30 00:00:00,,
b27b45bf-aa14-4901-82d9-ed7e88fe41a8,1.0,0.0,500.0,375.0,1.0,,,,SM-9087,,0.0,0.0,,,,,,,,2008-04-30 00:00:00,,
3b91c392-12c9-47b6-ba89-a4ea09aa3816,1.0,1.0,500.0,375.0,2.0,620ba621-4c59-4a94-a9f5-f0bf14b38d42,17.0,"ML Road Frame-W - Yellow, 38",FR-R72Y-38,Yellow,360.9428,594.83,38,e2e52698-ce31-4fb2-866f-bcffbdfd3147,c4797df8-be0b-4d3a-a6c4-0f1765f0a822,2.18,R,M,W,2012-05-30 00:00:00,,
776904bb-c44c-46c4-9f48-84aa4f194272,0.0,0.0,1000.0,750.0,0.0,,,,,,0.0,0.0,,,,,,,,2008-04-30 00:00:00,,
a80648ee-8bba-4ba0-a3e7-37ec038f8c31,0.0,1.0,500.0,375.0,1.0,717ba7e9-56bc-45ac-89bb-fb64c4016809,81.0,HL Mountain Seat/Saddle,SE-M940,,23.3722,52.64,,,,,M,H,,2013-05-30 00:00:00,,
681d729f-da4f-4ee4-a4bc-cc67e8501332,1.0,1.0,100.0,75.0,4.0,be3c8ce6-c1ec-4835-af3b-e49e199380c5,34.0,,BK-T79Y-46,Yellow,1481.9379,2384.07,46,e2e52698-ce31-4fb2-866f-bcffbdfd3147,c4797df8-be0b-4d3a-a6c4-0f1765f0a822,25.13,T,H,U,2013-05-30 00:00:00,,
62513e26-0315-4c75-8cab-691a431f44d1,1.0,1.0,500.0,375.0,1.0,327e57d0-2de2-4b3f-8eff-cb6b8a273842,55.0,HL Mountain Handlebars,HB-M918,,53.3999,120.27,,,,,M,H,,2012-05-30 00:00:00,,
3299a016-4be9-4f03-a733-1adf7b83a53a,0.0,0.0,800.0,600.0,0.0,,,,,,,0.0,,,8c4f020f-f9c1-492b-8395-1372b7bda7a7,445.0,,L,,2008-04-30 00:00:00,,
e986d452-9a86-4cdf-8840-12cee23929ca,1.0,0.0,500.0,375.0,1.0,,,,SA-R522,,,196.92,,,,,,,,2008-04-30 00:00:00,,
9e25c594-9f6c-4a63-83af-ae56d2b267b7,0.0,0.0,1000.0,750.0,0.0,,,Crown Race,CR-9981,,0.0,0.0,,,,,,,,2008-04-30 00:00:00,,
8699e78f-9041-4865-a4ac-add3846c9dcd,1.0,1.0,100.0,75.0,4.0,be3c8ce6-c1ec-4835-af3b-e49e199380c5,36.0,,BK-T18U-58,Blue,461.4448,742.35,58,e2e52698-ce31-4fb2-866f-bcffbdfd3147,c4797df8-be0b-4d3a-a6c4-0f1765f0a822,29.9,T,L,U,2013-05-30 00:00:00,,
df8a132e-2afc-44f5-b475-83549c976416,1.0,1.0,100.0,75.0,4.0,be3c8ce6-c1ec-4835-af3b-e49e199380c5,35.0,"Touring-2000 Blue, 60",BK-T44U-60,Blue,755.1508,1214.85,60,e2e52698-ce31-4fb2-866f-bcffbdfd3147,c4797df8-be0b-4d3a-a6c4-0f1765f0a822,27.9,T,M,U,2013-05-30 00:00:00,,
824e35ab-e7db-4b0d-a389-7524973b62ac,1.0,1.0,500.0,375.0,1.0,4cbd260b-f57a-4ade-a6da-06451fdb4a10,8.0,"LL Mountain Frame - Silver, 52",FR-M21S-52,Silver,144.5938,264.05,52,e2e52698-ce31-4fb2-866f-bcffbdfd3147,c4797df8-be0b-4d3a-a6c4-0f1765f0a822,3.04,M,L,U,2013-05-30 00:00:00,,
7fc1d395-4a5b-4206-b146-8ea741a5500f,0.0,0.0,1000.0,750.0,0.0,,,Flat Washer 9,FW-3400,,0.0,0.0,,,,,,,,2008-04-30 00:00:00,,
a188811a-7b81-404a-a51a-7dc0500740d4,0.0,1.0,4.0,3.0,0.0,fbf4da89-ce81-4717-af54-501a253fb881,24.0,,,White,3.3623,8.99,M,,,,R,,U,2013-05-30 00:00:00,,
f33d8a41-b92f-4f2a-8f75-76ea2f25722b,0.0,1.0,4.0,3.0,0.0,dd39091e-757a-41c2-b0b4-7563133e993c,33.0,"Sport-100 Helmet, Black",HL-U509,Black,13.0863,34.99,,,,,S,,,2011-05-31 00:00:00,,
cc87ec6f-4257-460c-b17f-5045b395544c,0.0,0.0,500.0,375.0,0.0,,,HL Crankarm,CA-7457,Black,0.0,0.0,,,,,,,,2008-04-30 00:00:00,,
710dd060-c9d6-4ed7-9439-918fab7deef5,1.0,0.0,500.0,375.0,1.0,,,LL Mountain Seat Assembly,SA-M198,,98.77,133.34,,,,,,L,,2008-04-30 00:00:00,,
7e1bc892-59f9-4451-ba15-dd777c88a7bf,1.0,1.0,500.0,375.0,2.0,4cbd260b-f57a-4ade-a6da-06451fdb4a10,8.0,"LL Mountain Frame - Black, 40",FR-M21B-40,Black,136.785,249.79,40,e2e52698-ce31-4fb2-866f-bcffbdfd3147,c4797df8-be0b-4d3a-a6c4-0f1765f0a822,2.88,M,L,U,2013-05-30 00:00:00,,
cec47ed4-a508-4555-a5ce-b74a99da90c7,0.0,0.0,1000.0,750.0,0.0,,,Hex Nut 11,HN-5162,,0.0,0.0,,,,,,,,2008-04-30 00:00:00,,
eecf7d11-2a88-4636-b66c-8404946577c6,0.0,1.0,4.0,3.0,0.0,fbf4da89-ce81-4717-af54-501a253fb881,24.0,"Racing Socks, L",,White,3.3623,8.99,L,,,,R,,U,2013-05-30 00:00:00,,
020cd2f9-46b3-4d75-8f85-9f19fd96d4dd,1.0,1.0,500.0,375.0,1.0,7ae37628-4eba-48d6-8e24-a09e80006956,103.0,Front Derailleur,FD-2342,Silver,40.6216,91.49,,,8c4f020f-f9c1-492b-8395-1372b7bda7a7,88.0,,,,2013-05-30 00:00:00,,
62d56d4d-017c-4f5e-8e3e-1e8b6806388f,0.0,0.0,800.0,600.0,0.0,,,ML Mountain Rim,RM-M692,,,0.0,,,8c4f020f-f9c1-492b-8395-1372b7bda7a7,450.0,,M,,2008-04-30 00:00:00,,
4660c97a-14a1-4d78-86f4-550d18f8b081,1.0,0.0,800.0,600.0,1.0,,,,SS-2985,,0.0,0.0,,,,,,,,2008-04-30 00:00:00,,
fe7a6a2b-d6a6-48e7-869b-91acf497fe83,0.0,1.0,500.0,375.0,0.0,4f0705e2-0929-407d-aebe-7d39f2cd831c,90.0,,TI-R982,,,32.6,,,,,R,H,,2013-05-30 00:00:00,,
bc0a9d76-5b62-47a5-a796-e3bd8dd02596,0.0,0.0,1000.0,750.0,0.0,,,,,,0.0,0.0,,,,,,,,2008-04-30 00:00:00,,
55c1563d-1a78-4cb6-843b-4b16ebb2cc45,0.0,0.0,1000.0,750.0,0.0,,,,HJ-1428,,0.0,0.0,,,,,,,,2008-04-30 00:00:00,,
429dd43b-118f-4503-af6e-75466945c7c3,1.0,1.0,500.0,375.0,1.0,d1d7c22b-3508-4c1c-ae1a-1002f0bddc10,105.0,ML Fork,FK-5136,,,175.49,,,,,,M,,2012-05-30 00:00:00,2013-05-29 00:00:00,
1f299c6c-f73a-4c59-96f4-819212f13d3e,0.0,0.0,1000.0,750.0,0.0,,,Thin-Jam Hex Nut 11,HJ-9161,,0.0,0.0,,,,,,,,2008-04-30 00:00:00,,
1e268fc8-3476-4240-a51e-5f3ba679dd56,1.0,1.0,100.0,75.0,4.0,5fb7ef8d-7610-4230-ae2a-09846fd56ada,29.0,"Road-550-W Yellow, 38",BK-R64Y-38,Yellow,713.0798,1120.49,38,e2e52698-ce31-4fb2-866f-bcffbdfd3147,c4797df8-be0b-4d3a-a6c4-0f1765f0a822,17.35,R,M,W,2012-05-30 00:00:00,,
d943aede-2a57-4244-ad61-241e606bfa4f,0.0,1.0,4.0,3.0,0.0,3efbcaad-1b67-4391-bdcd-505d47385bb2,32.0,"Short-Sleeve Classic Jersey, M",SJ-0194-M,Yellow,41.5723,53.99,M,,,,S,,U,2013-05-30 00:00:00,,
c526f54f-a0eb-46b9-b01b-dfc06d4908c1,0.0,0.0,1000.0,750.0,0.0,,,,MS-2341,,0.0,0.0,,,,,,,,2008-04-30 00:00:00,,
a031927d-5485-4496-a6c3-ad5e1f7cdd5e,1.0,1.0,100.0,75.0,4.0,5fb7ef8d-7610-4230-ae2a-09846fd56ada,26.0,,,Black,1554.9479,2443.35,48,e2e52698-ce31-4fb2-866f-bcffbdfd3147,c4797df8-be0b-4d3a-a6c4-0f1765f0a822,15.13,R,H,U,2012-05-30 00:00:00,,
aeb55b28-a8a4-43dc-8611-924b99cd17a1,0.0,0.0,1000.0,750.0,0.0,,,,FW-1000,,0.0,0.0,,,,,,,,2008-04-30 00:00:00,,
0ebd0784-173e-45b5-b534-a953030f49f0,0.0,0.0,60.0,45.0,0.0,,,Paint - Yellow,,,0.0,0.0,,,,,,,,2008-04-30 00:00:00,,
001a3a89-15cc-435e-89e5-0c844f44f595,0.0,1.0,4.0,3.0,0.0,3b4b1256-11d2-4713-860c-1e70bbc27950,38.0,,TG-W091-L,Black,30.9334,74.99,L,,,,S,,W,2012-05-30 00:00:00,2013-05-29 00:00:00,
76b26206-b478-4525-9ac7-ad960ec65410,0.0,0.0,1000.0,750.0,0.0,,,,LJ-5818,,0.0,0.0,,,,,,,,2008-04-30 00:00:00,,
a16ed5b0-74c7-4812-adea-04b4abfd72c7,1.0,1.0,100.0,75.0,4.0,5332b46f-2ec0-453b-8237-c78051d4c7bf,19.0,"Mountain-100 Silver, 38",BK-M82S-38,Silver,1912.1544,3399.99,38,e2e52698-ce31-4fb2-866f-bcffbdfd3147,c4797df8-be0b-4d3a-a6c4-0f1765f0a822,20.35,M,H,U,2011-05-31 00:00:00,2012-05-29 00:00:00,
95f3c08d-7417-46a2-8ddf-ede85539d8cb,1.0,1.0,100.0,75.0,4.0,be3c8ce6-c1ec-4835-af3b-e49e199380c5,36.0,"Touring-3000 Yellow, 58",BK-T18Y-58,Yellow,461.4448,742.35,58,e2e52698-ce31-4fb2-866f-bcffbdfd3147,c4797df8-be0b-4d3a-a6c4-0f1765f0a822,29.79,T,L,U,2013-05-30 00:00:00,,
5d2faec8-43ab-4b53-ac89-9f9ff89d1ef9,1.0,1.0,500.0,375.0,1.0,f9a7e077-33a4-4ef3-b979-beaf4bf163de,42.0,LL Mountain Front Wheel,FW-M423,Black,26.9708,60.745,,,,,M,L,,2012-05-30 00:00:00,2013-05-29 00:00:00,
65184fd4-a1cf-4b02-b15a-d4250852ab89,1.0,1.0,500.0,375.0,1.0,744d9b82-e80b-4c79-99b5-313f7a358c40,10.0,,FR-T67Y-62,Yellow,,333.42,62,e2e52698-ce31-4fb2-866f-bcffbdfd3147,c4797df8-be0b-4d3a-a6c4-0f1765f0a822,3.2,T,L,U,2013-05-30 00:00:00,,
9bce1547-f99a-40de-bf4a-22e457416b67,1.0,1.0,500.0,375.0,1.0,4cbd260b-f57a-4ade-a6da-06451fdb4a10,8.0,"LL Mountain Frame - Black, 44",FR-M21B-44,Black,136.785,249.79,44,e2e52698-ce31-4fb2-866f-bcffbdfd3147,c4797df8-be0b-4d3a-a6c4-0f1765f0a822,2.96,M,L,U,2013-05-30 00:00:00,,
06a767cc-48e8-4f48-8bad-9a59e47cbcca,1.0,0.0,500.0,375.0,1.0,,,,HU-6280,,0.0,0.0,,,,,,L,,2008-04-30 00:00:00,,
c62cc174-c497-4da7-8d2a-5a5068c9d246,1.0,1.0,500.0,375.0,1.0,620ba621-4c59-4a94-a9f5-f0bf14b38d42,6.0,"HL Road Frame - Red, 48",FR-R92R-48,Red,868.6342,1431.5,48,e2e52698-ce31-4fb2-866f-bcffbdfd3147,c4797df8-be0b-4d3a-a6c4-0f1765f0a822,2.16,R,H,U,2011-05-31 00:00:00,,
df72cd53-a39b-44c7-bf07-c7162e5d1d6c,1.0,1.0,100.0,75.0,4.0,5fb7ef8d-7610-4230-ae2a-09846fd56ada,30.0,"Road-650 Red, 48",BK-R50R-48,Red,486.7066,782.99,48,e2e52698-ce31-4fb2-866f-bcffbdfd3147,c4797df8-be0b-4d3a-a6c4-0f1765f0a822,19.13,R,L,U,2011-05-31 00:00:00,2013-05-29 00:00:00,
fa7db475-1b85-427c-8412-1631c8f94cca,1.0,1.0,100.0,75.0,4.0,5332b46f-2ec0-453b-8237-c78051d4c7bf,23.0,,BK-M18B-52,Black,294.5797,539.99,52,e2e52698-ce31-4fb2-866f-bcffbdfd3147,c4797df8-be0b-4d3a-a6c4-0f1765f0a822,28.68,M,L,U,2013-05-30 00:00:00,,
efc321a7-17e6-4901-bf79-eb34238b1814,0.0,0.0,1000.0,750.0,0.0,,,,MS-0253,,0.0,0.0,,,,,,,,2008-04-30 00:00:00,,
