ProductID,Name,ProductNumber,MakeFlag,FinishedGoodsFlag,Color,SafetyStockLevel,ReorderPoint,StandardCost,ListPrice,Size,SizeUnitMeasureCode,WeightUnitMeasureCode,Weight,DaysToManufacture,ProductLine,Class,Style,ProductSubcategoryID,ProductModelID,SellStartDate,SellEndDate,DiscontinuedDate,rowguid,ModifiedDate,ProductCategoryID,SubcategoryName,CategoryName,order_lines,order_count,total_qty,total_revenue,avg_unit_price,median_unit_price,avg_unit_discount,discounted_line_pct,online_order_pct,territory_count,last_sale_date,revenue_share_europe,revenue_share_north_america,revenue_share_pacific,price_record_count,list_price_min,list_price_max,list_price_mean,list_price_std,current_list_price,cost_record_count,standard_cost_min,standard_cost_max,standard_cost_mean,standard_cost_std,current_standard_cost,linked_offer_count,discount_offer_count,max_discount_pct,avg_discount_pct,max_min_qty,promo_days_total,gross_margin_amount,gross_margin_pct,list_price_range,cost_range,list_price_volatility,cost_volatility,revenue_per_order,qty_per_order,sold_flag,cluster
680,"HL Road Frame - Black, 58",FR-R92B-58,1,1,Black,500,375,1059.31,1431.5,58,CM ,LB ,2.24,1,R ,H ,U ,14.0,6.0,2019-04-30 00:00:00.000,,,43DD68D6-14A4-461F-9069-55309D90EA7E,2025-02-07 10:01:36.827,2.0,Road Frames,Components,0.0,0.0,0.0,0.0,1431.5,1431.5,0.0,0.0,0.0,0.0,,,,,,,,,0.0,1431.5,,,,,0.0,1059.31,1.0,0.0,0.0,0.0,0.0,1309.0,372.19000000000005,0.26000000000000006,0.0,0.0,0.0,0.0,0.0,0.0,0,6
706,"HL Road Frame - Red, 58",FR-R92R-58,1,1,Red,500,375,1059.31,1431.5,58,CM ,LB ,2.24,1,R ,H ,U ,14.0,6.0,2019-04-30 00:00:00.000,,,9540FF17-2712-4C90-A3D1-8CE5568B2462,2025-02-07 10:01:36.827,2.0,Road Frames,Components,0.0,0.0,0.0,0.0,1431.5,1431.5,0.0,0.0,0.0,0.0,,,,,,,,,0.0,1431.5,,,,,0.0,1059.31,1.0,0.0,0.0,0.0,0.0,1309.0,372.19000000000005,0.26000000000000006,0.0,0.0,0.0,0.0,0.0,0.0,0,6
707,"Sport-100 Helmet, Red",HL-U509-R,0,1,Red,4,3,13.0863,34.99,,,,,0,S ,,,31.0,33.0,2022-05-30 00:00:00.000,,,2E1EF41A-C08A-4FF6-8ADA-BDE58B64A712,2025-02-07 10:01:36.827,4.0,Helmets,Accessories,3083.0,3083.0,6266.0,157772.39439200002,30.886532533246836,34.99,0.002779759974051249,0.03373337658125203,0.7233214401556926,10.0,2025-06-29,0.25788890329513253,0.6303807647419658,0.11173033196290164,3.0,33.6442,34.99,34.092800000000004,0.7769979922754018,34.99,3.0,12.0278,13.8782,12.997433333333333,0.9283953917019051,13.0863,5.0,4.0,0.15,0.064,15.0,3559.0,21.9037,0.6259988568162332,1.345800000000004,1.8504000000000005,0.022790676983861745,0.07142913280585436,51.17495763606877,2.0324359390204347,1,5
708,"Sport-100 Helmet, Black",HL-U509,0,1,Black,4,3,13.0863,34.99,,,,,0,S ,,,31.0,33.0,2022-05-30 00:00:00.000,,,A25A44FB-C2DE-4268-958F-110B8D7621E2,2025-02-07 10:01:36.827,4.0,Helmets,Accessories,3007.0,3007.0,6532.0,160869.517836,30.44952810109744,34.99,0.0030129697372796808,0.039906883937479216,0.6933821084137014,10.0,2025-06-29,0.242982656135323,0.652266709768918,0.10475063409575892,3.0,33.6442,34.99,34.092800000000004,0.7769979922754018,34.99,3.0,12.0278,13.8782,12.997433333333333,0.9283953917019051,13.0863,5.0,4.0,0.15,0.064,15.0,3559.0,21.9037,0.6259988568162332,1.345800000000004,1.8504000000000005,0.022790676983861745,0.07142913280585436,53.498343144662456,2.172264715663452,1,5
709,"Mountain Bike Socks, M",SO-B909-M,0,1,White,4,3,3.3963,9.5,M,,,,0,M ,,U ,23.0,18.0,2022-05-30 00:00:00.000,2023-05-29 00:00:00.000,,18F95F47-1540-4E02-8F1F-CC1BCB6828D0,2025-02-07 10:01:36.827,3.0,Socks,Clothing,188.0,188.0,1107.0,6060.3882,5.656037234042554,5.7,0.004627659574468085,0.11702127659574468,0.0,6.0,2023-04-30,0.0,1.0,0.0,1.0,9.5,9.5,9.5,0.0,9.5,1.0,3.3963,3.3963,3.3963,0.0,3.3963,4.0,3.0,0.1,0.0425,25.0,4594.0,6.1037,0.6424947368421052,0.0,0.0,0.0,0.0,32.23610744680851,5.888297872340425,1,5
710,"Mountain Bike Socks, L",SO-B909-L,0,1,White,4,3,3.3963,9.5,L,,,,0,M ,,U ,23.0,18.0,2022-05-30 00:00:00.000,2023-05-29 00:00:00.000,,161C035E-21B3-4E14-8E44-AF508F35D80A,2025-02-07 10:01:36.827,3.0,Socks,Clothing,44.0,44.0,90.0,513.0,5.7,5.7,0.0,0.0,0.0,6.0,2023-04-30,0.0,1.0,0.0,1.0,9.5,9.5,9.5,0.0,9.5,1.0,3.3963,3.3963,3.3963,0.0,3.3963,1.0,0.0,0.0,0.0,0.0,1309.0,6.1037,0.6424947368421052,0.0,0.0,0.0,0.0,11.659090909090908,2.0454545454545454,1,0
711,"Sport-100 Helmet, Blue",HL-U509-B,0,1,Blue,4,3,13.0863,34.99,,,,,0,S ,,,31.0,33.0,2022-05-30 00:00:00.000,,,FD7C0858-4179-48C2-865B-ABD5DFC7BC1D,2025-02-07 10:01:36.827,4.0,Helmets,Accessories,3090.0,3090.0,6743.0,165406.617049,30.365002135922328,34.99,0.0029255663430420714,0.039482200647249194,0.6877022653721683,10.0,2025-06-29,0.24147080555530576,0.6535210858824195,0.10500810856227477,3.0,33.6442,34.99,34.092800000000004,0.7769979922754018,34.99,3.0,12.0278,13.8782,12.997433333333333,0.9283953917019051,13.0863,5.0,4.0,0.15,0.064,15.0,3559.0,21.9037,0.6259988568162332,1.345800000000004,1.8504000000000005,0.022790676983861745,0.07142913280585436,53.52964953042071,2.182200647249191,1,5
712,AWC Logo Cap,CA-1098,0,1,Multi,4,3,6.9223,8.99,,,,,0,S ,,U ,19.0,2.0,2022-05-30 00:00:00.000,,,B9EDE243-A6F4-4629-B1D4-FFE1AEDC6DE7,2025-02-07 10:01:36.827,3.0,Caps,Clothing,3382.0,3382.0,8311.0,51229.445623,7.66823095801301,8.99,0.0010644589000591367,0.03311649911295092,0.6475458308693081,10.0,2025-06-29,0.24756161630814294,0.6581809953622031,0.0942573883296539,3.0,8.6442,8.99,8.759466666666667,0.19964772308577292,8.99,3.0,5.2297,6.9223,5.9524,0.8729573700931793,6.9223,4.0,3.0,0.1,0.0425,25.0,4594.0,2.0677000000000003,0.23000000000000004,0.34580000000000055,1.6925999999999997,0.022792223623101817,0.14665636887527372,15.147677594027202,2.4574216439976344,1,5
713,"Long-Sleeve Logo Jersey, S",LJ-0192-S,0,1,Multi,4,3,38.4923,49.99,S,,,,0,S ,,U ,21.0,11.0,2022-05-30 00:00:00.000,,,FD449C82-A259-4FAE-8584-6CA0255FAF68,2025-02-07 10:01:36.827,3.0,Jerseys,Clothing,429.0,429.0,429.0,21445.71,49.989999999999995,49.99,0.0,0.0,1.0,8.0,2025-06-29,0.3263403263403264,0.5804195804195804,0.09324009324009325,3.0,48.0673,49.99,48.708200000000005,1.1100713625708918,49.99,3.0,29.0807,38.4923,33.099133333333334,4.854067618331386,38.4923,1.0,0.0,0.0,0.0,0.0,1309.0,11.497700000000002,0.23000000000000004,1.922699999999999,9.4116,0.02279023578311027,0.1466524083711573,49.989999999999995,1.0,1,7
714,"Long-Sleeve Logo Jersey, M",LJ-0192-M,0,1,Multi,4,3,38.4923,49.99,M,,,,0,S ,,U ,21.0,11.0,2022-05-30 00:00:00.000,,,6A290063-A0CF-432A-8110-2EA0FDA14308,2025-02-07 10:01:36.827,3.0,Jerseys,Clothing,1218.0,1218.0,3636.0,115249.214976,36.7811408045977,29.994,0.0005829228243021346,0.025451559934318555,0.36288998357963875,10.0,2025-06-29,0.21538858628381397,0.7500390051073313,0.03457240860885463,3.0,48.0673,49.99,48.708200000000005,1.1100713625708918,49.99,3.0,29.0807,38.4923,33.099133333333334,4.854067618331386,38.4923,3.0,2.0,0.05,0.023333333333333334,15.0,3499.0,11.497700000000002,0.23000000000000004,1.922699999999999,9.4116,0.02279023578311027,0.1466524083711573,94.6216871724138,2.9852216748768474,1,5
715,"Long-Sleeve Logo Jersey, L",LJ-0192-L,0,1,Multi,4,3,38.4923,49.99,L,,,,0,S ,,U ,21.0,11.0,2022-05-30 00:00:00.000,,,34CF5EF5-C077-4EA0-914A-084814D5CBD5,2025-02-07 10:01:36.827,3.0,Jerseys,Clothing,1635.0,1635.0,6592.0,198754.97536,34.90102214067278,29.994,0.002122324159021407,0.06788990825688074,0.2764525993883792,10.0,2025-06-29,0.18258699308165083,0.7752526849700694,0.0421603219482797,3.0,48.0673,49.99,48.708200000000005,1.1100713625708918,49.99,3.0,29.0807,38.4923,33.099133333333334,4.854067618331386,38.4923,4.0,3.0,0.1,0.0425,25.0,4594.0,11.497700000000002,0.23000000000000004,1.922699999999999,9.4116,0.02279023578311027,0.1466524083711573,121.56267606116208,4.031804281345566,1,5
716,"Long-Sleeve Logo Jersey, XL",LJ-0192-X,0,1,Multi,4,3,38.4923,49.99,XL,,,,0,S ,,U ,21.0,11.0,2022-05-30 00:00:00.000,,,6EC47EC9-C041-4DDA-B686-2125D539CE9B,2025-02-07 10:01:36.827,3.0,Jerseys,Clothing,1076.0,1076.0,2980.0,95611.19708,37.16500520446096,29.994,0.00022304832713754646,0.011152416356877323,0.38382899628252787,10.0,2025-06-29,0.2039946972286146,0.7647390694085847,0.031266233362800606,3.0,48.0673,49.99,48.708200000000005,1.1100713625708918,49.99,3.0,29.0807,38.4923,33.099133333333334,4.854067618331386,38.4923,2.0,1.0,0.02,0.01,11.0,2404.0,11.497700000000002,0.23000000000000004,1.922699999999999,9.4116,0.02279023578311027,0.1466524083711573,88.85798985130111,2.7695167286245352,1,5
717,"HL Road Frame - Red, 62",FR-R92R-62,1,1,Red,500,375,868.6342,1431.5,62,CM ,LB ,2.3,1,R ,H ,U ,14.0,6.0,2022-05-30 00:00:00.000,,,052E4F8B-0A2A-46B2-9F42-10FEBCFAE416,2025-02-07 10:01:36.827,2.0,Road Frames,Components,218.0,218.0,485.0,394255.5724,814.0413880733945,780.8182,0.0,0.0,0.0,9.0,2025-04-30,0.1441794819892316,0.8558205180107683,0.0,3.0,1263.4598,1431.5,1332.1078,88.13785554028411,1431.5,3.0,722.2568,868.6342,779.6197333333333,78.1533779145427,868.6342,1.0,0.0,0.0,0.0,0.0,1309.0,562.8658,0.39320000000000005,168.0401999999999,146.37739999999997,0.06616420648560432,0.10024551018018875,1808.5118,2.2247706422018347,1,3
718,"HL Road Frame - Red, 44",FR-R92R-44,1,1,Red,500,375,868.6342,1431.5,44,CM ,LB ,2.12,1,R ,H ,U ,14.0,6.0,2022-05-30 00:00:00.000,,,A88D3B54-2CAE-43F2-8C6E-EA1D97B46A7C,2025-02-07 10:01:36.827,2.0,Road Frames,Components,219.0,219.0,486.0,395182.6993,813.2804543378996,780.8182,0.0,0.0,0.0,9.0,2025-04-30,0.15075667003016494,0.8492433299698351,0.0,3.0,1263.4598,1431.5,1332.1078,88.13785554028411,1431.5,3.0,722.2568,868.6342,779.6197333333333,78.1533779145427,868.6342,1.0,0.0,0.0,0.0,0.0,1309.0,562.8658,0.39320000000000005,168.0401999999999,146.37739999999997,0.06616420648560432,0.10024551018018875,1804.487211415525,2.219178082191781,1,3
719,"HL Road Frame - Red, 48",FR-R92R-48,1,1,Red,500,375,868.6342,1431.5,48,CM ,LB ,2.16,1,R ,H ,U ,14.0,6.0,2022-05-30 00:00:00.000,,,07BEFC9A-7634-402B-B234-D7797733BAAF,2025-02-07 10:01:36.827,2.0,Road Frames,Components,44.0,44.0,109.0,89872.1736,821.6336863636363,858.9,0.0,0.0,0.0,8.0,2024-07-30,0.21285838356534423,0.7871416164346559,0.0,3.0,1263.4598,1431.5,1332.1078,88.13785554028411,1431.5,3.0,722.2568,868.6342,779.6197333333333,78.1533779145427,868.6342,1.0,0.0,0.0,0.0,0.0,1309.0,562.8658,0.39320000000000005,168.0401999999999,146.37739999999997,0.06616420648560432,0.10024551018018875,2042.5493999999999,2.477272727272727,1,3
720,"HL Road Frame - Red, 52",FR-R92R-52,1,1,Red,500,375,868.6342,1431.5,52,CM ,LB ,2.2,1,R ,H ,U ,14.0,6.0,2022-05-30 00:00:00.000,,,FCFEA68F-310E-4E6E-9F99-BB17D011EBAE,2025-02-07 10:01:36.827,2.0,Road Frames,Components,0.0,0.0,0.0,0.0,1431.5,1431.5,0.0,0.0,0.0,0.0,,,,,3.0,1263.4598,1431.5,1332.1078,88.13785554028411,1431.5,3.0,722.2568,868.6342,779.6197333333333,78.1533779145427,868.6342,1.0,0.0,0.0,0.0,0.0,1309.0,562.8658,0.39320000000000005,168.0401999999999,146.37739999999997,0.06616420648560432,0.10024551018018875,0.0,0.0,0,6
721,"HL Road Frame - Red, 56",FR-R92R-56,1,1,Red,500,375,868.6342,1431.5,56,CM ,LB ,2.24,1,R ,H ,U ,14.0,6.0,2022-05-30 00:00:00.000,,,56C85873-4993-41B4-8096-1067CFD7E4BD,2025-02-07 10:01:36.827,2.0,Road Frames,Components,0.0,0.0,0.0,0.0,1431.5,1431.5,0.0,0.0,0.0,0.0,,,,,3.0,1263.4598,1431.5,1332.1078,88.13785554028411,1431.5,3.0,722.2568,868.6342,779.6197333333333,78.1533779145427,868.6342,1.0,0.0,0.0,0.0,0.0,1309.0,562.8658,0.39320000000000005,168.0401999999999,146.37739999999997,0.06616420648560432,0.10024551018018875,0.0,0.0,0,6
722,"LL Road Frame - Black, 58",FR-R38B-58,1,1,Black,500,375,204.6251,337.22,58,CM ,LB ,2.46,1,R ,L ,U ,14.0,9.0,2022-05-30 00:00:00.000,,,2140F256-F705-4D67-975D-32DE03265838,2025-02-07 10:01:36.827,2.0,Road Frames,Components,392.0,392.0,940.0,177635.904,188.35670714285712,183.9382,0.0,0.0,0.0,9.0,2025-04-30,0.12032262013877555,0.8796773798612245,0.0,3.0,297.6346,337.22,313.8060666666667,20.762730211928613,337.22,3.0,170.1428,204.6251,183.65586666666664,18.410678133717223,204.6251,2.0,1.0,0.35,0.175,0.0,1354.0,132.59490000000002,0.39319998813830737,39.58540000000005,34.48230000000001,0.06616420910046761,0.10024552151733002,453.1528163265306,2.3979591836734695,1,2
723,"LL Road Frame - Black, 60",FR-R38B-60,1,1,Black,500,375,204.6251,337.22,60,CM ,LB ,2.48,1,R ,L ,U ,14.0,9.0,2022-05-30 00:00:00.000,,,AA95E2A5-E7C4-4B74-B1EA-B52EE3B51537,2025-02-07 10:01:36.827,2.0,Road Frames,Components,52.0,52.0,129.0,24844.6922,193.03207307692307,193.1351,0.0,0.0,0.0,8.0,2024-07-30,0.18434765716276416,0.8156523428372359,0.0,3.0,297.6346,337.22,313.8060666666667,20.762730211928613,337.22,3.0,170.1428,204.6251,183.65586666666664,18.410678133717223,204.6251,2.0,1.0,0.35,0.175,0.0,1354.0,132.59490000000002,0.39319998813830737,39.58540000000005,34.48230000000001,0.06616420910046761,0.10024552151733002,477.7825423076923,2.480769230769231,1,2
724,"LL Road Frame - Black, 62",FR-R38B-62,1,1,Black,500,375,204.6251,337.22,62,CM ,LB ,2.5,1,R ,L ,U ,14.0,9.0,2022-05-30 00:00:00.000,,,5247BE33-50BF-4527-8A30-A39AAE500A8E,2025-02-07 10:01:36.827,2.0,Road Frames,Components,0.0,0.0,0.0,0.0,337.22,337.22,0.0,0.0,0.0,0.0,,,,,3.0,297.6346,337.22,313.8060666666667,20.762730211928613,337.22,3.0,170.1428,204.6251,183.65586666666664,18.410678133717223,204.6251,2.0,1.0,0.35,0.175,0.0,1354.0,132.59490000000002,0.39319998813830737,39.58540000000005,34.48230000000001,0.06616420910046761,0.10024552151733002,0.0,0.0,0,6
725,"LL Road Frame - Red, 44",FR-R38R-44,1,1,Red,500,375,187.1571,337.22,44,CM ,LB ,2.32,1,R ,L ,U ,14.0,9.0,2022-05-30 00:00:00.000,2024-05-28 00:00:00.000,,137D319D-44AD-42B2-AB61-60B9CE52B5F2,2025-02-07 10:01:36.827,2.0,Road Frames,Components,374.0,374.0,991.0,194692.599104,194.5252909090909,202.332,0.00010695187165775402,0.0053475935828877,0.0,8.0,2024-04-29,0.07794287029828978,0.9220571297017103,0.0,2.0,306.5636,337.22,321.8918,21.67734832676731,337.22,2.0,181.4857,187.1571,184.3214,4.01028539882139,187.1571,3.0,2.0,0.35,0.12333333333333334,11.0,2449.0,150.0629,0.445,30.65640000000002,5.6714000000000055,0.06734358665479304,0.021757025493629005,520.568446802139,2.6497326203208558,1,2
726,"LL Road Frame - Red, 48",FR-R38R-48,1,1,Red,500,375,187.1571,337.22,48,CM ,LB ,2.36,1,R ,L ,U ,14.0,9.0,2022-05-30 00:00:00.000,2024-05-28 00:00:00.000,,35213547-275F-4767-805D-C8A4B8E13745,2025-02-07 10:01:36.827,2.0,Road Frames,Components,288.0,288.0,671.0,132125.2522,195.63444305555555,202.332,0.0,0.0,0.0,9.0,2025-02-27,0.0726887967295021,0.927311203270498,0.0,2.0,306.5636,337.22,321.8918,21.67734832676731,337.22,2.0,181.4857,187.1571,184.3214,4.01028539882139,187.1571,2.0,1.0,0.35,0.175,0.0,1354.0,150.0629,0.445,30.65640000000002,5.6714000000000055,0.06734358665479304,0.021757025493629005,458.7682368055555,2.329861111111111,1,2
727,"LL Road Frame - Red, 52",FR-R38R-52,1,1,Red,500,375,187.1571,337.22,52,CM ,LB ,2.4,1,R ,L ,U ,14.0,9.0,2022-05-30 00:00:00.000,2024-05-28 00:00:00.000,,C455E0B3-D716-419D-ABF0-7E03EFDD2E26,2025-02-07 10:01:36.827,2.0,Road Frames,Components,48.0,48.0,100.0,20104.4434,200.032775,202.332,0.0,0.0,0.0,8.0,2024-04-29,0.09057639466905111,0.9094236053309488,0.0,2.0,306.5636,337.22,321.8918,21.67734832676731,337.22,2.0,181.4857,187.1571,184.3214,4.01028539882139,187.1571,2.0,1.0,0.35,0.175,0.0,1354.0,150.0629,0.445,30.65640000000002,5.6714000000000055,0.06734358665479304,0.021757025493629005,418.84257083333335,2.0833333333333335,1,2
728,"LL Road Frame - Red, 58",FR-R38R-58,1,1,Red,500,375,187.1571,337.22,58,CM ,LB ,2.46,1,R ,L ,U ,14.0,9.0,2022-05-30 00:00:00.000,2024-05-28 00:00:00.000,,799A56FF-5AD2-41B3-BFAC-528B477AD129,2025-02-07 10:01:36.827,2.0,Road Frames,Components,0.0,0.0,0.0,0.0,337.22,337.22,0.0,0.0,0.0,0.0,,,,,2.0,306.5636,337.22,321.8918,21.67734832676731,337.22,2.0,181.4857,187.1571,184.3214,4.01028539882139,187.1571,2.0,1.0,0.35,0.175,0.0,1354.0,150.0629,0.445,30.65640000000002,5.6714000000000055,0.06734358665479304,0.021757025493629005,0.0,0.0,0,6
729,"LL Road Frame - Red, 60",FR-R38R-60,1,1,Red,500,375,187.1571,337.22,60,CM ,LB ,2.48,1,R ,L ,U ,14.0,9.0,2022-05-30 00:00:00.000,2024-05-28 00:00:00.000,,1784BB14-D1F5-4B24-92DA-9127AD179302,2025-02-07 10:01:36.827,2.0,Road Frames,Components,375.0,375.0,996.0,195933.4094,194.75702453333332,202.332,0.0,0.0,0.0,9.0,2024-06-29,0.07173523720656493,0.9282647627934351,0.0,2.0,306.5636,337.22,321.8918,21.67734832676731,337.22,2.0,181.4857,187.1571,184.3214,4.01028539882139,187.1571,2.0,1.0,0.35,0.175,0.0,1354.0,150.0629,0.445,30.65640000000002,5.6714000000000055,0.06734358665479304,0.021757025493629005,522.4890917333333,2.656,1,2
730,"LL Road Frame - Red, 62",FR-R38R-62,1,1,Red,500,375,187.1571,337.22,62,CM ,LB ,2.5,1,R ,L ,U ,14.0,9.0,2022-05-30 00:00:00.000,2024-05-28 00:00:00.000,,7E73AA1F-8569-4D87-9F80-AC2E513E0803,2025-02-07 10:01:36.827,2.0,Road Frames,Components,288.0,288.0,697.0,137213.485128,195.93036180555555,202.332,6.944444444444444e-05,0.003472222222222222,0.0,9.0,2025-03-29,0.08621366616382238,0.9137863338361777,0.0,2.0,306.5636,337.22,321.8918,21.67734832676731,337.22,2.0,181.4857,187.1571,184.3214,4.01028539882139,187.1571,3.0,2.0,0.35,0.12333333333333334,11.0,2449.0,150.0629,0.445,30.65640000000002,5.6714000000000055,0.06734358665479304,0.021757025493629005,476.43571225,2.420138888888889,1,2
731,"ML Road Frame - Red, 44",FR-R72R-44,1,1,Red,500,375,352.1394,594.83,44,CM ,LB ,2.22,1,R ,M ,U ,14.0,16.0,2022-05-30 00:00:00.000,2023-05-29 00:00:00.000,,459E041C-3234-409E-B4CD-81728F8A2398,2025-02-07 10:01:36.827,2.0,Road Frames,Components,0.0,0.0,0.0,0.0,594.83,594.83,0.0,0.0,0.0,0.0,,,,,1.0,594.83,594.83,594.83,0.0,594.83,1.0,352.1394,352.1394,352.1394,0.0,352.1394,1.0,0.0,0.0,0.0,0.0,1309.0,242.69060000000002,0.40799993275389607,0.0,0.0,0.0,0.0,0.0,0.0,0,6
732,"ML Road Frame - Red, 48",FR-R72R-48,1,1,Red,500,375,352.1394,594.83,48,CM ,LB ,2.26,1,R ,M ,U ,14.0,16.0,2022-05-30 00:00:00.000,2023-05-29 00:00:00.000,,B673189C-C042-413B-8194-73BC44B0492C,2025-02-07 10:01:36.827,2.0,Road Frames,Components,130.0,130.0,250.0,89224.5,356.898,356.898,0.0,0.0,0.0,6.0,2023-04-30,0.0,1.0,0.0,1.0,594.83,594.83,594.83,0.0,594.83,1.0,352.1394,352.1394,352.1394,0.0,352.1394,1.0,0.0,0.0,0.0,0.0,1309.0,242.69060000000002,0.40799993275389607,0.0,0.0,0.0,0.0,686.3423076923077,1.9230769230769231,1,0
733,"ML Road Frame - Red, 52",FR-R72R-52,1,1,Red,500,375,352.1394,594.83,52,CM ,LB ,2.3,1,R ,M ,U ,14.0,16.0,2022-05-30 00:00:00.000,2023-05-29 00:00:00.000,,55EA276B-82D8-4CCB-9AB1-9B1B75B15A83,2025-02-07 10:01:36.827,2.0,Road Frames,Components,44.0,44.0,90.0,32120.82,356.898,356.898,0.0,0.0,0.0,5.0,2023-04-30,0.0,1.0,0.0,1.0,594.83,594.83,594.83,0.0,594.83,1.0,352.1394,352.1394,352.1394,0.0,352.1394,1.0,0.0,0.0,0.0,0.0,1309.0,242.69060000000002,0.40799993275389607,0.0,0.0,0.0,0.0,730.0186363636363,2.0454545454545454,1,0
734,"ML Road Frame - Red, 58",FR-R72R-58,1,1,Red,500,375,352.1394,594.83,58,CM ,LB ,2.36,1,R ,M ,U ,14.0,16.0,2022-05-30 00:00:00.000,2023-05-29 00:00:00.000,,DF4CE1E2-BA9A-4657-B999-CCFA6C55D9C1,2025-02-07 10:01:36.827,2.0,Road Frames,Components,0.0,0.0,0.0,0.0,594.83,594.83,0.0,0.0,0.0,0.0,,,,,1.0,594.83,594.83,594.83,0.0,594.83,1.0,352.1394,352.1394,352.1394,0.0,352.1394,1.0,0.0,0.0,0.0,0.0,1309.0,242.69060000000002,0.40799993275389607,0.0,0.0,0.0,0.0,0.0,0.0,0,6
735,"ML Road Frame - Red, 60",FR-R72R-60,1,1,Red,500,375,352.1394,594.83,60,CM ,LB ,2.38,1,R ,M ,U ,14.0,16.0,2022-05-30 00:00:00.000,2023-05-29 00:00:00.000,,B2E48E8C-63A5-469A-BA4C-4F5EBB1104A4,2025-02-07 10:01:36.827,2.0,Road Frames,Components,0.0,0.0,0.0,0.0,594.83,594.83,0.0,0.0,0.0,0.0,,,,,1.0,594.83,594.83,594.83,0.0,594.83,1.0,352.1394,352.1394,352.1394,0.0,352.1394,1.0,0.0,0.0,0.0,0.0,1309.0,242.69060000000002,0.40799993275389607,0.0,0.0,0.0,0.0,0.0,0.0,0,6
736,"LL Road Frame - Black, 44",FR-R38B-44,1,1,Black,500,375,204.6251,337.22,44,CM ,LB ,2.32,1,R ,L ,U ,14.0,9.0,2022-05-30 00:00:00.000,,,C9967889-F490-4A66-943A-BCE432E938D8,2025-02-07 10:01:36.827,2.0,Road Frames,Components,110.0,110.0,238.0,45164.6846,189.34594727272727,183.9382,0.0,0.0,0.0,9.0,2025-04-30,0.13235985710835677,0.8676401428916433,0.0,3.0,297.6346,337.22,313.8060666666667,20.762730211928613,337.22,3.0,170.1428,204.6251,183.65586666666664,18.410678133717223,204.6251,2.0,1.0,0.35,0.175,0.0,1354.0,132.59490000000002,0.39319998813830737,39.58540000000005,34.48230000000001,0.06616420910046761,0.10024552151733002,410.5880418181818,2.1636363636363636,1,2
737,"LL Road Frame - Black, 48",FR-R38B-48,1,1,Black,500,375,204.6251,337.22,48,CM ,LB ,2.36,1,R ,L ,U ,14.0,9.0,2022-05-30 00:00:00.000,,,3B5F29B6-A441-4FF7-A0FA-FAD10E2CEB4C,2025-02-07 10:01:36.827,2.0,Road Frames,Components,0.0,0.0,0.0,0.0,337.22,337.22,0.0,0.0,0.0,0.0,,,,,3.0,297.6346,337.22,313.8060666666667,20.762730211928613,337.22,3.0,170.1428,204.6251,183.65586666666664,18.410678133717223,204.6251,2.0,1.0,0.35,0.175,0.0,1354.0,132.59490000000002,0.39319998813830737,39.58540000000005,34.48230000000001,0.06616420910046761,0.10024552151733002,0.0,0.0,0,6
738,"LL Road Frame - Black, 52",FR-R38B-52,1,1,Black,500,375,204.6251,337.22,52,CM ,LB ,2.4,1,R ,L ,U ,14.0,9.0,2022-05-30 00:00:00.000,,,18FC5D72-A012-4DC7-BB35-0D01A84D0219,2025-02-07 10:01:36.827,2.0,Road Frames,Components,600.0,600.0,1581.0,299595.522966,189.12310316666668,183.9382,0.00013333333333333334,0.006666666666666667,0.0,9.0,2025-04-30,0.12102617855245751,0.8789738214475425,0.0,3.0,297.6346,337.22,313.8060666666667,20.762730211928613,337.22,3.0,170.1428,204.6251,183.65586666666664,18.410678133717223,204.6251,3.0,2.0,0.35,0.12333333333333334,11.0,2449.0,132.59490000000002,0.39319998813830737,39.58540000000005,34.48230000000001,0.06616420910046761,0.10024552151733002,499.32587161000004,2.635,1,2
739,"HL Mountain Frame - Silver, 42",FR-M94S-42,1,1,Silver,500,375,747.2002,1364.5,42,CM ,LB ,2.72,1,M ,H ,U ,12.0,5.0,2022-05-30 00:00:00.000,,,8AE32663-8D6F-457D-8343-5B181FEC43A7,2025-02-07 10:01:36.827,2.0,Mountain Frames,Components,167.0,167.0,347.0,269874.0096,775.7510263473055,744.2727,0.0,0.0,0.0,10.0,2025-04-30,0.17567520551634472,0.82129115667165,0.0030336378120051463,3.0,1204.3248,1364.5,1269.7597666666668,84.01263395801443,1364.5,3.0,623.8403,747.2002,677.3182333333333,63.294829679866716,747.2002,1.0,0.0,0.0,0.0,0.0,1309.0,617.2998,0.4524,160.1751999999999,123.35990000000004,0.06616419590814548,0.09344917435393621,1616.012033532934,2.0778443113772456,1,3
740,"HL Mountain Frame - Silver, 44",FR-M94S-44,1,1,Silver,500,375,706.811,1364.5,44,CM ,LB ,2.76,1,M ,H ,U ,12.0,5.0,2022-05-30 00:00:00.000,2023-05-29 00:00:00.000,,1909C60C-C490-411D-B3E6-12DDD7832482,2025-02-07 10:01:36.827,2.0,Mountain Frames,Components,0.0,0.0,0.0,0.0,1364.5,1364.5,0.0,0.0,0.0,0.0,,,,,1.0,1364.5,1364.5,1364.5,0.0,1364.5,1.0,706.811,706.811,706.811,0.0,706.811,1.0,0.0,0.0,0.0,0.0,1309.0,657.689,0.482,0.0,0.0,0.0,0.0,0.0,0.0,0,6
741,"HL Mountain Frame - Silver, 48",FR-M94S-52,1,1,Silver,500,375,706.811,1364.5,48,CM ,LB ,2.8,1,M ,H ,U ,12.0,5.0,2022-05-30 00:00:00.000,2023-05-29 00:00:00.000,,B181EC1F-CA20-4724-B2EB-15F3E455142E,2025-02-07 10:01:36.827,2.0,Mountain Frames,Components,94.0,94.0,173.0,141635.1,818.7,818.7,0.0,0.0,0.0,6.0,2023-04-30,0.0,1.0,0.0,1.0,1364.5,1364.5,1364.5,0.0,1364.5,1.0,706.811,706.811,706.811,0.0,706.811,1.0,0.0,0.0,0.0,0.0,1309.0,657.689,0.482,0.0,0.0,0.0,0.0,1506.7563829787234,1.8404255319148937,1,0
742,"HL Mountain Frame - Silver, 46",FR-M94S-46,1,1,Silver,500,375,747.2002,1364.5,46,CM ,LB ,2.84,1,M ,H ,U ,12.0,5.0,2022-05-30 00:00:00.000,,,A189D86E-D923-4336-B13D-A5DB6F426540,2025-02-07 10:01:36.827,2.0,Mountain Frames,Components,288.0,288.0,649.0,499556.5724,766.580329513889,744.2727,0.0,0.0,0.0,10.0,2025-04-30,0.15494613998997,0.8335818860302517,0.01147197397977823,3.0,1204.3248,1364.5,1269.7597666666668,84.01263395801443,1364.5,3.0,623.8403,747.2002,677.3182333333333,63.294829679866716,747.2002,1.0,0.0,0.0,0.0,0.0,1309.0,617.2998,0.4524,160.1751999999999,123.35990000000004,0.06616419590814548,0.09344917435393621,1734.5714319444444,2.2534722222222223,1,3
743,"HL Mountain Frame - Black, 42",FR-M94B-42,1,1,Black,500,375,739.041,1349.6,42,CM ,LB ,2.72,1,M ,H ,U ,12.0,5.0,2022-05-30 00:00:00.000,,,27DB28F8-5AB8-4091-B94E-6F1B2D8E7AB0,2025-02-07 10:01:36.827,2.0,Mountain Frames,Components,481.0,481.0,1181.0,901590.2336,760.0902918918919,736.1455,0.0,0.0,0.0,10.0,2025-04-30,0.1391310412704098,0.852785641355022,0.00808331737456833,3.0,1191.1739,1349.6,1255.8943333333334,83.095217093665,1349.6,3.0,617.0281,739.041,669.9220666666666,62.603706752103285,739.041,1.0,0.0,0.0,0.0,0.0,1309.0,610.5589999999999,0.4523999703615885,158.4260999999999,122.01290000000006,0.06616417869576474,0.09344923815332841,1874.4079700623702,2.455301455301455,1,3
744,"HL Mountain Frame - Black, 44",FR-M94B-44,1,1,Black,500,375,699.0928,1349.6,44,CM ,LB ,2.76,1,M ,H ,U ,12.0,5.0,2022-05-30 00:00:00.000,2023-05-29 00:00:00.000,,CB443286-6B25-409F-A10B-1AD4EEB4BD4E,2025-02-07 10:01:36.827,2.0,Mountain Frames,Components,13.0,13.0,17.0,13765.92,809.76,809.76,0.0,0.0,0.0,4.0,2023-04-30,0.0,1.0,0.0,1.0,1349.6,1349.6,1349.6,0.0,1349.6,1.0,699.0928,699.0928,699.0928,0.0,699.0928,1.0,0.0,0.0,0.0,0.0,1309.0,650.5071999999999,0.482,0.0,0.0,0.0,0.0,1058.916923076923,1.3076923076923077,1,0
745,"HL Mountain Frame - Black, 48",FR-M94B-48,1,1,Black,500,375,699.0928,1349.6,48,CM ,LB ,2.8,1,M ,H ,U ,12.0,5.0,2022-05-30 00:00:00.000,2023-05-29 00:00:00.000,,1FEE0573-6676-432D-8D6D-41BA9FAA5865,2025-02-07 10:01:36.827,2.0,Mountain Frames,Components,76.0,76.0,131.0,106078.56,809.76,809.76,0.0,0.0,0.0,5.0,2023-04-30,0.0,1.0,0.0,1.0,1349.6,1349.6,1349.6,0.0,1349.6,1.0,699.0928,699.0928,699.0928,0.0,699.0928,1.0,0.0,0.0,0.0,0.0,1309.0,650.5071999999999,0.482,0.0,0.0,0.0,0.0,1395.7705263157895,1.7236842105263157,1,0
746,"HL Mountain Frame - Black, 46",FR-M94B-46,1,1,Black,500,375,739.041,1349.6,46,CM ,LB ,2.84,1,M ,H ,U ,12.0,5.0,2022-05-30 00:00:00.000,,,50ABEBCB-451E-42B9-8DBB-E5C4A34470E9,2025-02-07 10:01:36.827,2.0,Mountain Frames,Components,0.0,0.0,0.0,0.0,1349.6,1349.6,0.0,0.0,0.0,0.0,,,,,3.0,1191.1739,1349.6,1255.8943333333334,83.095217093665,1349.6,3.0,617.0281,739.041,669.9220666666666,62.603706752103285,739.041,1.0,0.0,0.0,0.0,0.0,1309.0,610.5589999999999,0.4523999703615885,158.4260999999999,122.01290000000006,0.06616417869576474,0.09344923815332841,0.0,0.0,0,6
747,"HL Mountain Frame - Black, 38",FR-M94B-38,1,1,Black,500,375,739.041,1349.6,38,CM ,LB ,2.68,2,M ,H ,U ,12.0,5.0,2022-05-30 00:00:00.000,,,0C548577-3171-4CE2-B9A0-1ED526849DE8,2025-02-07 10:01:36.827,2.0,Mountain Frames,Components,289.0,289.0,659.0,501788.1977,757.623691349481,736.1455,0.0,0.0,0.0,10.0,2025-04-30,0.13760874671126208,0.8575500074979144,0.004841245790823429,3.0,1191.1739,1349.6,1255.8943333333334,83.095217093665,1349.6,3.0,617.0281,739.041,669.9220666666666,62.603706752103285,739.041,1.0,0.0,0.0,0.0,0.0,1309.0,610.5589999999999,0.4523999703615885,158.4260999999999,122.01290000000006,0.06616417869576474,0.09344923815332841,1736.2913415224914,2.2802768166089966,1,3
748,"HL Mountain Frame - Silver, 38",FR-M94S-38,1,1,Silver,500,375,747.2002,1364.5,38,CM ,LB ,2.68,2,M ,H ,U ,12.0,5.0,2022-05-30 00:00:00.000,,,F246ACAA-A80B-40EC-9208-02EDEF885129,2025-02-07 10:01:36.827,2.0,Mountain Frames,Components,491.0,491.0,1206.0,930780.6807,768.5145765784114,744.2727,4.0733197556008144e-05,0.002036659877800407,0.0,10.0,2025-04-30,0.13729509910314577,0.8565478113495184,0.006157089547335724,3.0,1204.3248,1364.5,1269.7597666666668,84.01263395801443,1364.5,3.0,623.8403,747.2002,677.3182333333333,63.294829679866716,747.2002,2.0,1.0,0.02,0.01,11.0,2404.0,617.2998,0.4524,160.1751999999999,123.35990000000004,0.06616419590814548,0.09344917435393621,1895.683667413442,2.4562118126272914,1,4
749,"Road-150 Red, 62",BK-R93R-62,1,1,Red,100,75,2171.2942,3578.27,62,CM ,LB ,15.0,4,R ,H ,U ,2.0,25.0,2022-05-30 00:00:00.000,2023-05-29 00:00:00.000,,BC621E1F-2553-4FDC-B22E-5E44A9003569,2025-02-07 10:01:36.827,1.0,Road Bikes,Bikes,470.0,470.0,600.0,1769096.688,3170.1949531914893,3578.27,0.0,0.0,0.7148936170212766,10.0,2023-05-29,0.14158576051779936,0.6338996763754046,0.22451456310679613,1.0,3578.27,3578.27,3578.27,0.0,3578.27,1.0,2171.2942,2171.2942,2171.2942,0.0,2171.2942,1.0,0.0,0.0,0.0,0.0,1309.0,1406.9758000000002,0.39320001006072774,0.0,0.0,0.0,0.0,3764.035506382979,1.2765957446808511,1,3
750,"Road-150 Red, 44",BK-R93R-44,1,1,Red,100,75,2171.2942,3578.27,44,CM ,LB ,13.77,4,R ,H ,U ,2.0,25.0,2022-05-30 00:00:00.000,2023-05-29 00:00:00.000,,C19E1136-5DA4-4B40-8758-54A85D7EA494,2025-02-07 10:01:36.827,1.0,Road Bikes,Bikes,358.0,358.0,437.0,1340419.942,3270.4188379888265,3578.27,0.0,0.0,0.7849162011173184,10.0,2023-05-29,0.17885744794447409,0.5835557928457021,0.23758675920982378,1.0,3578.27,3578.27,3578.27,0.0,3578.27,1.0,2171.2942,2171.2942,2171.2942,0.0,2171.2942,1.0,0.0,0.0,0.0,0.0,1309.0,1406.9758000000002,0.39320001006072774,0.0,0.0,0.0,0.0,3744.189782122905,1.2206703910614525,1,3
751,"Road-150 Red, 48",BK-R93R-48,1,1,Red,100,75,2171.2942,3578.27,48,CM ,LB ,14.13,4,R ,H ,U ,2.0,25.0,2022-05-30 00:00:00.000,2023-05-29 00:00:00.000,,D10B7CC1-455E-435B-A08F-EC5B1C5776E9,2025-02-07 10:01:36.827,1.0,Road Bikes,Bikes,409.0,409.0,493.0,1540803.062,3326.303799511002,3578.27,0.0,0.0,0.823960880195599,10.0,2023-05-29,0.14398513701811427,0.6028797027403623,0.25313516024152344,1.0,3578.27,3578.27,3578.27,0.0,3578.27,1.0,2171.2942,2171.2942,2171.2942,0.0,2171.2942,1.0,0.0,0.0,0.0,0.0,1309.0,1406.9758000000002,0.39320001006072774,0.0,0.0,0.0,0.0,3767.244650366748,1.2053789731051345,1,3
752,"Road-150 Red, 52",BK-R93R-52,1,1,Red,100,75,2171.2942,3578.27,52,CM ,LB ,14.42,4,R ,H ,U ,2.0,25.0,2022-05-30 00:00:00.000,2023-05-29 00:00:00.000,,5E085BA0-3CD5-487F-85BB-79ED1C701F23,2025-02-07 10:01:36.827,1.0,Road Bikes,Bikes,378.0,378.0,458.0,1415563.612,3290.493788359788,3578.27,0.0,0.0,0.798941798941799,10.0,2023-05-28,0.14408493427704752,0.6006066734074823,0.2553083923154702,1.0,3578.27,3578.27,3578.27,0.0,3578.27,1.0,2171.2942,2171.2942,2171.2942,0.0,2171.2942,1.0,0.0,0.0,0.0,0.0,1309.0,1406.9758000000002,0.39320001006072774,0.0,0.0,0.0,0.0,3744.8772804232804,1.2116402116402116,1,3
753,"Road-150 Red, 56",BK-R93R-56,1,1,Red,100,75,2171.2942,3578.27,56,CM ,LB ,14.68,4,R ,H ,U ,2.0,25.0,2022-05-30 00:00:00.000,2023-05-29 00:00:00.000,,30819B88-F0D3-4E7A-8105-19F6FAC2CEFB,2025-02-07 10:01:36.827,1.0,Road Bikes,Bikes,475.0,475.0,664.0,1847818.628,3035.8796,3578.27,0.0,0.0,0.6210526315789474,10.0,2023-05-28,0.11618900077459335,0.6766072811773818,0.2072037180480248,1.0,3578.27,3578.27,3578.27,0.0,3578.27,1.0,2171.2942,2171.2942,2171.2942,0.0,2171.2942,1.0,0.0,0.0,0.0,0.0,1309.0,1406.9758000000002,0.39320001006072774,0.0,0.0,0.0,0.0,3890.14448,1.3978947368421053,1,3
754,"Road-450 Red, 58",BK-R68R-58,1,1,Red,100,75,884.7083,1457.99,58,CM ,LB ,17.79,4,R ,M ,U ,2.0,28.0,2022-05-30 00:00:00.000,2023-05-29 00:00:00.000,,40D5EFFA-C0C4-479F-AF66-5F1BF8ED3BFB,2025-02-07 10:01:36.827,1.0,Road Bikes,Bikes,226.0,226.0,582.0,507978.2959,874.5359486725664,874.794,0.00017699115044247788,0.008849557522123894,0.0,6.0,2023-04-30,0.0,1.0,0.0,1.0,1457.99,1457.99,1457.99,0.0,1457.99,1.0,884.7083,884.7083,884.7083,0.0,884.7083,2.0,1.0,0.02,0.01,11.0,2404.0,573.2817,0.39320002194802434,0.0,0.0,0.0,0.0,2247.691574778761,2.575221238938053,1,4
755,"Road-450 Red, 60",BK-R68R-60,1,1,Red,100,75,884.7083,1457.99,60,CM ,LB ,17.9,4,R ,M ,U ,2.0,28.0,2022-05-30 00:00:00.000,2023-05-29 00:00:00.000,,181A90CB-3678-490E-8418-78F73FB5343D,2025-02-07 10:01:36.827,1.0,Road Bikes,Bikes,164.0,164.0,350.0,306177.9,874.7939999999999,874.794,0.0,0.0,0.0,6.0,2023-04-30,0.0,1.0,0.0,1.0,1457.99,1457.99,1457.99,0.0,1457.99,1.0,884.7083,884.7083,884.7083,0.0,884.7083,1.0,0.0,0.0,0.0,0.0,1309.0,573.2817,0.39320002194802434,0.0,0.0,0.0,0.0,1866.9384146341465,2.1341463414634148,1,3
756,"Road-450 Red, 44",BK-R68R-44,1,1,Red,100,75,884.7083,1457.99,44,CM ,LB ,16.77,4,R ,M ,U ,2.0,28.0,2022-05-30 00:00:00.000,2023-05-29 00:00:00.000,,F8B5E26A-3D33-4E39-B500-CC21A133062E,2025-02-07 10:01:36.827,1.0,Road Bikes,Bikes,171.0,171.0,346.0,302678.724,874.794,874.794,0.0,0.0,0.0,6.0,2023-04-30,0.0,1.0,0.0,1.0,1457.99,1457.99,1457.99,0.0,1457.99,1.0,884.7083,884.7083,884.7083,0.0,884.7083,1.0,0.0,0.0,0.0,0.0,1309.0,573.2817,0.39320002194802434,0.0,0.0,0.0,0.0,1770.0510175438596,2.0233918128654973,1,3
757,"Road-450 Red, 48",BK-R68R-48,1,1,Red,100,75,884.7083,1457.99,48,CM ,LB ,17.13,4,R ,M ,U ,2.0,28.0,2022-05-30 00:00:00.000,2023-05-29 00:00:00.000,,C72C9978-0B04-46B3-9DE6-948FECA1C86E,2025-02-07 10:01:36.827,1.0,Road Bikes,Bikes,77.0,77.0,156.0,136467.864,874.7939999999999,874.794,0.0,0.0,0.0,6.0,2023-04-30,0.0,1.0,0.0,1.0,1457.99,1457.99,1457.99,0.0,1457.99,1.0,884.7083,884.7083,884.7083,0.0,884.7083,1.0,0.0,0.0,0.0,0.0,1309.0,573.2817,0.39320002194802434,0.0,0.0,0.0,0.0,1772.309922077922,2.0259740259740258,1,3
758,"Road-450 Red, 52",BK-R68R-52,1,1,Red,100,75,884.7083,1457.99,52,CM ,LB ,17.42,4,R ,M ,U ,2.0,28.0,2022-05-30 00:00:00.000,2023-05-29 00:00:00.000,,040A4B7D-4060-4507-AA92-7508B434797E,2025-02-07 10:01:36.827,1.0,Road Bikes,Bikes,267.0,267.0,710.0,621103.74,874.794,874.794,0.0,0.0,0.0,6.0,2023-04-30,0.0,1.0,0.0,1.0,1457.99,1457.99,1457.99,0.0,1457.99,1.0,884.7083,884.7083,884.7083,0.0,884.7083,1.0,0.0,0.0,0.0,0.0,1309.0,573.2817,0.39320002194802434,0.0,0.0,0.0,0.0,2326.231235955056,2.6591760299625467,1,3
759,"Road-650 Red, 58",BK-R50R-58,1,1,Red,100,75,486.7066,782.99,58,CM ,LB ,19.79,4,R ,L ,U ,2.0,30.0,2022-05-30 00:00:00.000,2024-05-28 00:00:00.000,,6711D6BC-664F-4890-9F69-AF1DE321D055,2025-02-07 10:01:36.827,1.0,Road Bikes,Bikes,282.0,282.0,618.0,304012.6411,532.940905319149,469.794,0.0,0.0,0.2624113475177305,10.0,2024-05-19,0.08697891871970583,0.8539681355375061,0.05905294574278806,2.0,699.0982,782.99,741.0441000000001,59.32046066594556,782.99,2.0,413.1463,486.7066,449.92645,52.01498695611678,486.7066,1.0,0.0,0.0,0.0,0.0,1309.0,296.28340000000003,0.37839997956551175,83.89179999999999,73.56029999999998,0.08004983868833927,0.11560775534782802,1078.0590109929078,2.1914893617021276,1,3
760,"Road-650 Red, 60",BK-R50R-60,1,1,Red,100,75,486.7066,782.99,60,CM ,LB ,19.9,4,R ,L ,U ,2.0,30.0,2022-05-30 00:00:00.000,2024-05-28 00:00:00.000,,664867E5-4AB3-4783-96F9-42EFDE92F49B,2025-02-07 10:01:36.827,1.0,Road Bikes,Bikes,680.0,680.0,2232.0,1016529.018414,472.26386147058827,469.794,0.001,0.03676470588235294,0.07794117647058824,10.0,2025-03-29,0.10245534677258321,0.8894019217853627,0.00814273144205403,2.0,699.0982,782.99,741.0441000000001,59.32046066594556,782.99,2.0,413.1463,486.7066,449.92645,52.01498695611678,486.7066,3.0,2.0,0.05,0.023333333333333334,15.0,3499.0,296.28340000000003,0.37839997956551175,83.89179999999999,73.56029999999998,0.08004983868833927,0.11560775534782802,1494.895615314706,3.2823529411764705,1,4
761,"Road-650 Red, 62",BK-R50R-62,1,1,Red,100,75,486.7066,782.99,62,CM ,LB ,20.0,4,R ,L ,U ,2.0,30.0,2022-05-30 00:00:00.000,2024-05-28 00:00:00.000,,1DA14E09-6D71-4E2A-9EE9-1BDFDFD8A109,2025-02-07 10:01:36.827,1.0,Road Bikes,Bikes,638.0,638.0,1896.0,879827.938243,487.12461238244515,469.794,0.0004702194357366771,0.018808777429467086,0.11755485893416928,10.0,2025-03-29,0.10142339112145143,0.8820492378234323,0.01652737105511629,2.0,699.0982,782.99,741.0441000000001,59.32046066594556,782.99,2.0,413.1463,486.7066,449.92645,52.01498695611678,486.7066,3.0,2.0,0.05,0.023333333333333334,15.0,3499.0,296.28340000000003,0.37839997956551175,83.89179999999999,73.56029999999998,0.08004983868833927,0.11560775534782802,1379.0406555532916,2.9717868338557993,1,4
762,"Road-650 Red, 44",BK-R50R-44,1,1,Red,100,75,486.7066,782.99,44,CM ,LB ,18.77,4,R ,L ,U ,2.0,30.0,2022-05-30 00:00:00.000,2024-05-28 00:00:00.000,,F247AAAE-12E3-4048-A37B-CCE4A8999E81,2025-02-07 10:01:36.827,1.0,Road Bikes,Bikes,689.0,689.0,2254.0,943340.559788,459.8016529753266,454.1342,0.027285921625544267,0.11611030478955008,0.10449927431059507,10.0,2025-03-29,0.09454739317054707,0.883931416216635,0.02152119061281802,2.0,699.0982,782.99,741.0441000000001,59.32046066594556,782.99,2.0,413.1463,486.7066,449.92645,52.01498695611678,486.7066,4.0,3.0,0.3,0.0925,15.0,3560.0,296.28340000000003,0.37839997956551175,83.89179999999999,73.56029999999998,0.08004983868833927,0.11560775534782802,1369.1444989666181,3.2714078374455733,1,4
763,"Road-650 Red, 48",BK-R50R-48,1,1,Red,100,75,486.7066,782.99,48,CM ,LB ,19.13,4,R ,L ,U ,2.0,30.0,2022-05-30 00:00:00.000,2024-05-28 00:00:00.000,,3DA5FA6E-9E0F-4896-AC10-948C27F4EB79,2025-02-07 10:01:36.827,1.0,Road Bikes,Bikes,649.0,649.0,1888.0,878666.66366,491.6515269645609,469.794,0.0005084745762711864,0.01848998459167951,0.13559322033898305,10.0,2025-03-29,0.08519352160259695,0.8913193244475343,0.023487153949868788,2.0,699.0982,782.99,741.0441000000001,59.32046066594556,782.99,2.0,413.1463,486.7066,449.92645,52.01498695611678,486.7066,3.0,2.0,0.05,0.023333333333333334,15.0,3499.0,296.28340000000003,0.37839997956551175,83.89179999999999,73.56029999999998,0.08004983868833927,0.11560775534782802,1353.8777560246533,2.909090909090909,1,4
764,"Road-650 Red, 52",BK-R50R-52,1,1,Red,100,75,486.7066,782.99,52,CM ,LB ,19.42,4,R ,L ,U ,2.0,30.0,2022-05-30 00:00:00.000,2024-05-28 00:00:00.000,,07CFE1EA-8A37-4D2A-835F-BC8D37E564AF,2025-02-07 10:01:36.827,1.0,Road Bikes,Bikes,440.0,440.0,1112.0,523630.1458,491.3262140909091,469.794,0.0,0.0,0.13863636363636364,10.0,2024-05-22,0.10145686192080196,0.8752590072899504,0.023284130789247622,2.0,699.0982,782.99,741.0441000000001,59.32046066594556,782.99,2.0,413.1463,486.7066,449.92645,52.01498695611678,486.7066,1.0,0.0,0.0,0.0,0.0,1309.0,296.28340000000003,0.37839997956551175,83.89179999999999,73.56029999999998,0.08004983868833927,0.11560775534782802,1190.0685131818182,2.5272727272727273,1,3
765,"Road-650 Black, 58",BK-R50B-58,1,1,Black,100,75,486.7066,782.99,58,CM ,LB ,19.79,4,R ,L ,U ,2.0,30.0,2022-05-30 00:00:00.000,2024-05-28 00:00:00.000,,74645B12-3CE9-49A6-BD96-2CD814B37420,2025-02-07 10:01:36.827,1.0,Road Bikes,Bikes,642.0,642.0,1871.0,869632.782451,486.9364873831776,469.794,0.00035825545171339567,0.01557632398753894,0.11838006230529595,10.0,2025-03-29,0.09034740397729546,0.899941478214797,0.009711117807907437,2.0,699.0982,782.99,741.0441000000001,59.32046066594556,782.99,2.0,413.1463,486.7066,449.92645,52.01498695611678,486.7066,3.0,2.0,0.05,0.023333333333333334,15.0,3499.0,296.28340000000003,0.37839997956551175,83.89179999999999,73.56029999999998,0.08004983868833927,0.11560775534782802,1354.5681969641744,2.9143302180685358,1,4
766,"Road-650 Black, 60",BK-R50B-60,1,1,Black,100,75,486.7066,782.99,60,CM ,LB ,19.9,4,R ,L ,U ,2.0,30.0,2022-05-30 00:00:00.000,2024-05-28 00:00:00.000,,A2DB196D-6640-49EA-A84F-2E87CA6F50C6,2025-02-07 10:01:36.827,1.0,Road Bikes,Bikes,460.0,460.0,1100.0,521898.261376,498.7816406521739,469.794,4.347826086956522e-05,0.002173913043478261,0.16521739130434782,10.0,2024-05-13,0.09713197638625275,0.8713087044533914,0.03155931916035584,2.0,699.0982,782.99,741.0441000000001,59.32046066594556,782.99,2.0,413.1463,486.7066,449.92645,52.01498695611678,486.7066,2.0,1.0,0.02,0.01,11.0,2404.0,296.28340000000003,0.37839997956551175,83.89179999999999,73.56029999999998,0.08004983868833927,0.11560775534782802,1134.561437773913,2.391304347826087,1,4
767,"Road-650 Black, 62",BK-R50B-62,1,1,Black,100,75,486.7066,782.99,62,CM ,LB ,20.0,4,R ,L ,U ,2.0,30.0,2022-05-30 00:00:00.000,2024-05-28 00:00:00.000,,C82A8309-63D3-4C0C-AD71-E91272397095,2025-02-07 10:01:36.827,1.0,Road Bikes,Bikes,293.0,293.0,644.0,312250.8139,517.6857969283276,469.794,0.0,0.0,0.22184300341296928,10.0,2024-05-19,0.07916748876086756,0.8800845393088661,0.04074797193026628,2.0,699.0982,782.99,741.0441000000001,59.32046066594556,782.99,2.0,413.1463,486.7066,449.92645,52.01498695611678,486.7066,1.0,0.0,0.0,0.0,0.0,1309.0,296.28340000000003,0.37839997956551175,83.89179999999999,73.56029999999998,0.08004983868833927,0.11560775534782802,1065.7024365187713,2.197952218430034,1,3
768,"Road-650 Black, 44",BK-R50B-44,1,1,Black,100,75,486.7066,782.99,44,CM ,LB ,18.77,4,R ,L ,U ,2.0,30.0,2022-05-30 00:00:00.000,2024-05-28 00:00:00.000,,11D563AC-115C-4F0D-A1E5-E946EEE8B38B,2025-02-07 10:01:36.827,1.0,Road Bikes,Bikes,441.0,441.0,1080.0,509245.008992,492.4720376417234,469.794,4.5351473922902495e-05,0.0022675736961451248,0.14285714285714285,10.0,2024-05-27,0.071891475721022,0.9036724513076757,0.024436072971302285,2.0,699.0982,782.99,741.0441000000001,59.32046066594556,782.99,2.0,413.1463,486.7066,449.92645,52.01498695611678,486.7066,2.0,1.0,0.02,0.01,11.0,2404.0,296.28340000000003,0.37839997956551175,83.89179999999999,73.56029999999998,0.08004983868833927,0.11560775534782802,1154.7505872834467,2.4489795918367347,1,4
769,"Road-650 Black, 48",BK-R50B-48,1,1,Black,100,75,486.7066,782.99,48,CM ,LB ,19.13,4,R ,L ,U ,2.0,30.0,2022-05-30 00:00:00.000,2024-05-28 00:00:00.000,,A7E2179E-137C-497E-A5E6-C9EA64935FB0,2025-02-07 10:01:36.827,1.0,Road Bikes,Bikes,293.0,293.0,644.0,310946.5762,513.2344737201365,469.794,0.0,0.0,0.20477815699658702,10.0,2024-11-29,0.09440661466270232,0.8739374561410592,0.031655929196238566,2.0,699.0982,782.99,741.0441000000001,59.32046066594556,782.99,2.0,413.1463,486.7066,449.92645,52.01498695611678,486.7066,1.0,0.0,0.0,0.0,0.0,1309.0,296.28340000000003,0.37839997956551175,83.89179999999999,73.56029999999998,0.08004983868833927,0.11560775534782802,1061.2511133105802,2.197952218430034,1,3
770,"Road-650 Black, 52",BK-R50B-52,1,1,Black,100,75,486.7066,782.99,52,CM ,LB ,19.42,4,R ,L ,U ,2.0,30.0,2022-05-30 00:00:00.000,2024-05-28 00:00:00.000,,136E2865-E0DA-4624-963A-31349279AB1A,2025-02-07 10:01:36.827,1.0,Road Bikes,Bikes,703.0,703.0,2270.0,1042909.77803,486.2644645803698,469.794,0.0010526315789473684,0.03556187766714083,0.12660028449502134,10.0,2024-12-30,0.09166955839707346,0.8894538273312808,0.018876614271645747,2.0,699.0982,782.99,741.0441000000001,59.32046066594556,782.99,2.0,413.1463,486.7066,449.92645,52.01498695611678,486.7066,3.0,2.0,0.05,0.023333333333333334,15.0,3499.0,296.28340000000003,0.37839997956551175,83.89179999999999,73.56029999999998,0.08004983868833927,0.11560775534782802,1483.5131977667143,3.2290184921763867,1,4
771,"Mountain-100 Silver, 38",BK-M82S-38,1,1,Silver,100,75,1912.1544,3399.99,38,CM ,LB ,20.35,4,M ,H ,U ,1.0,19.0,2022-05-30 00:00:00.000,2023-05-29 00:00:00.000,,CA74B54E-FC30-4464-8B83-019BFD1B2DBB,2025-02-07 10:01:36.827,1.0,Mountain Bikes,Bikes,241.0,241.0,642.0,1291868.700375,2273.4787904564314,2039.994,0.02759336099585062,0.07883817427385892,0.24066390041493776,10.0,2023-05-23,0.04474125736092377,0.8999901306049938,0.05526861203408231,1.0,3399.99,3399.99,3399.99,0.0,3399.99,1.0,1912.1544,1912.1544,1912.1544,0.0,1912.1544,2.0,1.0,0.35,0.175,0.0,1355.0,1487.8355999999999,0.4375999929411557,0.0,0.0,0.0,0.0,5360.451038900415,2.663900414937759,1,1
772,"Mountain-100 Silver, 42",BK-M82S-42,1,1,Silver,100,75,1912.1544,3399.99,42,CM ,LB ,20.77,4,M ,H ,U ,1.0,19.0,2022-05-30 00:00:00.000,2023-05-29 00:00:00.000,,BBFFF5A5-4BDC-49A9-A5AD-7584ADFFE808,2025-02-07 10:01:36.827,1.0,Mountain Bikes,Bikes,221.0,221.0,593.0,1186494.850299,2211.993494117647,2039.994,0.02542986425339366,0.07692307692307693,0.19004524886877827,9.0,2023-05-29,0.028655750163122856,0.9140327495106314,0.05731150032624571,1.0,3399.99,3399.99,3399.99,0.0,3399.99,1.0,1912.1544,1912.1544,1912.1544,0.0,1912.1544,3.0,2.0,0.35,0.12333333333333334,11.0,2450.0,1487.8355999999999,0.4375999929411557,0.0,0.0,0.0,0.0,5368.754978728507,2.683257918552036,1,1
773,"Mountain-100 Silver, 44",BK-M82S-44,1,1,Silver,100,75,1912.1544,3399.99,44,CM ,LB ,21.13,4,M ,H ,U ,1.0,19.0,2022-05-30 00:00:00.000,2023-05-29 00:00:00.000,,155FD77E-D6D6-43F0-8A5B-4A8305EB45CD,2025-02-07 10:01:36.827,1.0,Mountain Bikes,Bikes,233.0,233.0,601.0,1217210.359959,2228.3797120171675,2039.994,0.028712446351931327,0.09012875536480687,0.21030042918454936,10.0,2023-05-13,0.027932640994893634,0.8938559642194043,0.07821139478570219,1.0,3399.99,3399.99,3399.99,0.0,3399.99,1.0,1912.1544,1912.1544,1912.1544,0.0,1912.1544,3.0,2.0,0.35,0.12333333333333334,11.0,2450.0,1487.8355999999999,0.4375999929411557,0.0,0.0,0.0,0.0,5224.078798107296,2.5793991416309012,1,1
774,"Mountain-100 Silver, 48",BK-M82S-48,1,1,Silver,100,75,1912.1544,3399.99,48,CM ,LB ,21.42,4,M ,H ,U ,1.0,19.0,2022-05-30 00:00:00.000,2023-05-29 00:00:00.000,,BA5551DF-C9EE-4B43-B3CA-8C19D0F9384D,2025-02-07 10:01:36.827,1.0,Mountain Bikes,Bikes,204.0,204.0,505.0,1019657.0009999999,2198.326867647059,2039.994,0.024019607843137253,0.06862745098039216,0.17647058823529413,9.0,2023-05-24,0.020006668889629875,0.9099699899966656,0.07002334111370456,1.0,3399.99,3399.99,3399.99,0.0,3399.99,1.0,1912.1544,1912.1544,1912.1544,0.0,1912.1544,2.0,1.0,0.35,0.175,0.0,1355.0,1487.8355999999999,0.4375999929411557,0.0,0.0,0.0,0.0,4998.318632352941,2.4754901960784315,1,1
775,"Mountain-100 Black, 38",BK-M82B-38,1,1,Black,100,75,1898.0944,3374.99,38,CM ,LB ,20.35,4,M ,H ,U ,1.0,19.0,2022-05-30 00:00:00.000,2023-05-29 00:00:00.000,,DEA33347-FCD3-4346-AA0F-068CD6B3AD06,2025-02-07 10:01:36.827,1.0,Mountain Bikes,Bikes,234.0,234.0,682.0,1339997.2546259998,2221.0030346153844,2024.994,0.025683760683760683,0.08547008547008547,0.2094017094017094,10.0,2023-05-28,0.02518654413916674,0.9118470955129164,0.06296636034791685,1.0,3374.99,3374.99,3374.99,0.0,3374.99,1.0,1898.0944,1898.0944,1898.0944,0.0,1898.0944,3.0,2.0,0.35,0.12333333333333334,11.0,2450.0,1476.8955999999998,0.4375999928888678,0.0,0.0,0.0,0.0,5726.483994128204,2.9145299145299144,1,1
776,"Mountain-100 Black, 42",BK-M82B-42,1,1,Black,100,75,1898.0944,3374.99,42,CM ,LB ,20.77,4,M ,H ,U ,1.0,19.0,2022-05-30 00:00:00.000,2023-05-29 00:00:00.000,,02935111-A546-4C6D-941F-BE12D42C158E,2025-02-07 10:01:36.827,1.0,Mountain Bikes,Bikes,228.0,228.0,634.0,1254722.732292,2197.888224561403,2024.994,0.027719298245614032,0.08333333333333333,0.19736842105263158,10.0,2023-05-28,0.029588122574446405,0.9112356322766608,0.05917624514889281,1.0,3374.99,3374.99,3374.99,0.0,3374.99,1.0,1898.0944,1898.0944,1898.0944,0.0,1898.0944,3.0,2.0,0.35,0.12333333333333334,11.0,2450.0,1476.8955999999998,0.4375999928888678,0.0,0.0,0.0,0.0,5503.169878473684,2.780701754385965,1,1
777,"Mountain-100 Black, 44",BK-M82B-44,1,1,Black,100,75,1898.0944,3374.99,44,CM ,LB ,21.13,4,M ,H ,U ,1.0,19.0,2022-05-30 00:00:00.000,2023-05-29 00:00:00.000,,7920BC3B-8FD4-4610-93D2-E693A66B6474,2025-02-07 10:01:36.827,1.0,Mountain Bikes,Bikes,242.0,242.0,678.0,1365852.378018,2290.8093280991734,2024.994,0.020413223140495866,0.06611570247933884,0.24793388429752067,10.0,2023-05-22,0.03459367993235453,0.8986899373409617,0.06671638272668373,1.0,3374.99,3374.99,3374.99,0.0,3374.99,1.0,1898.0944,1898.0944,1898.0944,0.0,1898.0944,3.0,2.0,0.35,0.12333333333333334,11.0,2450.0,1476.8955999999998,0.4375999928888678,0.0,0.0,0.0,0.0,5644.018090983471,2.8016528925619837,1,1
778,"Mountain-100 Black, 48",BK-M82B-48,1,1,Black,100,75,1898.0944,3374.99,48,CM ,LB ,21.42,4,M ,H ,U ,1.0,19.0,2022-05-30 00:00:00.000,2023-05-29 00:00:00.000,,1B486300-7E64-4C5D-A9BA-A8368E20C5A0,2025-02-07 10:01:36.827,1.0,Mountain Bikes,Bikes,243.0,243.0,616.0,1234276.0303749999,2244.437794238683,2024.994,0.02880658436213992,0.0823045267489712,0.2345679012345679,10.0,2023-05-27,0.01914071846053936,0.8878900775882695,0.09296920395119117,1.0,3374.99,3374.99,3374.99,0.0,3374.99,1.0,1898.0944,1898.0944,1898.0944,0.0,1898.0944,2.0,1.0,0.35,0.175,0.0,1355.0,1476.8955999999998,0.4375999928888678,0.0,0.0,0.0,0.0,5079.325227880658,2.5349794238683128,1,1
779,"Mountain-200 Silver, 38",BK-M68S-38,1,1,Silver,100,75,1265.6195,2319.99,38,CM ,LB ,23.35,4,M ,H ,U ,1.0,20.0,2023-05-30 00:00:00.000,,,3A45D835-ABAE-4806-AC03-C53ABCD3B974,2025-02-07 10:01:36.827,1.0,Mountain Bikes,Bikes,1094.0,1094.0,2394.0,3693678.025272,1819.6183223034734,2071.4196,0.00016453382084095062,0.008226691042047532,0.5447897623400365,10.0,2025-05-29,0.20130093843391944,0.6921109135720476,0.10658814799403314,2.0,2071.4196,2319.99,2195.7048,175.76581544225232,2319.99,2.0,1117.8559,1265.6195,1191.7377000000001,104.48464357253646,1265.6195,2.0,1.0,0.02,0.01,11.0,2404.0,1054.3704999999998,0.45447200203449145,248.5703999999996,147.7636,0.0800498388682542,0.08767419506199765,3376.3053247458865,2.1882998171846437,1,4
780,"Mountain-200 Silver, 42",BK-M68S-42,1,1,Silver,100,75,1265.6195,2319.99,42,CM ,LB ,23.77,4,M ,H ,U ,1.0,20.0,2023-05-30 00:00:00.000,,,CE4849B4-56E6-4B50-808B-9BDE67CC4704,2025-02-07 10:01:36.827,1.0,Mountain Bikes,Bikes,1040.0,1040.0,2234.0,3438478.860423,1812.0157577884613,2071.4196,0.00016346153846153849,0.006730769230769231,0.5384615384615384,10.0,2025-05-29,0.1995348729198227,0.6982652268729185,0.10219990020725894,2.0,2071.4196,2319.99,2195.7048,175.76581544225232,2319.99,2.0,1117.8559,1265.6195,1191.7377000000001,104.48464357253646,1265.6195,3.0,2.0,0.05,0.023333333333333334,15.0,3499.0,1054.3704999999998,0.45447200203449145,248.5703999999996,147.7636,0.0800498388682542,0.08767419506199765,3306.229673483654,2.148076923076923,1,4
781,"Mountain-200 Silver, 46",BK-M68S-46,1,1,Silver,100,75,1265.6195,2319.99,46,CM ,LB ,24.13,4,M ,H ,U ,1.0,20.0,2023-05-30 00:00:00.000,,,20799030-420C-496A-9922-09189C2B457E,2025-02-07 10:01:36.827,1.0,Mountain Bikes,Bikes,1054.0,1054.0,2216.0,3434256.9419279997,1821.1371182163186,2071.4196,0.00011385199240986717,0.0056925996204933585,0.5502846299810247,10.0,2025-05-29,0.2111652514831559,0.6969029278817942,0.09193182063504995,2.0,2071.4196,2319.99,2195.7048,175.76581544225232,2319.99,2.0,1117.8559,1265.6195,1191.7377000000001,104.48464357253646,1265.6195,2.0,1.0,0.02,0.01,11.0,2404.0,1054.3704999999998,0.45447200203449145,248.5703999999996,147.7636,0.0800498388682542,0.08767419506199765,3258.3082940493355,2.1024667931688805,1,4
782,"Mountain-200 Black, 38",BK-M68B-38,1,1,Black,100,75,1251.9813,2294.99,38,CM ,LB ,23.35,4,M ,H ,U ,1.0,20.0,2023-05-30 00:00:00.000,,,82CB8F9B-B8BB-4841-98D3-BCDB807C4DD8,2025-02-07 10:01:36.827,1.0,Mountain Bikes,Bikes,1252.0,1252.0,2977.0,4400592.8004,1730.1485389776356,1376.994,0.0002476038338658147,0.00878594249201278,0.46485623003194887,10.0,2025-05-29,0.20656331673504866,0.7094349740483205,0.08400170921663083,2.0,2049.0982,2294.99,2172.0441,173.87175921816606,2294.99,2.0,1105.81,1251.9813,1178.89565,103.35871744485317,1251.9813,4.0,3.0,0.4,0.11750000000000001,15.0,3559.0,1043.0086999999999,0.45447200205665383,245.89179999999988,146.17129999999997,0.08004982919921656,0.08767418680767308,3514.8504795527156,2.3777955271565494,1,4
783,"Mountain-200 Black, 42",BK-M68B-42,1,1,Black,100,75,1251.9813,2294.99,42,CM ,LB ,23.77,4,M ,H ,U ,1.0,20.0,2023-05-30 00:00:00.000,,,2B0AF5B9-7571-4621-B760-47DF599F9650,2025-02-07 10:01:36.827,1.0,Mountain Bikes,Bikes,1177.0,1177.0,2664.0,4009494.761841,1776.319882412914,2049.0982,0.00022939677145284622,0.0076465590484282074,0.5216652506372133,10.0,2025-05-29,0.20243485797779603,0.6990815562701947,0.09848358575200923,2.0,2049.0982,2294.99,2172.0441,173.87175921816606,2294.99,2.0,1105.81,1251.9813,1178.89565,103.35871744485317,1251.9813,3.0,2.0,0.05,0.023333333333333334,15.0,3499.0,1043.0086999999999,0.45447200205665383,245.89179999999988,146.17129999999997,0.08004982919921656,0.08767418680767308,3406.537605642311,2.2633814783347495,1,4
784,"Mountain-200 Black, 46",BK-M68B-46,1,1,Black,100,75,1251.9813,2294.99,46,CM ,LB ,24.13,4,M ,H ,U ,1.0,20.0,2023-05-30 00:00:00.000,,,33F42284-E216-4B98-BA48-B4EE18A01FA0,2025-02-07 10:01:36.827,1.0,Mountain Bikes,Bikes,1059.0,1059.0,2111.0,3309673.216908,1836.21799197356,2049.0982,9.442870632672333e-05,0.004721435316336166,0.5854579792256847,10.0,2025-05-28,0.1995808209177533,0.6958763724896231,0.10454280659262379,2.0,2049.0982,2294.99,2172.0441,173.87175921816606,2294.99,2.0,1105.81,1251.9813,1178.89565,103.35871744485317,1251.9813,3.0,2.0,0.4,0.14,11.0,2464.0,1043.0086999999999,0.45447200205665383,245.89179999999988,146.17129999999997,0.08004982919921656,0.08767418680767308,3125.2816023682717,1.9933899905571293,1,4
785,"Mountain-300 Black, 38",BK-M47B-38,1,1,Black,100,75,598.4354,1079.99,38,CM ,LB ,25.35,4,M ,M ,U ,1.0,21.0,2023-05-30 00:00:00.000,2024-05-28 00:00:00.000,,F06C2CBF-0901-4C08-80ED-FB4E87171B3B,2025-02-07 10:01:36.827,1.0,Mountain Bikes,Bikes,220.0,220.0,684.0,442477.086952,647.7976381818182,647.994,0.00018181818181818183,0.00909090909090909,0.0,8.0,2024-04-29,0.10544177173418519,0.8945582282658148,0.0,1.0,1079.99,1079.99,1079.99,0.0,1079.99,1.0,598.4354,598.4354,598.4354,0.0,598.4354,2.0,1.0,0.02,0.01,11.0,2404.0,481.55460000000005,0.4458880174816434,0.0,0.0,0.0,0.0,2011.2594861454545,3.109090909090909,1,4
786,"Mountain-300 Black, 40",BK-M47B-40,1,1,Black,100,75,598.4354,1079.99,40,CM ,LB ,25.77,4,M ,M ,U ,1.0,21.0,2023-05-30 00:00:00.000,2024-05-28 00:00:00.000,,580D4322-BE03-4C91-83D2-EE33EC6008AB,2025-02-07 10:01:36.827,1.0,Mountain Bikes,Bikes,223.0,223.0,776.0,501648.87506,647.7034197309416,647.994,0.0002690582959641256,0.013452914798206279,0.0,8.0,2024-04-29,0.10721344086252999,0.8927865591374701,0.0,1.0,1079.99,1079.99,1079.99,0.0,1079.99,1.0,598.4354,598.4354,598.4354,0.0,598.4354,2.0,1.0,0.02,0.01,11.0,2404.0,481.55460000000005,0.4458880174816434,0.0,0.0,0.0,0.0,2249.5465249327353,3.4798206278026904,1,4
787,"Mountain-300 Black, 44",BK-M47B-44,1,1,Black,100,75,598.4354,1079.99,44,CM ,LB ,26.13,4,M ,M ,U ,1.0,21.0,2023-05-30 00:00:00.000,2024-05-28 00:00:00.000,,07C2A548-0452-47B4-9DCE-6EDB0A30C85E,2025-02-07 10:01:36.827,1.0,Mountain Bikes,Bikes,228.0,228.0,747.0,484051.518,647.994,647.994,0.0,0.0,0.0,8.0,2024-04-29,0.11244979919678715,0.8875502008032129,0.0,1.0,1079.99,1079.99,1079.99,0.0,1079.99,1.0,598.4354,598.4354,598.4354,0.0,598.4354,1.0,0.0,0.0,0.0,0.0,1309.0,481.55460000000005,0.4458880174816434,0.0,0.0,0.0,0.0,2123.0329736842104,3.276315789473684,1,3
788,"Mountain-300 Black, 48",BK-M47B-48,1,1,Black,100,75,598.4354,1079.99,48,CM ,LB ,26.42,4,M ,M ,U ,1.0,21.0,2023-05-30 00:00:00.000,2024-05-28 00:00:00.000,,16078DBE-388D-4C18-AA8F-0C8F48035468,2025-02-07 10:01:36.827,1.0,Mountain Bikes,Bikes,223.0,223.0,740.0,479071.900108,647.897139910314,647.994,8.968609865470852e-05,0.004484304932735426,0.0,8.0,2024-04-29,0.07980356600205775,0.9201964339979423,0.0,1.0,1079.99,1079.99,1079.99,0.0,1079.99,1.0,598.4354,598.4354,598.4354,0.0,598.4354,2.0,1.0,0.02,0.01,11.0,2404.0,481.55460000000005,0.4458880174816434,0.0,0.0,0.0,0.0,2148.3044847892374,3.318385650224215,1,4
789,"Road-250 Red, 44",BK-R89R-44,1,1,Red,100,75,1518.7864,2443.35,44,CM ,LB ,14.77,4,R ,H ,U ,2.0,26.0,2023-05-30 00:00:00.000,2024-05-28 00:00:00.000,,0AA71AD6-AFAF-43C6-9745-35D815B50A5B,2025-02-07 10:01:36.827,1.0,Road Bikes,Bikes,364.0,364.0,895.0,1448122.478985,1852.0458749999998,1466.01,0.0002472527472527473,0.008241758241758242,0.3956043956043956,10.0,2024-05-26,0.19004803779988194,0.7255892775702736,0.08436268462984438,1.0,2443.35,2443.35,2443.35,0.0,2443.35,1.0,1518.7864,1518.7864,1518.7864,0.0,1518.7864,3.0,2.0,0.05,0.023333333333333334,15.0,3499.0,924.5636,0.3783999836290339,0.0,0.0,0.0,0.0,3978.35845875,2.458791208791209,1,4
790,"Road-250 Red, 48",BK-R89R-48,1,1,Red,100,75,1518.7864,2443.35,48,CM ,LB ,15.13,4,R ,H ,U ,2.0,26.0,2023-05-30 00:00:00.000,2024-05-28 00:00:00.000,,115DDADE-70E3-43F9-80DC-638DAEA271C4,2025-02-07 10:01:36.827,1.0,Road Bikes,Bikes,377.0,377.0,812.0,1348759.49754,1886.6291379310344,1466.01,5.305039787798409e-05,0.002652519893899204,0.4297082228116711,10.0,2024-11-29,0.17093818906966582,0.7185570469069172,0.11050476402341686,1.0,2443.35,2443.35,2443.35,0.0,2443.35,1.0,1518.7864,1518.7864,1518.7864,0.0,1518.7864,2.0,1.0,0.02,0.01,11.0,2404.0,924.5636,0.3783999836290339,0.0,0.0,0.0,0.0,3577.6113993103445,2.1538461538461537,1,4
791,"Road-250 Red, 52",BK-R89R-52,1,1,Red,100,75,1518.7864,2443.35,52,CM ,LB ,15.42,4,R ,H ,U ,2.0,26.0,2023-05-30 00:00:00.000,2024-05-28 00:00:00.000,,C9FD1DF4-9512-420A-B379-067108033B75,2025-02-07 10:01:36.827,1.0,Road Bikes,Bikes,314.0,314.0,639.0,1066766.6099999999,1879.9788535031846,1466.01,0.0,0.0,0.42356687898089174,10.0,2024-05-26,0.18552450755840588,0.7068254695373339,0.1076500229042602,1.0,2443.35,2443.35,2443.35,0.0,2443.35,1.0,1518.7864,1518.7864,1518.7864,0.0,1518.7864,1.0,0.0,0.0,0.0,0.0,1309.0,924.5636,0.3783999836290339,0.0,0.0,0.0,0.0,3397.345891719745,2.035031847133758,1,3
792,"Road-250 Red, 58",BK-R89R-58,1,1,Red,100,75,1554.9479,2443.35,58,CM ,LB ,15.79,4,R ,H ,U ,2.0,26.0,2023-05-30 00:00:00.000,,,DF629C11-8D8B-4774-9D52-ECB64DC95212,2025-02-07 10:01:36.827,1.0,Road Bikes,Bikes,526.0,526.0,946.0,1587008.1824999999,1915.5280038022813,2181.5625,0.0,0.0,0.5817490494296578,10.0,2025-05-28,0.1957265239242079,0.5939537901531897,0.21031968592260233,2.0,2181.5625,2443.35,2312.45625,185.11171647987308,2443.35,2.0,1320.6838,1554.9479,1437.81585,165.6497336985634,1554.9479,1.0,0.0,0.0,0.0,0.0,1309.0,888.4021,0.3636000163709661,261.7874999999999,234.26409999999987,0.08004982428526942,0.11520928337141603,3017.1258222433457,1.7984790874524714,1,3
793,"Road-250 Black, 44",BK-R89B-44,1,1,Black,100,75,1554.9479,2443.35,44,CM ,LB ,14.77,4,R ,H ,U ,2.0,26.0,2023-05-30 00:00:00.000,,,1FF419B5-52AF-4F7E-AEAE-4FEC5E99DE35,2025-02-07 10:01:36.827,1.0,Road Bikes,Bikes,705.0,705.0,1642.0,2516857.314918,1745.1386014184395,1466.01,0.00014184397163120567,0.0070921985815602835,0.3843971631205674,10.0,2025-05-28,0.19987261773573747,0.7028746254038782,0.09725275686038433,2.0,2181.5625,2443.35,2312.45625,185.11171647987308,2443.35,2.0,1320.6838,1554.9479,1437.81585,165.6497336985634,1554.9479,2.0,1.0,0.02,0.01,11.0,2404.0,888.4021,0.3636000163709661,261.7874999999999,234.26409999999987,0.08004982428526942,0.11520928337141603,3570.0103757702122,2.329078014184397,1,4
794,"Road-250 Black, 48",BK-R89B-48,1,1,Black,100,75,1554.9479,2443.35,48,CM ,LB ,15.13,4,R ,H ,U ,2.0,26.0,2023-05-30 00:00:00.000,,,9D165DDF-8F5D-41C7-9BB8-13F41A3D1F62,2025-02-07 10:01:36.827,1.0,Road Bikes,Bikes,712.0,712.0,1498.0,2347655.953454,1776.7649990168538,1466.01,5.617977528089888e-05,0.0028089887640449437,0.41853932584269665,10.0,2025-05-29,0.19809408904902912,0.6726358950214641,0.12927001592950677,2.0,2181.5625,2443.35,2312.45625,185.11171647987308,2443.35,2.0,1320.6838,1554.9479,1437.81585,165.6497336985634,1554.9479,3.0,2.0,0.1,0.04,25.0,3499.0,888.4021,0.3636000163709661,261.7874999999999,234.26409999999987,0.08004982428526942,0.11520928337141603,3297.2695975477527,2.103932584269663,1,4
795,"Road-250 Black, 52",BK-R89B-52,1,1,Black,100,75,1554.9479,2443.35,52,CM ,LB ,15.42,4,R ,H ,U ,2.0,26.0,2023-05-30 00:00:00.000,,,74FE3957-CBC3-450A-AB92-849BD13530E2,2025-02-07 10:01:36.827,1.0,Road Bikes,Bikes,667.0,667.0,1245.0,2012447.775,1823.7731671664167,1466.01,0.0,0.0,0.4782608695652174,10.0,2025-05-26,0.21789957505853785,0.6171624317058364,0.1649379932356257,2.0,2181.5625,2443.35,2312.45625,185.11171647987308,2443.35,2.0,1320.6838,1554.9479,1437.81585,165.6497336985634,1554.9479,1.0,0.0,0.0,0.0,0.0,1309.0,888.4021,0.3636000163709661,261.7874999999999,234.26409999999987,0.08004982428526942,0.11520928337141603,3017.16308095952,1.866566716641679,1,3
796,"Road-250 Black, 58",BK-R89B-58,1,1,Black,100,75,1554.9479,2443.35,58,CM ,LB ,15.68,4,R ,H ,U ,2.0,26.0,2023-05-30 00:00:00.000,,,1C530FE8-A169-4ADC-B3DC-B11A48245E63,2025-02-07 10:01:36.827,1.0,Road Bikes,Bikes,486.0,486.0,910.0,1506377.6325,1896.8281944444443,2181.5625,0.0,0.0,0.5555555555555556,10.0,2025-05-27,0.20403647191037272,0.598079084263089,0.19788444382653833,2.0,2181.5625,2443.35,2312.45625,185.11171647987308,2443.35,2.0,1320.6838,1554.9479,1437.81585,165.6497336985634,1554.9479,1.0,0.0,0.0,0.0,0.0,1309.0,888.4021,0.3636000163709661,261.7874999999999,234.26409999999987,0.08004982428526942,0.11520928337141603,3099.542453703704,1.8724279835390947,1,3
797,"Road-550-W Yellow, 38",BK-R64Y-38,1,1,Yellow,100,75,713.0798,1120.49,38,CM ,LB ,17.35,4,R ,M ,W ,2.0,29.0,2023-05-30 00:00:00.000,,,AAD81532-A572-49A5-83C3-DFA9E3B4FEA6,2025-02-07 10:01:36.827,1.0,Road Bikes,Bikes,725.0,725.0,1744.0,1227910.08086,805.1432686896552,672.294,8.275862068965517e-05,0.004137931034482759,0.3724137931034483,10.0,2025-05-27,0.18534209609925653,0.742503805338455,0.07215409856228842,2.0,1000.4375,1120.49,1060.46375,84.88993684839808,1120.49,2.0,605.6492,713.0798,659.3644999999999,75.96490576693957,713.0798,2.0,1.0,0.02,0.01,11.0,2404.0,407.41020000000003,0.3636000321288008,120.05250000000001,107.43060000000003,0.08004982428526962,0.11520927463783624,1693.669077048276,2.4055172413793104,1,4
798,"Road-550-W Yellow, 40",BK-R64Y-40,1,1,Yellow,100,75,713.0798,1120.49,40,CM ,LB ,17.77,4,R ,M ,W ,2.0,29.0,2023-05-30 00:00:00.000,,,A35A1C35-C128-4697-951E-4199062E78F3,2025-02-07 10:01:36.827,1.0,Road Bikes,Bikes,687.0,687.0,1500.0,1071291.781192,811.1285126637554,672.294,2.9112081513828238e-05,0.001455604075691412,0.38719068413391555,10.0,2025-05-29,0.1822366927661611,0.7319228139018746,0.08584049333196427,2.0,1000.4375,1120.49,1060.46375,84.88993684839808,1120.49,2.0,605.6492,713.0798,659.3644999999999,75.96490576693957,713.0798,2.0,1.0,0.02,0.01,11.0,2404.0,407.41020000000003,0.3636000321288008,120.05250000000001,107.43060000000003,0.08004982428526962,0.11520927463783624,1559.3766829577876,2.183406113537118,1,4
799,"Road-550-W Yellow, 42",BK-R64Y-42,1,1,Yellow,100,75,713.0798,1120.49,42,CM ,LB ,18.13,4,R ,M ,W ,2.0,29.0,2023-05-30 00:00:00.000,,,A359AB09-16F2-4726-A60F-0DFDB1C9527E,2025-02-07 10:01:36.827,1.0,Road Bikes,Bikes,648.0,648.0,1249.0,932039.589,851.4834722222223,672.294,0.0,0.0,0.4722222222222222,10.0,2025-05-27,0.17719442870146151,0.7201470108368969,0.1026585604616415,2.0,1000.4375,1120.49,1060.46375,84.88993684839808,1120.49,2.0,605.6492,713.0798,659.3644999999999,75.96490576693957,713.0798,1.0,0.0,0.0,0.0,0.0,1309.0,407.41020000000003,0.3636000321288008,120.05250000000001,107.43060000000003,0.08004982428526962,0.11520927463783624,1438.332699074074,1.9274691358024691,1,3
800,"Road-550-W Yellow, 44",BK-R64Y-44,1,1,Yellow,100,75,713.0798,1120.49,44,CM ,LB ,18.42,4,R ,M ,W ,2.0,29.0,2023-05-30 00:00:00.000,,,0A7028FB-FF06-4D38-AAA1-B64816278165,2025-02-07 10:01:36.827,1.0,Road Bikes,Bikes,495.0,495.0,927.0,717825.9115,897.6208202020201,1000.4375,0.0,0.0,0.5797979797979798,10.0,2025-05-28,0.17247377047352516,0.6973541905919344,0.13017203893454046,2.0,1000.4375,1120.49,1060.46375,84.88993684839808,1120.49,2.0,605.6492,713.0798,659.3644999999999,75.96490576693957,713.0798,1.0,0.0,0.0,0.0,0.0,1309.0,407.41020000000003,0.3636000321288008,120.05250000000001,107.43060000000003,0.08004982428526962,0.11520927463783624,1450.1533565656566,1.8727272727272728,1,3
801,"Road-550-W Yellow, 48",BK-R64Y-48,1,1,Yellow,100,75,713.0798,1120.49,48,CM ,LB ,18.68,4,R ,M ,W ,2.0,29.0,2023-05-30 00:00:00.000,,,C90CC877-804C-4CE7-AFC3-4C8791A13DFB,2025-02-07 10:01:36.827,1.0,Road Bikes,Bikes,723.0,723.0,1763.0,1233938.87766,800.6693652835409,672.294,0.00023513139695712312,0.009681881051175657,0.36099585062240663,10.0,2025-05-28,0.17860234407876788,0.7539418025504018,0.0674558533708304,2.0,1000.4375,1120.49,1060.46375,84.88993684839808,1120.49,2.0,605.6492,713.0798,659.3644999999999,75.96490576693957,713.0798,3.0,2.0,0.05,0.023333333333333334,15.0,3499.0,407.41020000000003,0.3636000321288008,120.05250000000001,107.43060000000003,0.08004982428526962,0.11520927463783624,1706.692776846473,2.438450899031812,1,4
802,LL Fork,FK-1639,1,1,,500,375,65.8097,148.22,,,,,1,,L ,,10.0,104.0,2023-05-30 00:00:00.000,2024-05-28 00:00:00.000,,FB8502BE-07EB-4134-AB06-C3A9959A52AE,2025-02-07 10:01:36.827,2.0,Forks,Components,83.0,83.0,190.0,16897.08,88.932,88.932,0.0,0.0,0.0,8.0,2024-04-29,0.16842105263157897,0.8315789473684211,0.0,1.0,148.22,148.22,148.22,0.0,148.22,1.0,65.8097,65.8097,65.8097,0.0,65.8097,1.0,0.0,0.0,0.0,0.0,1309.0,82.41029999999999,0.5559998650654432,0.0,0.0,0.0,0.0,203.57927710843376,2.289156626506024,1,0
803,ML Fork,FK-5136,1,1,,500,375,77.9176,175.49,,,,,1,,M ,,10.0,105.0,2023-05-30 00:00:00.000,2024-05-28 00:00:00.000,,F5FA4E2F-B976-48A4-BF79-85632F697D2E,2025-02-07 10:01:36.827,2.0,Forks,Components,0.0,0.0,0.0,0.0,175.49,175.49,0.0,0.0,0.0,0.0,,,,,1.0,175.49,175.49,175.49,0.0,175.49,1.0,77.9176,77.9176,77.9176,0.0,77.9176,1.0,0.0,0.0,0.0,0.0,1309.0,97.57240000000002,0.5559997720667845,0.0,0.0,0.0,0.0,0.0,0.0,0,6
804,HL Fork,FK-9939,1,1,,500,375,101.8936,229.49,,,,,1,,H ,,10.0,106.0,2023-05-30 00:00:00.000,2024-05-28 00:00:00.000,,553229B3-1AD9-4A71-A21C-2AF4332CFCE9,2025-02-07 10:01:36.827,2.0,Forks,Components,117.0,117.0,444.0,61034.609624,137.65477094017092,137.694,0.00017094017094017094,0.008547008547008548,0.0,8.0,2024-04-29,0.12182392982941644,0.8781760701705835,0.0,1.0,229.49,229.49,229.49,0.0,229.49,1.0,101.8936,101.8936,101.8936,0.0,101.8936,2.0,1.0,0.02,0.01,11.0,2404.0,127.5964,0.5559998257004662,0.0,0.0,0.0,0.0,521.6633301196581,3.7948717948717947,1,2
805,LL Headset,HS-0296,1,1,,500,375,15.1848,34.2,,,,,1,,L ,,11.0,59.0,2023-05-30 00:00:00.000,2024-05-28 00:00:00.000,,BB6BD7B3-A34D-4D64-822E-781FA6838E19,2025-02-07 10:01:36.827,2.0,Headsets,Components,46.0,46.0,95.0,1949.3999999999999,20.52,20.52,0.0,0.0,0.0,8.0,2023-10-30,0.09473684210526315,0.9052631578947368,0.0,1.0,34.2,34.2,34.2,0.0,34.2,1.0,15.1848,15.1848,15.1848,0.0,15.1848,1.0,0.0,0.0,0.0,0.0,1309.0,19.015200000000004,0.556,0.0,0.0,0.0,0.0,42.37826086956522,2.0652173913043477,1,0
806,ML Headset,HS-2451,1,1,,500,375,45.4168,102.29,,,,,1,,M ,,11.0,60.0,2023-05-30 00:00:00.000,2024-05-28 00:00:00.000,,23B5D52B-8C29-4059-B899-75C53B5EE2E6,2025-02-07 10:01:36.827,2.0,Headsets,Components,110.0,110.0,659.0,39909.108385,61.15082181818182,61.374,0.002181818181818182,0.08181818181818182,0.0,8.0,2024-04-29,0.10984899649243315,0.8901510035075668,0.0,1.0,102.29,102.29,102.29,0.0,102.29,1.0,45.4168,45.4168,45.4168,0.0,45.4168,3.0,2.0,0.05,0.023333333333333334,15.0,3499.0,56.873200000000004,0.5559996089549321,0.0,0.0,0.0,0.0,362.8100762272727,5.990909090909091,1,2
807,HL Headset,HS-3479,1,1,,500,375,55.3801,124.73,,,,,1,,H ,,11.0,61.0,2023-05-30 00:00:00.000,2024-05-28 00:00:00.000,,12E4D5E8-79ED-4BCB-A532-6275D1A93417,2025-02-07 10:01:36.827,2.0,Headsets,Components,110.0,110.0,255.0,19083.69,74.83799999999998,74.838,0.0,0.0,0.0,8.0,2024-04-29,0.10588235294117648,0.8941176470588235,0.0,1.0,124.73,124.73,124.73,0.0,124.73,1.0,55.3801,55.3801,55.3801,0.0,55.3801,1.0,0.0,0.0,0.0,0.0,1309.0,69.3499,0.5560001603463481,0.0,0.0,0.0,0.0,173.4880909090909,2.3181818181818183,1,0
808,LL Mountain Handlebars,HB-M243,1,1,,500,375,19.7758,44.54,,,,,1,M ,L ,,4.0,52.0,2023-05-30 00:00:00.000,,,B59B7BF2-7AFC-4A74-B063-F942F1E0DA19,2025-02-07 10:01:36.827,2.0,Handlebars,Components,301.0,301.0,865.0,22008.268728,25.572610963455148,26.724,0.0002990033222591362,0.009966777408637873,0.0,10.0,2025-04-30,0.18070546798350598,0.8047232813668687,0.014571250649625382,2.0,40.4909,44.54,42.51545,2.8631460677024467,44.54,2.0,17.978,19.7758,18.8769,1.2712365712171756,19.7758,3.0,2.0,0.05,0.023333333333333334,15.0,3499.0,24.7642,0.5559991019308487,4.049099999999996,1.7977999999999987,0.0673436613678662,0.0673435029701474,73.1171718538206,2.87375415282392,1,2
809,ML Mountain Handlebars,HB-M763,1,1,,500,375,27.4925,61.92,,,,,1,M ,M ,,4.0,54.0,2023-05-30 00:00:00.000,,,AE6020DF-D9C9-4D34-9795-1F80E6BBF5A5,2025-02-07 10:01:36.827,2.0,Handlebars,Components,507.0,507.0,1465.0,51753.705952000004,35.443931163708086,33.7745,0.00015779092702169627,0.007889546351084813,0.0,10.0,2025-04-30,0.14648807409137865,0.8413082781044279,0.01220364780419348,2.0,56.2909,61.92,59.105450000000005,3.980374781977193,61.92,2.0,24.9932,27.4925,26.24285,1.7672719782195367,27.4925,2.0,1.0,0.02,0.01,11.0,2404.0,34.4275,0.555999677002584,5.629100000000001,2.499299999999998,0.06734361690803797,0.06734298973699643,102.0783154871795,2.8895463510848125,1,2
810,HL Mountain Handlebars,HB-M918,1,1,,500,375,53.3999,120.27,,,,,1,M ,H ,,4.0,55.0,2023-05-30 00:00:00.000,,,6AA0F921-0F09-4F99-8D3C-335946873553,2025-02-07 10:01:36.827,2.0,Handlebars,Components,216.0,216.0,500.0,34375.348,68.8515287037037,65.6018,0.0,0.0,0.0,10.0,2025-04-30,0.10076336099928355,0.8971374020708096,0.0020992369299068624,2.0,109.3364,120.27,114.8032,7.73122270278123,120.27,2.0,48.5453,53.3999,50.9726,3.432720579948217,53.3999,1.0,0.0,0.0,0.0,0.0,1309.0,66.8701,0.5559998337074914,10.933599999999998,4.854600000000005,0.067343268330336,0.06734442778960102,159.14512962962962,2.314814814814815,1,0
811,LL Road Handlebars,HB-R504,1,1,,500,375,19.7758,44.54,,,,,1,R ,L ,,4.0,56.0,2023-05-30 00:00:00.000,,,ACDAE407-B40E-435E-8E84-1BFC33013E81,2025-02-07 10:01:36.827,2.0,Handlebars,Components,98.0,98.0,213.0,5422.537499999999,25.608413265306122,26.724,0.0,0.0,0.0,9.0,2024-07-30,0.12544809510307672,0.8745519048969232,0.0,2.0,40.4909,44.54,42.51545,2.8631460677024467,44.54,2.0,17.978,19.7758,18.8769,1.2712365712171756,19.7758,1.0,0.0,0.0,0.0,0.0,1309.0,24.7642,0.5559991019308487,4.049099999999996,1.7977999999999987,0.0673436613678662,0.0673435029701474,55.33201530612244,2.173469387755102,1,0
812,ML Road Handlebars,HB-R720,1,1,,500,375,27.4925,61.92,,,,,1,R ,M ,,4.0,57.0,2023-05-30 00:00:00.000,,,33FA1A03-38D6-405E-BE9B-EEA92F3D204F,2025-02-07 10:01:36.827,2.0,Handlebars,Components,0.0,0.0,0.0,0.0,61.92,61.92,0.0,0.0,0.0,0.0,,,,,2.0,56.2909,61.92,59.105450000000005,3.980374781977193,61.92,2.0,24.9932,27.4925,26.24285,1.7672719782195367,27.4925,1.0,0.0,0.0,0.0,0.0,1309.0,34.4275,0.555999677002584,5.629100000000001,2.499299999999998,0.06734361690803797,0.06734298973699643,0.0,0.0,0,6
813,HL Road Handlebars,HB-R956,1,1,,500,375,53.3999,120.27,,,,,1,R ,H ,,4.0,58.0,2023-05-30 00:00:00.000,,,5C5327B9-AD2E-4C33-8D74-EDF49E0C2DD8,2025-02-07 10:01:36.827,2.0,Handlebars,Components,270.0,270.0,631.0,43395.5968,68.93049407407408,72.162,0.0,0.0,0.0,9.0,2025-04-30,0.13408919865344496,0.8659108013465551,0.0,2.0,109.3364,120.27,114.8032,7.73122270278123,120.27,2.0,48.5453,53.3999,50.9726,3.432720579948217,53.3999,1.0,0.0,0.0,0.0,0.0,1309.0,66.8701,0.5559998337074914,10.933599999999998,4.854600000000005,0.067343268330336,0.06734442778960102,160.7244325925926,2.337037037037037,1,0
814,"ML Mountain Frame - Black, 38",FR-M63B-38,1,1,Black,500,375,185.8193,348.76,38,CM ,LB ,2.73,2,M ,M ,U ,12.0,15.0,2023-05-30 00:00:00.000,2024-05-28 00:00:00.000,,0D879312-A7D3-441D-9D23-B6550BAB3814,2025-02-07 10:01:36.827,2.0,Mountain Frames,Components,226.0,226.0,514.0,107557.584,209.256,209.256,0.0,0.0,0.0,8.0,2024-04-29,0.08365758754863813,0.9163424124513618,0.0,1.0,348.76,348.76,348.76,0.0,348.76,1.0,185.8193,185.8193,185.8193,0.0,185.8193,1.0,0.0,0.0,0.0,0.0,1309.0,162.9407,0.46720008028443627,0.0,0.0,0.0,0.0,475.9185132743363,2.274336283185841,1,0
815,LL Mountain Front Wheel,FW-M423,1,1,Black,500,375,26.9708,60.745,,,,,1,M ,L ,,17.0,42.0,2023-05-30 00:00:00.000,2024-05-28 00:00:00.000,,D7B1D161-182E-44F6-A9FF-9C1EBA76613B,2025-02-07 10:01:36.827,2.0,Wheels,Components,232.0,232.0,617.0,22462.844954,36.44176336206897,36.447,8.620689655172414e-05,0.004310344827586207,0.0,8.0,2024-04-29,0.11733495732163081,0.8826650426783692,0.0,1.0,60.745,60.745,60.745,0.0,60.745,1.0,26.9708,26.9708,26.9708,0.0,26.9708,2.0,1.0,0.02,0.01,11.0,2404.0,33.77419999999999,0.5559996707547945,0.0,0.0,0.0,0.0,96.82260756034484,2.6594827586206895,1,2
816,ML Mountain Front Wheel,FW-M762,1,1,Black,500,375,92.8071,209.025,,,,,1,M ,M ,,17.0,45.0,2023-05-30 00:00:00.000,2024-05-28 00:00:00.000,,5E3E5033-9A77-4DCA-8B7F-DFED78EFA08A,2025-02-07 10:01:36.827,2.0,Wheels,Components,114.0,114.0,266.0,33360.39,125.415,125.415,0.0,0.0,0.0,8.0,2024-04-29,0.09022556390977444,0.9097744360902256,0.0,1.0,209.025,209.025,209.025,0.0,209.025,1.0,92.8071,92.8071,92.8071,0.0,92.8071,1.0,0.0,0.0,0.0,0.0,1309.0,116.2179,0.5559999999999999,0.0,0.0,0.0,0.0,292.635,2.3333333333333335,1,0
817,HL Mountain Front Wheel,FW-M928,1,1,Black,500,375,133.2955,300.215,,,,,1,M ,H ,,17.0,46.0,2023-05-30 00:00:00.000,2024-05-28 00:00:00.000,,3C8FFFF6-A8DC-45A3-963B-A6284CED7596,2025-02-07 10:01:36.827,2.0,Wheels,Components,104.0,104.0,222.0,39988.638,180.12899999999996,180.129,0.0,0.0,0.0,8.0,2024-04-29,0.1126126126126126,0.8873873873873874,0.0,1.0,300.215,300.215,300.215,0.0,300.215,1.0,133.2955,133.2955,133.2955,0.0,133.2955,1.0,0.0,0.0,0.0,0.0,1309.0,166.91949999999997,0.5559998667621537,0.0,0.0,0.0,0.0,384.5061346153846,2.1346153846153846,1,0
818,LL Road Front Wheel,FW-R623,1,1,Black,500,375,37.9909,85.565,,,G  ,900.0,1,R ,L ,,17.0,49.0,2023-05-30 00:00:00.000,2024-05-28 00:00:00.000,,9E66DE78-DECB-438A-B9A9-023C773C60A2,2025-02-07 10:01:36.827,2.0,Wheels,Components,0.0,0.0,0.0,0.0,85.565,85.565,0.0,0.0,0.0,0.0,,,,,1.0,85.565,85.565,85.565,0.0,85.565,1.0,37.9909,37.9909,37.9909,0.0,37.9909,1.0,0.0,0.0,0.0,0.0,1309.0,47.574099999999994,0.5559995325191375,0.0,0.0,0.0,0.0,0.0,0.0,0,6
819,ML Road Front Wheel,FW-R762,1,1,Black,500,375,110.2829,248.385,,,G  ,850.0,1,R ,M ,,17.0,50.0,2023-05-30 00:00:00.000,2024-05-28 00:00:00.000,,6EA94FBF-B9AA-43FC-84E8-91D508DDE751,2025-02-07 10:01:36.827,2.0,Wheels,Components,195.0,195.0,532.0,79354.0398,149.2093276923077,149.031,0.0,0.0,0.0,9.0,2024-06-29,0.09853511956930013,0.9014648804306999,0.0,1.0,248.385,248.385,248.385,0.0,248.385,1.0,110.2829,110.2829,110.2829,0.0,110.2829,1.0,0.0,0.0,0.0,0.0,1309.0,138.1021,0.5560001610403206,0.0,0.0,0.0,0.0,406.9437938461538,2.7282051282051283,1,0
820,HL Road Front Wheel,FW-R820,1,1,Black,500,375,146.5466,330.06,,,G  ,650.0,1,R ,H ,,17.0,51.0,2023-05-30 00:00:00.000,2024-05-28 00:00:00.000,,727A3CD5-8D40-4884-A7E4-DFD3FFDEB164,2025-02-07 10:01:36.827,2.0,Wheels,Components,206.0,206.0,567.0,112286.412,198.036,198.036,0.0,0.0,0.0,8.0,2024-04-29,0.09347442680776014,0.9065255731922399,0.0,1.0,330.06,330.06,330.06,0.0,330.06,1.0,146.5466,146.5466,146.5466,0.0,146.5466,1.0,0.0,0.0,0.0,0.0,1309.0,183.5134,0.5560001211900866,0.0,0.0,0.0,0.0,545.0796699029127,2.7524271844660193,1,0
821,Touring Front Wheel,FW-T905,1,1,Black,500,375,96.7964,218.01,,,,,1,T ,,,17.0,44.0,2023-05-30 00:00:00.000,2024-05-28 00:00:00.000,,8D1CDB07-4FA1-4AC1-840F-A16C3DCA5009,2025-02-07 10:01:36.827,2.0,Wheels,Components,0.0,0.0,0.0,0.0,218.01,218.01,0.0,0.0,0.0,0.0,,,,,1.0,218.01,218.01,218.01,0.0,218.01,1.0,96.7964,96.7964,96.7964,0.0,96.7964,1.0,0.0,0.0,0.0,0.0,1309.0,121.21359999999999,0.5560001834778221,0.0,0.0,0.0,0.0,0.0,0.0,0,6
822,"ML Road Frame-W - Yellow, 38",FR-R72Y-38,1,1,Yellow,500,375,360.9428,594.83,38,CM ,LB ,2.18,2,R ,M ,W ,14.0,17.0,2023-05-30 00:00:00.000,,,22976FA7-0AD0-40F9-B4F9-BA10279EA1A3,2025-02-07 10:01:36.827,2.0,Road Frames,Components,356.0,356.0,895.0,303330.8412,340.12851910112363,324.4527,0.0,0.0,0.0,9.0,2025-04-30,0.12429137027692387,0.8757086297230761,0.0,2.0,540.7545,594.83,567.79225,38.23715274605321,594.83,2.0,300.1188,360.9428,330.5308,43.00906285889054,360.9428,1.0,0.0,0.0,0.0,0.0,1309.0,233.88720000000006,0.3932000739707144,54.075500000000034,60.823999999999955,0.06734356227309057,0.13012119554029622,852.0529247191012,2.514044943820225,1,3
823,LL Mountain Rear Wheel,RW-M423,1,1,Black,500,375,38.9588,87.745,,,,,1,M ,L ,,17.0,123.0,2023-05-30 00:00:00.000,2024-05-28 00:00:00.000,,E6C39F58-995F-4786-A309-DF3812D8B30F,2025-02-07 10:01:36.827,2.0,Wheels,Components,148.0,148.0,342.0,18005.274,52.647,52.647,0.0,0.0,0.0,8.0,2024-04-29,0.12280701754385964,0.8771929824561403,0.0,1.0,87.745,87.745,87.745,0.0,87.745,1.0,38.9588,38.9588,38.9588,0.0,38.9588,1.0,0.0,0.0,0.0,0.0,1309.0,48.78620000000001,0.5559997720667845,0.0,0.0,0.0,0.0,121.65725675675677,2.310810810810811,1,0
824,ML Mountain Rear Wheel,RW-M762,1,1,Black,500,375,104.7951,236.025,,,,,1,M ,M ,,17.0,124.0,2023-05-30 00:00:00.000,2024-05-28 00:00:00.000,,B2F7CF9B-A7BF-49AB-9CCA-9F6E791CD693,2025-02-07 10:01:36.827,2.0,Wheels,Components,265.0,265.0,851.0,119892.15675000001,141.60609358490566,141.615,0.0005660377358490566,0.022641509433962263,0.0,9.0,2024-07-30,0.11971797904953445,0.8802820209504655,0.0,1.0,236.025,236.025,236.025,0.0,236.025,1.0,104.7951,104.7951,104.7951,0.0,104.7951,3.0,2.0,0.05,0.023333333333333334,15.0,3499.0,131.2299,0.5559999999999999,0.0,0.0,0.0,0.0,452.42323301886796,3.211320754716981,1,2
825,HL Mountain Rear Wheel,RW-M928,1,1,Black,500,375,145.2835,327.215,,,,,1,M ,H ,,17.0,125.0,2023-05-30 00:00:00.000,2024-05-28 00:00:00.000,,35D02EDC-1120-41FB-B5DF-8655A93B3353,2025-02-07 10:01:36.827,2.0,Wheels,Components,258.0,258.0,850.0,166013.283557,196.16412441860467,196.329,0.0005038759689922481,0.01937984496124031,0.0,8.0,2024-04-29,0.10332228665371003,0.89667771334629,0.0,1.0,327.215,327.215,327.215,0.0,327.215,1.0,145.2835,145.2835,145.2835,0.0,145.2835,3.0,2.0,0.05,0.023333333333333334,15.0,3499.0,181.93149999999997,0.5559998777562153,0.0,0.0,0.0,0.0,643.462339368217,3.294573643410853,1,2
826,LL Road Rear Wheel,RW-R623,1,1,Black,500,375,49.9789,112.565,,,G  ,1050.0,1,R ,L ,,17.0,126.0,2023-05-30 00:00:00.000,2024-05-28 00:00:00.000,,78D01117-8DCD-465F-9DC7-94A2CDC35582,2025-02-07 10:01:36.827,2.0,Wheels,Components,305.0,305.0,868.0,58655.3702,67.64233836065573,67.539,0.0,0.0,0.0,9.0,2024-09-29,0.08689644584324863,0.9131035541567514,0.0,1.0,112.565,112.565,112.565,0.0,112.565,1.0,49.9789,49.9789,49.9789,0.0,49.9789,1.0,0.0,0.0,0.0,0.0,1309.0,62.586099999999995,0.5559996446497579,0.0,0.0,0.0,0.0,192.31268918032785,2.8459016393442624,1,0
827,ML Road Rear Wheel,RW-R762,1,1,Black,500,375,122.2709,275.385,,,G  ,1000.0,1,R ,M ,,17.0,77.0,2023-05-30 00:00:00.000,2024-05-28 00:00:00.000,,CF739F9A-0AF0-4810-B229-C431A31D7779,2025-02-07 10:01:36.827,2.0,Wheels,Components,31.0,31.0,64.0,10574.784,165.231,165.231,0.0,0.0,0.0,8.0,2023-07-31,0.0625,0.9375000000000001,0.0,1.0,275.385,275.385,275.385,0.0,275.385,1.0,122.2709,122.2709,122.2709,0.0,122.2709,1.0,0.0,0.0,0.0,0.0,1309.0,153.1141,0.5560001452511938,0.0,0.0,0.0,0.0,341.122064516129,2.064516129032258,1,0
828,HL Road Rear Wheel,RW-R820,1,1,Black,500,375,158.5346,357.06,,,G  ,890.0,1,R ,H ,,17.0,78.0,2023-05-30 00:00:00.000,2024-05-28 00:00:00.000,,8F262A37-43AA-4AD5-AE1F-8BD6967D8E9B,2025-02-07 10:01:36.827,2.0,Wheels,Components,46.0,46.0,94.0,20238.160799999998,215.3227043478261,214.236,0.0,0.0,0.0,9.0,2024-05-29,0.11079745942131262,0.8892025405786873,0.0,1.0,357.06,357.06,357.06,0.0,357.06,1.0,158.5346,158.5346,158.5346,0.0,158.5346,1.0,0.0,0.0,0.0,0.0,1309.0,198.5254,0.55600011202599,0.0,0.0,0.0,0.0,439.9600173913043,2.0434782608695654,1,0
829,Touring Rear Wheel,RW-T905,1,1,Black,500,375,108.7844,245.01,,,,,1,T ,,,17.0,43.0,2023-05-30 00:00:00.000,2024-05-28 00:00:00.000,,30D2254D-E26D-4586-B4C5-E8CCB8A059B8,2025-02-07 10:01:36.827,2.0,Wheels,Components,0.0,0.0,0.0,0.0,245.01,245.01,0.0,0.0,0.0,0.0,,,,,1.0,245.01,245.01,245.01,0.0,245.01,1.0,108.7844,108.7844,108.7844,0.0,108.7844,1.0,0.0,0.0,0.0,0.0,1309.0,136.2256,0.5560001632586424,0.0,0.0,0.0,0.0,0.0,0.0,0,6
830,"ML Mountain Frame - Black, 40",FR-M63B-40,1,1,Black,500,375,185.8193,348.76,40,CM ,LB ,2.77,1,M ,M ,U ,12.0,14.0,2023-05-30 00:00:00.000,2024-05-28 00:00:00.000,,AED1C9C4-C139-45D2-B38E-0A0A9F518665,2025-02-07 10:01:36.827,2.0,Mountain Frames,Components,33.0,33.0,68.0,14229.408,209.256,209.256,0.0,0.0,0.0,8.0,2023-07-31,0.16176470588235292,0.8382352941176471,0.0,1.0,348.76,348.76,348.76,0.0,348.76,1.0,185.8193,185.8193,185.8193,0.0,185.8193,1.0,0.0,0.0,0.0,0.0,1309.0,162.9407,0.46720008028443627,0.0,0.0,0.0,0.0,431.1941818181818,2.0606060606060606,1,0
831,"ML Mountain Frame - Black, 44",FR-M63B-44,1,1,Black,500,375,185.8193,348.76,44,CM ,LB ,2.81,1,M ,M ,U ,12.0,14.0,2023-05-30 00:00:00.000,2024-05-28 00:00:00.000,,3F2135D4-EC5F-4E30-BDE8-5444518F0637,2025-02-07 10:01:36.827,2.0,Mountain Frames,Components,198.0,198.0,619.0,129529.464,209.256,209.256,0.0,0.0,0.0,8.0,2024-04-29,0.1098546042003231,0.8901453957996769,0.0,1.0,348.76,348.76,348.76,0.0,348.76,1.0,185.8193,185.8193,185.8193,0.0,185.8193,1.0,0.0,0.0,0.0,0.0,1309.0,162.9407,0.46720008028443627,0.0,0.0,0.0,0.0,654.1892121212121,3.1262626262626263,1,0
832,"ML Mountain Frame - Black, 48",FR-M63B-48,1,1,Black,500,375,185.8193,348.76,48,CM ,LB ,2.85,1,M ,M ,U ,12.0,14.0,2023-05-30 00:00:00.000,2024-05-28 00:00:00.000,,C2009B69-F15A-47EC-B710-1809D299318A,2025-02-07 10:01:36.827,2.0,Mountain Frames,Components,256.0,256.0,959.0,200284.49776,209.3649875,209.256,0.000234375,0.01171875,0.0,9.0,2024-07-30,0.09949919550877975,0.9005008044912203,0.0,1.0,348.76,348.76,348.76,0.0,348.76,1.0,185.8193,185.8193,185.8193,0.0,185.8193,2.0,1.0,0.02,0.01,11.0,2404.0,162.9407,0.46720008028443627,0.0,0.0,0.0,0.0,782.361319375,3.74609375,1,2
833,"ML Road Frame-W - Yellow, 40",FR-R72Y-40,1,1,Yellow,500,375,360.9428,594.83,40,CM ,LB ,2.22,1,R ,M ,W ,14.0,17.0,2023-05-30 00:00:00.000,,,22DF26F2-60BC-493E-A14A-5500633E9F7E,2025-02-07 10:01:36.827,2.0,Road Frames,Components,88.0,88.0,203.0,68167.5144,335.8822943181818,324.4527,0.0,0.0,0.0,9.0,2024-10-29,0.18514993118188272,0.8148500688181173,0.0,2.0,540.7545,594.83,567.79225,38.23715274605321,594.83,2.0,300.1188,360.9428,330.5308,43.00906285889054,360.9428,1.0,0.0,0.0,0.0,0.0,1309.0,233.88720000000006,0.3932000739707144,54.075500000000034,60.823999999999955,0.06734356227309057,0.13012119554029622,774.6308454545455,2.3068181818181817,1,0
834,"ML Road Frame-W - Yellow, 42",FR-R72Y-42,1,1,Yellow,500,375,360.9428,594.83,42,CM ,LB ,2.26,1,R ,M ,W ,14.0,17.0,2023-05-30 00:00:00.000,,,207B54DA-5404-415D-8578-9A45082E3BF1,2025-02-07 10:01:36.827,2.0,Road Frames,Components,0.0,0.0,0.0,0.0,594.83,594.83,0.0,0.0,0.0,0.0,,,,,2.0,540.7545,594.83,567.79225,38.23715274605321,594.83,2.0,300.1188,360.9428,330.5308,43.00906285889054,360.9428,1.0,0.0,0.0,0.0,0.0,1309.0,233.88720000000006,0.3932000739707144,54.075500000000034,60.823999999999955,0.06734356227309057,0.13012119554029622,0.0,0.0,0,6
835,"ML Road Frame-W - Yellow, 44",FR-R72Y-44,1,1,Yellow,500,375,360.9428,594.83,44,CM ,LB ,2.3,1,R ,M ,W ,14.0,17.0,2023-05-30 00:00:00.000,,,A0FAD492-AC24-4FCF-8D2A-D21D06386AE1,2025-02-07 10:01:36.827,2.0,Road Frames,Components,489.0,489.0,1435.0,485700.546949,339.3649314928425,324.4527,0.00014314928425357876,0.00408997955010225,0.0,10.0,2025-04-30,0.14549253041590693,0.8537726587994606,0.0007348107846324402,2.0,540.7545,594.83,567.79225,38.23715274605321,594.83,2.0,300.1188,360.9428,330.5308,43.00906285889054,360.9428,3.0,2.0,0.05,0.023333333333333334,15.0,3499.0,233.88720000000006,0.3932000739707144,54.075500000000034,60.823999999999955,0.06734356227309057,0.13012119554029622,993.2526522474437,2.934560327198364,1,2
836,"ML Road Frame-W - Yellow, 48",FR-R72Y-48,1,1,Yellow,500,375,360.9428,594.83,48,CM ,LB ,2.34,1,R ,M ,W ,14.0,17.0,2023-05-30 00:00:00.000,,,8487BFE0-2138-471E-9C6D-FDB3A67E7D86,2025-02-07 10:01:36.827,2.0,Road Frames,Components,350.0,350.0,889.0,301286.7891,339.74834142857145,324.4527,0.0,0.0,0.0,9.0,2025-04-30,0.14419556439821343,0.8558044356017865,0.0,2.0,540.7545,594.83,567.79225,38.23715274605321,594.83,2.0,300.1188,360.9428,330.5308,43.00906285889054,360.9428,1.0,0.0,0.0,0.0,0.0,1309.0,233.88720000000006,0.3932000739707144,54.075500000000034,60.823999999999955,0.06734356227309057,0.13012119554029622,860.8193974285714,2.54,1,3
837,"HL Road Frame - Black, 62",FR-R92B-62,1,1,Black,500,375,868.6342,1431.5,62,CM ,LB ,2.3,1,R ,H ,U ,14.0,6.0,2023-05-30 00:00:00.000,,,5DCE9C8C-FB94-46F8-B826-11658F6A3682,2025-02-07 10:01:36.827,2.0,Road Frames,Components,0.0,0.0,0.0,0.0,1431.5,1431.5,0.0,0.0,0.0,0.0,,,,,2.0,1301.3636,1431.5,1366.4317999999998,92.02033091920516,1431.5,2.0,722.2568,868.6342,795.4455,103.50445215245567,868.6342,1.0,0.0,0.0,0.0,0.0,1309.0,562.8658,0.39320000000000005,130.1364000000001,146.37739999999997,0.06734352268382891,0.1301213623717221,0.0,0.0,0,6
838,"HL Road Frame - Black, 44",FR-R92B-44,1,1,Black,500,375,868.6342,1431.5,44,CM ,LB ,2.12,1,R ,H ,U ,14.0,6.0,2023-05-30 00:00:00.000,,,E4902656-A4BC-4B08-9D47-4F3DA0FD76C3,2025-02-07 10:01:36.827,2.0,Road Frames,Components,201.0,201.0,459.0,375026.9772,818.4994666666666,780.8182,0.0,0.0,0.0,9.0,2025-04-30,0.15781803016383109,0.8421819698361689,0.0,2.0,1301.3636,1431.5,1366.4317999999998,92.02033091920516,1431.5,2.0,722.2568,868.6342,795.4455,103.50445215245567,868.6342,1.0,0.0,0.0,0.0,0.0,1309.0,562.8658,0.39320000000000005,130.1364000000001,146.37739999999997,0.06734352268382891,0.1301213623717221,1865.805856716418,2.283582089552239,1,3
839,"HL Road Frame - Black, 48",FR-R92B-48,1,1,Black,500,375,868.6342,1431.5,48,CM ,LB ,2.16,1,R ,H ,U ,14.0,6.0,2023-05-30 00:00:00.000,,,557B603B-407B-41A4-AE34-4F7747866DBA,2025-02-07 10:01:36.827,2.0,Road Frames,Components,47.0,47.0,109.0,89872.1736,824.0123872340425,858.9,0.0,0.0,0.0,8.0,2024-07-30,0.2033014766207902,0.7966985233792098,0.0,2.0,1301.3636,1431.5,1366.4317999999998,92.02033091920516,1431.5,2.0,722.2568,868.6342,795.4455,103.50445215245567,868.6342,1.0,0.0,0.0,0.0,0.0,1309.0,562.8658,0.39320000000000005,130.1364000000001,146.37739999999997,0.06734352268382891,0.1301213623717221,1912.1739063829787,2.3191489361702127,1,3
840,"HL Road Frame - Black, 52",FR-R92B-52,1,1,Black,500,375,868.6342,1431.5,52,CM ,LB ,2.2,1,R ,H ,U ,14.0,6.0,2023-05-30 00:00:00.000,,,0ED082B3-FBBA-43AF-9149-8741B9FC78C8,2025-02-07 10:01:36.827,2.0,Road Frames,Components,0.0,0.0,0.0,0.0,1431.5,1431.5,0.0,0.0,0.0,0.0,,,,,2.0,1301.3636,1431.5,1366.4317999999998,92.02033091920516,1431.5,2.0,722.2568,868.6342,795.4455,103.50445215245567,868.6342,1.0,0.0,0.0,0.0,0.0,1309.0,562.8658,0.39320000000000005,130.1364000000001,146.37739999999997,0.06734352268382891,0.1301213623717221,0.0,0.0,0,6
841,"Men's Sports Shorts, S",SH-M897-S,0,1,Black,4,3,24.7459,59.99,S,,,,0,S ,,M ,22.0,13.0,2023-05-30 00:00:00.000,2024-05-28 00:00:00.000,,34B08C1F-99D1-43C4-8EF7-2CD754B6665D,2025-02-07 10:01:36.827,3.0,Shorts,Clothing,160.0,160.0,567.0,20364.997268,35.9790025,35.994,0.00025,0.0125,0.0,8.0,2024-04-29,0.1396281061362134,0.8603718938637867,0.0,1.0,59.99,59.99,59.99,0.0,59.99,1.0,24.7459,24.7459,24.7459,0.0,24.7459,2.0,1.0,0.02,0.01,11.0,2404.0,35.2441,0.5874995832638773,0.0,0.0,0.0,0.0,127.281232925,3.54375,1,5
842,"Touring-Panniers, Large",PA-T100,0,1,Grey,4,3,51.5625,125.0,,,,,0,T ,,,35.0,120.0,2023-05-30 00:00:00.000,2024-05-28 00:00:00.000,,56334FFF-91D4-495E-BF98-933BC1010F23,2025-02-07 10:01:36.827,4.0,Panniers,Accessories,0.0,0.0,0.0,0.0,125.0,125.0,0.0,0.0,0.0,0.0,,,,,1.0,125.0,125.0,125.0,0.0,125.0,1.0,51.5625,51.5625,51.5625,0.0,51.5625,1.0,0.0,0.0,0.0,0.0,1309.0,73.4375,0.5875,0.0,0.0,0.0,0.0,0.0,0.0,0,6
843,Cable Lock,LO-C100,0,1,,4,3,10.3125,25.0,,,,,0,S ,,,34.0,115.0,2023-05-30 00:00:00.000,2024-05-28 00:00:00.000,,56FFD7B9-1014-4640-B1BD-B2649589B4D7,2025-02-07 10:01:36.827,4.0,Locks,Accessories,260.0,260.0,1087.0,16240.22,14.986538461538462,15.0,0.0005384615384615385,0.026923076923076925,0.0,9.0,2024-09-29,0.11083593695159302,0.889164063048407,0.0,1.0,25.0,25.0,25.0,0.0,25.0,1.0,10.3125,10.3125,10.3125,0.0,10.3125,2.0,1.0,0.02,0.01,11.0,2404.0,14.6875,0.5875,0.0,0.0,0.0,0.0,62.462384615384615,4.180769230769231,1,5
844,Minipump,PU-0452,0,1,,4,3,8.2459,19.99,,,,,0,S ,,,36.0,116.0,2023-05-30 00:00:00.000,2024-05-28 00:00:00.000,,AAF7A076-9EE3-46BF-A69F-414D847E858B,2025-02-07 10:01:36.827,4.0,Pumps,Accessories,267.0,267.0,1130.0,13514.687276,11.986513108614231,11.994,0.0003745318352059925,0.018726591760299626,0.0,8.0,2024-04-29,0.13162673110158024,0.8683732688984197,0.0,1.0,19.99,19.99,19.99,0.0,19.99,1.0,8.2459,8.2459,8.2459,0.0,8.2459,2.0,1.0,0.02,0.01,11.0,2404.0,11.744099999999998,0.5874987493746873,0.0,0.0,0.0,0.0,50.61680627715356,4.2322097378277155,1,5
845,Mountain Pump,PU-M044,0,1,,4,3,10.3084,24.99,,,,,0,M ,,,36.0,117.0,2023-05-30 00:00:00.000,2024-05-28 00:00:00.000,,57169F80-FAFB-4678-8F51-FE1F131D0C83,2025-02-07 10:01:36.827,4.0,Pumps,Accessories,0.0,0.0,0.0,0.0,24.99,24.99,0.0,0.0,0.0,0.0,,,,,1.0,24.99,24.99,24.99,0.0,24.99,1.0,10.3084,10.3084,10.3084,0.0,10.3084,1.0,0.0,0.0,0.0,0.0,1309.0,14.681599999999998,0.5874989995998399,0.0,0.0,0.0,0.0,0.0,0.0,0,6
846,Taillights - Battery-Powered,LT-T990,0,1,,4,3,5.7709,13.99,,,,,0,R ,,,33.0,108.0,2023-05-30 00:00:00.000,2024-05-28 00:00:00.000,,3C617B87-50A5-434C-A0D3-22314B7027EE,2025-02-07 10:01:36.827,4.0,Lights,Accessories,0.0,0.0,0.0,0.0,13.99,13.99,0.0,0.0,0.0,0.0,,,,,1.0,13.99,13.99,13.99,0.0,13.99,1.0,5.7709,5.7709,5.7709,0.0,5.7709,1.0,0.0,0.0,0.0,0.0,1309.0,8.219100000000001,0.5874982130092924,0.0,0.0,0.0,0.0,0.0,0.0,0,6
847,Headlights - Dual-Beam,LT-H902,0,1,,4,3,14.4334,34.99,,,,,0,R ,,,33.0,109.0,2023-05-30 00:00:00.000,2024-05-28 00:00:00.000,,417DB6CB-F38F-4B0D-87E7-E1EBF7456C3A,2025-02-07 10:01:36.827,4.0,Lights,Accessories,0.0,0.0,0.0,0.0,34.99,34.99,0.0,0.0,0.0,0.0,,,,,1.0,34.99,34.99,34.99,0.0,34.99,1.0,14.4334,14.4334,14.4334,0.0,14.4334,1.0,0.0,0.0,0.0,0.0,1309.0,20.556600000000003,0.5874992855101459,0.0,0.0,0.0,0.0,0.0,0.0,0,6
848,Headlights - Weatherproof,LT-H903,0,1,,4,3,18.5584,44.99,,,,,0,R ,,,33.0,110.0,2023-05-30 00:00:00.000,2024-05-28 00:00:00.000,,FC362C1A-4B9C-4D5F-A6D3-0775846C61F0,2025-02-07 10:01:36.827,4.0,Lights,Accessories,0.0,0.0,0.0,0.0,44.99,44.99,0.0,0.0,0.0,0.0,,,,,1.0,44.99,44.99,44.99,0.0,44.99,1.0,18.5584,18.5584,18.5584,0.0,18.5584,1.0,0.0,0.0,0.0,0.0,1309.0,26.431600000000003,0.5874994443209602,0.0,0.0,0.0,0.0,0.0,0.0,0,6
849,"Men's Sports Shorts, M",SH-M897-M,0,1,Black,4,3,24.7459,59.99,M,,,,0,S ,,M ,22.0,13.0,2023-05-30 00:00:00.000,2024-05-28 00:00:00.000,,DB37B435-74B9-43D3-B363-ABBEAD107BC4,2025-02-07 10:01:36.827,3.0,Shorts,Clothing,283.0,283.0,1276.0,45594.283686,35.949484452296815,35.994,0.0009187279151943463,0.0353356890459364,0.0,9.0,2024-07-30,0.10591667660046676,0.8940833233995332,0.0,1.0,59.99,59.99,59.99,0.0,59.99,1.0,24.7459,24.7459,24.7459,0.0,24.7459,3.0,2.0,0.05,0.023333333333333334,15.0,3499.0,35.2441,0.5874995832638773,0.0,0.0,0.0,0.0,161.11054306007068,4.508833922261484,1,5
850,"Men's Sports Shorts, L",SH-M897-L,0,1,Black,4,3,24.7459,59.99,L,,,,0,S ,,M ,22.0,13.0,2023-05-30 00:00:00.000,2024-05-28 00:00:00.000,,714184C5-669B-4CF1-A802-30E7B1EA7722,2025-02-07 10:01:36.827,3.0,Shorts,Clothing,131.0,131.0,445.0,16017.33,35.994,35.994,0.0,0.0,0.0,8.0,2024-04-29,0.14157303370786517,0.8584269662921349,0.0,1.0,59.99,59.99,59.99,0.0,59.99,1.0,24.7459,24.7459,24.7459,0.0,24.7459,1.0,0.0,0.0,0.0,0.0,1309.0,35.2441,0.5874995832638773,0.0,0.0,0.0,0.0,122.26969465648855,3.3969465648854964,1,0
851,"Men's Sports Shorts, XL",SH-M897-X,0,1,Black,4,3,24.7459,59.99,XL,,,,0,S ,,M ,22.0,13.0,2023-05-30 00:00:00.000,2024-05-28 00:00:00.000,,BD3FFE40-FE2E-44CB-A4E0-81786C3A751F,2025-02-07 10:01:36.827,3.0,Shorts,Clothing,0.0,0.0,0.0,0.0,59.99,59.99,0.0,0.0,0.0,0.0,,,,,1.0,59.99,59.99,59.99,0.0,59.99,1.0,24.7459,24.7459,24.7459,0.0,24.7459,1.0,0.0,0.0,0.0,0.0,1309.0,35.2441,0.5874995832638773,0.0,0.0,0.0,0.0,0.0,0.0,0,6
852,"Women's Tights, S",TG-W091-S,0,1,Black,4,3,30.9334,74.99,S,,,,0,S ,,W ,24.0,38.0,2023-05-30 00:00:00.000,2024-05-28 00:00:00.000,,7DE86C98-4F5B-4155-8572-C977F14EBAEB,2025-02-07 10:01:36.827,3.0,Tights,Clothing,422.0,422.0,2072.0,91330.800936,44.84117677725118,44.994,0.0025118483412322275,0.08056872037914692,0.0,9.0,2025-04-29,0.1128013614182502,0.8871986385817497,0.0,1.0,74.99,74.99,74.99,0.0,74.99,1.0,30.9334,30.9334,30.9334,0.0,30.9334,4.0,3.0,0.1,0.0425,25.0,4594.0,44.056599999999996,0.5874996666222163,0.0,0.0,0.0,0.0,216.42369890047394,4.909952606635071,1,5
853,"Women's Tights, M",TG-W091-M,0,1,Black,4,3,30.9334,74.99,M,,,,0,S ,,W ,24.0,38.0,2023-05-30 00:00:00.000,2024-05-28 00:00:00.000,,4D8E186C-B8C9-4C64-B411-4995DD87E316,2025-02-07 10:01:36.827,3.0,Tights,Clothing,114.0,114.0,394.0,17727.636,44.994,44.994,0.0,0.0,0.0,8.0,2024-04-29,0.11928934010152284,0.8807106598984772,0.0,1.0,74.99,74.99,74.99,0.0,74.99,1.0,30.9334,30.9334,30.9334,0.0,30.9334,1.0,0.0,0.0,0.0,0.0,1309.0,44.056599999999996,0.5874996666222163,0.0,0.0,0.0,0.0,155.5055789473684,3.456140350877193,1,0
854,"Women's Tights, L",TG-W091-L,0,1,Black,4,3,30.9334,74.99,L,,,,0,S ,,W ,24.0,38.0,2023-05-30 00:00:00.000,2024-05-28 00:00:00.000,,E378C2F3-54F6-4EA9-B049-E8BB32B5BDFD,2025-02-07 10:01:36.827,3.0,Tights,Clothing,441.0,441.0,2123.0,94090.642908,44.87836916099773,44.994,0.00199546485260771,0.07256235827664399,0.0,9.0,2025-03-29,0.11304810708329865,0.8869518929167013,0.0,1.0,74.99,74.99,74.99,0.0,74.99,1.0,30.9334,30.9334,30.9334,0.0,30.9334,3.0,2.0,0.05,0.023333333333333334,15.0,3499.0,44.056599999999996,0.5874996666222163,0.0,0.0,0.0,0.0,213.35746691156461,4.814058956916099,1,5
855,"Men's Bib-Shorts, S",SB-M891-S,0,1,Multi,4,3,37.1209,89.99,S,,,,0,S ,,M ,18.0,12.0,2023-05-30 00:00:00.000,2024-05-28 00:00:00.000,,9F60AF1E-4C11-4E90-BAEA-48E834E8B4C2,2025-02-07 10:01:36.827,3.0,Bib-Shorts,Clothing,231.0,231.0,876.0,47214.369376,54.00958268398268,53.994,0.00025974025974025974,0.012987012987012988,0.0,9.0,2025-02-27,0.12322666918765286,0.8767733308123472,0.0,1.0,89.99,89.99,89.99,0.0,89.99,1.0,37.1209,37.1209,37.1209,0.0,37.1209,2.0,1.0,0.02,0.01,11.0,2404.0,52.869099999999996,0.5874997221913546,0.0,0.0,0.0,0.0,204.39120941991342,3.792207792207792,1,5
856,"Men's Bib-Shorts, M",SB-M891-M,0,1,Multi,4,3,37.1209,89.99,M,,,,0,S ,,M ,18.0,12.0,2023-05-30 00:00:00.000,2024-05-28 00:00:00.000,,E0CBEC04-F4FC-450F-9780-F8EA7691FEBD,2025-02-07 10:01:36.827,3.0,Bib-Shorts,Clothing,353.0,353.0,1616.0,86166.045931,53.90732407932011,53.994,0.001529745042492918,0.05099150141643059,0.0,9.0,2025-04-29,0.12037218739624748,0.8796278126037526,0.0,1.0,89.99,89.99,89.99,0.0,89.99,1.0,37.1209,37.1209,37.1209,0.0,37.1209,3.0,2.0,0.05,0.023333333333333334,15.0,3499.0,52.869099999999996,0.5874997221913546,0.0,0.0,0.0,0.0,244.09644739660058,4.577903682719547,1,5
857,"Men's Bib-Shorts, L",SB-M891-L,0,1,Multi,4,3,37.1209,89.99,L,,,,0,S ,,M ,18.0,12.0,2023-05-30 00:00:00.000,2024-05-28 00:00:00.000,,E1DF75A4-9986-489E-A5DE-AD3DA824EB5E,2025-02-07 10:01:36.827,3.0,Bib-Shorts,Clothing,178.0,178.0,633.0,34178.202,53.99400000000001,53.994,0.0,0.0,0.0,8.0,2024-04-29,0.12322274881516586,0.8767772511848341,0.0,1.0,89.99,89.99,89.99,0.0,89.99,1.0,37.1209,37.1209,37.1209,0.0,37.1209,1.0,0.0,0.0,0.0,0.0,1309.0,52.869099999999996,0.5874997221913546,0.0,0.0,0.0,0.0,192.01237078651684,3.556179775280899,1,0
858,"Half-Finger Gloves, S",GL-H102-S,0,1,Black,4,3,9.1593,24.49,S,,,,0,S ,,U ,20.0,4.0,2023-05-30 00:00:00.000,,,9E1DB5C3-539D-4061-9433-D762DC195CD8,2025-02-07 10:01:36.827,3.0,Gloves,Clothing,883.0,883.0,2188.0,36490.550835,20.004577689694223,24.49,0.0003510758776896942,0.015855039637599093,0.5526613816534541,10.0,2025-06-26,0.23881748089813395,0.6721903300093058,0.08899218909256018,2.0,23.5481,24.49,24.01905,0.6660238771996069,24.49,2.0,9.1593,9.7136,9.43645,0.3919492888117036,9.1593,3.0,2.0,0.05,0.023333333333333334,15.0,3499.0,15.330699999999998,0.6259983666802776,0.9418999999999969,0.5542999999999996,0.027728985001472035,0.041535671657424514,41.325652134767836,2.477916194790487,1,5
859,"Half-Finger Gloves, M",GL-H102-M,0,1,Black,4,3,9.1593,24.49,M,,,,0,S ,,U ,20.0,4.0,2023-05-30 00:00:00.000,,,9D458FD5-392D-4AB1-AFEF-6A5548E48858,2025-02-07 10:01:36.827,3.0,Gloves,Clothing,1086.0,1086.0,3464.0,54545.487338,19.03513314917127,14.694,0.0010773480662983426,0.03867403314917127,0.4594843462246777,10.0,2025-06-29,0.23073911381541393,0.6901455805817776,0.07911530560280866,2.0,23.5481,24.49,24.01905,0.6660238771996069,24.49,2.0,9.1593,9.7136,9.43645,0.3919492888117036,9.1593,3.0,2.0,0.05,0.023333333333333334,15.0,3499.0,15.330699999999998,0.6259983666802776,0.9418999999999969,0.5542999999999996,0.027728985001472035,0.041535671657424514,50.22604727255985,3.189686924493554,1,5
860,"Half-Finger Gloves, L",GL-H102-L,0,1,Black,4,3,9.1593,24.49,L,,,,0,S ,,U ,20.0,4.0,2023-05-30 00:00:00.000,,,FA710215-925F-4959-81DF-538E72A6A255,2025-02-07 10:01:36.827,3.0,Gloves,Clothing,673.0,673.0,1276.0,22912.259476,21.060008172362554,24.49,2.971768202080238e-05,0.0014858841010401188,0.6582466567607727,10.0,2025-06-29,0.26126239563017767,0.6423264231716577,0.09641118119816461,2.0,23.5481,24.49,24.01905,0.6660238771996069,24.49,2.0,9.1593,9.7136,9.43645,0.3919492888117036,9.1593,2.0,1.0,0.02,0.01,11.0,2404.0,15.330699999999998,0.6259983666802776,0.9418999999999969,0.5542999999999996,0.027728985001472035,0.041535671657424514,34.044962074294205,1.8959881129271916,1,5
861,"Full-Finger Gloves, S",GL-F110-S,0,1,Black,4,3,15.6709,37.99,S,,,,0,M ,,U ,20.0,3.0,2023-05-30 00:00:00.000,2024-05-28 00:00:00.000,,76FAC097-1FB3-456B-8FB9-2C7A613771B4,2025-02-07 10:01:36.827,3.0,Gloves,Clothing,240.0,240.0,500.0,11410.2965,22.825658333333333,22.794,0.0,0.0,0.0,9.0,2025-04-29,0.12502080905610122,0.8749791909438989,0.0,1.0,37.99,37.99,37.99,0.0,37.99,1.0,15.6709,15.6709,15.6709,0.0,15.6709,1.0,0.0,0.0,0.0,0.0,1309.0,22.319100000000002,0.5874993419320874,0.0,0.0,0.0,0.0,47.54290208333334,2.0833333333333335,1,0
862,"Full-Finger Gloves, M",GL-F110-M,0,1,Black,4,3,15.6709,37.99,M,,,,0,M ,,U ,20.0,3.0,2023-05-30 00:00:00.000,2024-05-28 00:00:00.000,,1084221E-1890-443E-9D87-AFCAD6358355,2025-02-07 10:01:36.827,3.0,Gloves,Clothing,359.0,359.0,2206.0,48210.176172,22.6035208913649,22.794,0.005571030640668524,0.15598885793871867,0.0,9.0,2025-04-29,0.12937119805885283,0.8706288019411472,0.0,1.0,37.99,37.99,37.99,0.0,37.99,1.0,15.6709,15.6709,15.6709,0.0,15.6709,4.0,3.0,0.1,0.0425,25.0,4594.0,22.319100000000002,0.5874993419320874,0.0,0.0,0.0,0.0,134.29018432311977,6.144846796657381,1,5
863,"Full-Finger Gloves, L",GL-F110-L,0,1,Black,4,3,15.6709,37.99,L,,,,0,M ,,U ,20.0,3.0,2023-05-30 00:00:00.000,2024-05-28 00:00:00.000,,6116F9D4-8A1D-4022-A642-9C445C197203,2025-02-07 10:01:36.827,3.0,Gloves,Clothing,364.0,364.0,3378.0,69943.214246,22.25441675824176,22.794,0.014615384615384617,0.29395604395604397,0.0,9.0,2025-04-29,0.10585361301755465,0.8941463869824453,0.0,1.0,37.99,37.99,37.99,0.0,37.99,1.0,15.6709,15.6709,15.6709,0.0,15.6709,5.0,4.0,0.15,0.064,41.0,5689.0,22.319100000000002,0.5874993419320874,0.0,0.0,0.0,0.0,192.151687489011,9.280219780219781,1,5
864,"Classic Vest, S",VE-C304-S,0,1,Blue,4,3,23.749,63.5,S,,,,0,S ,,U ,25.0,1.0,2024-05-29 00:00:00.000,,,EB423EF3-409D-46FE-B35B-D69970820314,2025-02-07 10:01:36.827,3.0,Vests,Clothing,682.0,682.0,4247.0,156398.06795,43.86714076246334,38.1,0.0077126099706744874,0.19941348973607037,0.24633431085043989,10.0,2025-06-29,0.25947727891992806,0.6671981135557244,0.07332460752434763,1.0,63.5,63.5,63.5,0.0,63.5,1.0,23.749,23.749,23.749,0.0,23.749,4.0,3.0,0.1,0.0425,25.0,4594.0,39.751000000000005,0.6260000000000001,0.0,0.0,0.0,0.0,229.32268027859237,6.2272727272727275,1,5
865,"Classic Vest, M",VE-C304-M,0,1,Blue,4,3,23.749,63.5,M,,,,0,S ,,U ,25.0,1.0,2024-05-29 00:00:00.000,,,2E52F96E-64A1-4069-911C-E3FD6E094A1E,2025-02-07 10:01:36.827,3.0,Vests,Clothing,555.0,555.0,2284.0,90250.60055,47.06208108108108,38.1,0.0022882882882882885,0.07927927927927927,0.35855855855855856,10.0,2025-06-28,0.2800363731208434,0.6445758027701013,0.07538782410905519,1.0,63.5,63.5,63.5,0.0,63.5,1.0,23.749,23.749,23.749,0.0,23.749,3.0,2.0,0.05,0.023333333333333334,15.0,3499.0,39.751000000000005,0.6260000000000001,0.0,0.0,0.0,0.0,162.6136946846847,4.115315315315315,1,5
866,"Classic Vest, L",VE-C304-L,0,1,Blue,4,3,23.749,63.5,L,,,,0,S ,,U ,25.0,1.0,2024-05-29 00:00:00.000,,,3211F5A8-B6C4-48BD-9AA4-D69CB40D97DD,2025-02-07 10:01:36.827,3.0,Vests,Clothing,201.0,201.0,207.0,12839.7,62.74179104477612,63.5,0.0,0.0,0.9701492537313433,10.0,2025-06-29,0.2215628090999011,0.5608308605341246,0.21760633036597427,1.0,63.5,63.5,63.5,0.0,63.5,1.0,23.749,23.749,23.749,0.0,23.749,1.0,0.0,0.0,0.0,0.0,1309.0,39.751000000000005,0.6260000000000001,0.0,0.0,0.0,0.0,63.879104477611946,1.0298507462686568,1,7
867,"Women's Mountain Shorts, S",SH-W890-S,0,1,Black,4,3,26.1763,69.99,S,,,,0,M ,,W ,22.0,37.0,2024-05-29 00:00:00.000,,,22616FD2-B99F-4F7D-ACF6-33DFF66D42D2,2025-02-07 10:01:36.827,3.0,Shorts,Clothing,648.0,648.0,3296.0,137164.127325,54.65268518518518,41.994,0.006790123456790124,0.14814814814814814,0.4691358024691358,10.0,2025-06-29,0.16444134316953413,0.8027996688382677,0.032758987992198056,1.0,69.99,69.99,69.99,0.0,69.99,1.0,26.1763,26.1763,26.1763,0.0,26.1763,4.0,3.0,0.1,0.0425,25.0,4594.0,43.8137,0.6259994284897843,0.0,0.0,0.0,0.0,211.67303599537038,5.08641975308642,1,5
868,"Women's Mountain Shorts, M",SH-W890-M,0,1,Black,4,3,26.1763,69.99,M,,,,0,M ,,W ,22.0,37.0,2024-05-29 00:00:00.000,,,968E3610-E583-42E8-8AB6-484A799B1774,2025-02-07 10:01:36.827,3.0,Shorts,Clothing,681.0,681.0,1139.0,57685.758,56.46476651982379,69.99,0.0,0.0,0.5168869309838473,10.0,2025-06-27,0.15772870662460567,0.7590390681873332,0.08323222518806114,1.0,69.99,69.99,69.99,0.0,69.99,1.0,26.1763,26.1763,26.1763,0.0,26.1763,1.0,0.0,0.0,0.0,0.0,1309.0,43.8137,0.6259994284897843,0.0,0.0,0.0,0.0,84.70742731277534,1.672540381791483,1,7
869,"Women's Mountain Shorts, L",SH-W890-L,0,1,Black,4,3,26.1763,69.99,L,,,,0,M ,,W ,22.0,37.0,2024-05-29 00:00:00.000,,,1A66B244-5CA0-4153-B539-AE048D14FAEC,2025-02-07 10:01:36.827,3.0,Shorts,Clothing,707.0,707.0,3244.0,136774.017063,55.963291230551626,69.99,0.005785007072135785,0.12446958981612447,0.5134370579915134,10.0,2025-06-29,0.15626680200637225,0.7972690220012478,0.04646417599237987,1.0,69.99,69.99,69.99,0.0,69.99,1.0,26.1763,26.1763,26.1763,0.0,26.1763,5.0,4.0,0.15,0.064,41.0,5689.0,43.8137,0.6259994284897843,0.0,0.0,0.0,0.0,193.45688410608204,4.588401697312588,1,5
870,Water Bottle - 30 oz.,WB-H098,0,1,,4,3,1.8663,4.99,,,,,0,S ,,,28.0,111.0,2024-05-29 00:00:00.000,,,834E8D1A-69A7-4C42-8B68-FA08D9EC9E5B,2025-02-07 10:01:36.827,4.0,Bottles and Cages,Accessories,4688.0,4688.0,6815.0,28654.163327000002,4.799064377133106,4.99,0.00037969283276450514,0.011732081911262798,0.9052901023890785,10.0,2025-06-29,0.2841425708049954,0.5652910367736036,0.15056639242140102,1.0,4.99,4.99,4.99,0.0,4.99,1.0,1.8663,1.8663,1.8663,0.0,1.8663,4.0,3.0,0.1,0.0425,25.0,4594.0,3.1237000000000004,0.6259919839679359,0.0,0.0,0.0,0.0,6.112236204564847,1.453711604095563,1,5
871,Mountain Bottle Cage,BC-M005,0,1,,4,3,3.7363,9.99,,,,,0,M ,,,28.0,112.0,2024-05-29 00:00:00.000,,,684491DE-63F8-4632-90E3-36773C4E63BD,2025-02-07 10:01:36.827,4.0,Bottles and Cages,Accessories,2025.0,2025.0,2025.0,20229.75,9.99,9.99,0.0,0.0,1.0,9.0,2025-06-29,0.2785185185185185,0.5871604938271605,0.134320987654321,1.0,9.99,9.99,9.99,0.0,9.99,1.0,3.7363,3.7363,3.7363,0.0,3.7363,1.0,0.0,0.0,0.0,0.0,1309.0,6.2537,0.625995995995996,0.0,0.0,0.0,0.0,9.99,1.0,1,7
872,Road Bottle Cage,BC-R205,0,1,,4,3,3.3623,8.99,,,,,0,R ,,,28.0,113.0,2024-05-29 00:00:00.000,,,601B1FE8-D4D0-4CFB-9379-29481CC05291,2025-02-07 10:01:36.827,4.0,Bottles and Cages,Accessories,1712.0,1712.0,1712.0,15390.880000000001,8.99,8.99,0.0,0.0,1.0,8.0,2025-06-26,0.33936915887850466,0.36331775700934577,0.2973130841121495,1.0,8.99,8.99,8.99,0.0,8.99,1.0,3.3623,3.3623,3.3623,0.0,3.3623,1.0,0.0,0.0,0.0,0.0,1309.0,5.627700000000001,0.6259955506117909,0.0,0.0,0.0,0.0,8.99,1.0,1,7
873,Patch Kit/8 Patches,PK-7098,0,1,,4,3,0.8565,2.29,,,,,0,S ,,,37.0,114.0,2024-05-29 00:00:00.000,,,36E638E4-68DF-411B-930A-DAAD57221AA6,2025-02-07 10:01:36.827,4.0,Tires and Tubes,Accessories,3354.0,3354.0,3865.0,8232.597632,2.245469946332737,2.29,5.963029218843172e-06,0.0002981514609421586,0.9514013118664282,10.0,2025-06-29,0.2703797430045467,0.5429175820067578,0.18670267498869544,1.0,2.29,2.29,2.29,0.0,2.29,1.0,0.8565,0.8565,0.8565,0.0,0.8565,2.0,1.0,0.02,0.01,11.0,2404.0,1.4335,0.6259825327510917,0.0,0.0,0.0,0.0,2.454561011329756,1.152355396541443,1,7
874,"Racing Socks, M",SO-R809-M,0,1,White,4,3,3.3623,8.99,M,,,,0,R ,,U ,23.0,24.0,2024-05-29 00:00:00.000,,,B9C7EB0A-1DD1-4A1D-B4C3-1DAD83A8EA7E,2025-02-07 10:01:36.827,3.0,Socks,Clothing,593.0,593.0,1547.0,9387.149432,7.198670489038786,8.99,0.00026981450252951095,0.013490725126475547,0.5025295109612141,10.0,2025-06-29,0.15188998644673968,0.799267710219189,0.04884230333407139,1.0,8.99,8.99,8.99,0.0,8.99,1.0,3.3623,3.3623,3.3623,0.0,3.3623,2.0,1.0,0.02,0.01,11.0,2404.0,5.627700000000001,0.6259955506117909,0.0,0.0,0.0,0.0,15.829931588532883,2.6087689713322093,1,5
875,"Racing Socks, L",SO-R809-L,0,1,White,4,3,3.3623,8.99,L,,,,0,R ,,U ,23.0,24.0,2024-05-29 00:00:00.000,,,C0A16305-74B7-4FAE-B5C9-3E8BD0E44762,2025-02-07 10:01:36.827,3.0,Socks,Clothing,604.0,604.0,2473.0,13784.589952,6.969780298013245,5.394,0.0035264900662251653,0.10099337748344371,0.4470198675496689,10.0,2025-06-28,0.11768543755373945,0.8425317323505106,0.0397828300957501,1.0,8.99,8.99,8.99,0.0,8.99,1.0,3.3623,3.3623,3.3623,0.0,3.3623,4.0,3.0,0.1,0.0425,25.0,4594.0,5.627700000000001,0.6259955506117909,0.0,0.0,0.0,0.0,22.822168794701987,4.094370860927152,1,5
876,Hitch Rack - 4-Bike,RA-H123,0,1,,4,3,44.88,120.0,,,,,0,S ,,,26.0,118.0,2024-05-29 00:00:00.000,,,7A0C4BBD-9679-4F59-9EBC-9DAF3439A38A,2025-02-07 10:01:36.827,4.0,Bike Racks,Accessories,796.0,796.0,3166.0,237096.156,91.46381909547738,72.0,0.002625628140703518,0.07788944723618091,0.4120603015075377,10.0,2025-06-29,0.2651804612133821,0.6571856188170339,0.07763391996958399,1.0,120.0,120.0,120.0,0.0,120.0,1.0,44.88,44.88,44.88,0.0,44.88,4.0,3.0,0.1,0.0425,25.0,4594.0,75.12,0.626,0.0,0.0,0.0,0.0,297.85949246231155,3.977386934673367,1,5
877,Bike Wash - Dissolver,CL-9009,0,1,,4,3,2.9733,7.95,,,,,0,S ,,,29.0,119.0,2024-05-29 00:00:00.000,,,3C40B5AD-E328-4715-88A7-EC3220F02ACF,2025-02-07 10:01:36.827,4.0,Cleaners,Accessories,1327.0,1327.0,3319.0,18406.97208,6.936150339110776,7.95,0.001228334589299171,0.04144687264506405,0.6842501883948756,10.0,2025-06-29,0.24046486601722494,0.6353202446428659,0.1242148893399093,1.0,7.95,7.95,7.95,0.0,7.95,1.0,2.9733,2.9733,2.9733,0.0,2.9733,4.0,3.0,0.1,0.0425,25.0,4594.0,4.9767,0.626,0.0,0.0,0.0,0.0,13.871116865109268,2.501130369253956,1,5
878,Fender Set - Mountain,FE-6654,0,1,,4,3,8.2205,21.98,,,,,0,M ,,,30.0,121.0,2024-05-29 00:00:00.000,,,E6E76C7F-C145-4CAD-A9E8-B1E4E845A2C0,2025-02-07 10:01:36.827,4.0,Fenders,Accessories,2121.0,2121.0,2121.0,46619.58,21.98,21.98,0.0,0.0,1.0,10.0,2025-06-29,0.1918906176331919,0.6548797736916548,0.15322960867515323,1.0,21.98,21.98,21.98,0.0,21.98,1.0,8.2205,8.2205,8.2205,0.0,8.2205,1.0,0.0,0.0,0.0,0.0,1309.0,13.759500000000001,0.6260009099181074,0.0,0.0,0.0,0.0,21.98,1.0,1,7
879,All-Purpose Bike Stand,ST-1401,0,1,,4,3,59.466,159.0,,,,,0,M ,,,27.0,122.0,2024-05-29 00:00:00.000,,,C7BB564B-A637-40F5-B21B-CBF7E4F713BE,2025-02-07 10:01:36.827,4.0,Bike Stands,Accessories,249.0,249.0,249.0,39591.0,159.0,159.0,0.0,0.0,1.0,7.0,2025-06-29,0.26907630522088355,0.46987951807228917,0.26104417670682734,1.0,159.0,159.0,159.0,0.0,159.0,1.0,59.466,59.466,59.466,0.0,59.466,1.0,0.0,0.0,0.0,0.0,1309.0,99.53399999999999,0.626,0.0,0.0,0.0,0.0,159.0,1.0,1,7
880,Hydration Pack - 70 oz.,HY-1023-70,0,1,Silver,4,3,20.5663,54.99,70,,,,0,S ,,,32.0,107.0,2024-05-29 00:00:00.000,,,A99D90C0-05E2-4E44-AD90-C55C9F0784DE,2025-02-07 10:01:36.827,4.0,Hydration Packs,Accessories,1074.0,1074.0,2761.0,105826.418334,47.947286312849165,54.99,0.0010707635009310989,0.040968342644320296,0.6824953445065177,10.0,2025-06-29,0.2634200562379207,0.6023145842073852,0.1342653595546943,1.0,54.99,54.99,54.99,0.0,54.99,1.0,20.5663,20.5663,20.5663,0.0,20.5663,3.0,2.0,0.05,0.023333333333333334,15.0,3499.0,34.423700000000004,0.6259992725950173,0.0,0.0,0.0,0.0,98.53484016201118,2.5707635009310987,1,5
881,"Short-Sleeve Classic Jersey, S",SJ-0194-S,0,1,Yellow,4,3,41.5723,53.99,S,,,,0,S ,,U ,21.0,32.0,2024-05-29 00:00:00.000,,,05B2E20F-2399-4CB3-9B49-B28D6649C104,2025-02-07 10:01:36.827,3.0,Jerseys,Clothing,717.0,717.0,1955.0,71606.07316,44.589565411436546,53.99,0.0006136680613668061,0.026499302649930265,0.5662482566248257,10.0,2025-06-29,0.2555278507468989,0.5990640767739036,0.14540807247919754,1.0,53.99,53.99,53.99,0.0,53.99,1.0,41.5723,41.5723,41.5723,0.0,41.5723,3.0,2.0,0.05,0.023333333333333334,15.0,3499.0,12.417700000000004,0.23000000000000007,0.0,0.0,0.0,0.0,99.86900022315203,2.726638772663877,1,5
882,"Short-Sleeve Classic Jersey, M",SJ-0194-M,0,1,Yellow,4,3,41.5723,53.99,M,,,,0,S ,,U ,21.0,32.0,2024-05-29 00:00:00.000,,,BBBF003B-367D-4D71-AF71-10F50B6234A0,2025-02-07 10:01:36.827,3.0,Jerseys,Clothing,407.0,407.0,407.0,21973.93,53.99,53.99,0.0,0.0,1.0,8.0,2025-06-28,0.25307125307125306,0.3832923832923833,0.36363636363636365,1.0,53.99,53.99,53.99,0.0,53.99,1.0,41.5723,41.5723,41.5723,0.0,41.5723,1.0,0.0,0.0,0.0,0.0,1309.0,12.417700000000004,0.23000000000000007,0.0,0.0,0.0,0.0,53.99,1.0,1,7
883,"Short-Sleeve Classic Jersey, L",SJ-0194-L,0,1,Yellow,4,3,41.5723,53.99,L,,,,0,S ,,U ,21.0,32.0,2024-05-29 00:00:00.000,,,2D9F59B8-9F24-46EB-98AD-553E48BB9DB9,2025-02-07 10:01:36.827,3.0,Jerseys,Clothing,805.0,805.0,2848.0,98472.717334,42.32547726708074,32.394,0.0018881987577639753,0.06459627329192547,0.4645962732919255,10.0,2025-06-27,0.2514476892621585,0.6301484407151111,0.11840387002273033,1.0,53.99,53.99,53.99,0.0,53.99,1.0,41.5723,41.5723,41.5723,0.0,41.5723,3.0,2.0,0.05,0.023333333333333334,15.0,3499.0,12.417700000000004,0.23000000000000007,0.0,0.0,0.0,0.0,122.32635693664596,3.537888198757764,1,5
884,"Short-Sleeve Classic Jersey, XL",SJ-0194-X,0,1,Yellow,4,3,41.5723,53.99,XL,,,,0,S ,,U ,21.0,32.0,2024-05-29 00:00:00.000,,,906D42F6-C21F-4D20-B528-02FFDB55FD1E,2025-02-07 10:01:36.827,3.0,Jerseys,Clothing,904.0,904.0,3864.0,129145.570124,41.95333561946902,32.394,0.003915929203539823,0.11172566371681415,0.4524336283185841,10.0,2025-06-29,0.26998287979620306,0.6259656452124549,0.10405147499134208,1.0,53.99,53.99,53.99,0.0,53.99,1.0,41.5723,41.5723,41.5723,0.0,41.5723,4.0,3.0,0.1,0.0425,25.0,4594.0,12.417700000000004,0.23000000000000007,0.0,0.0,0.0,0.0,142.8601439424779,4.274336283185841,1,5
885,"HL Touring Frame - Yellow, 60",FR-T98Y-60,1,1,Yellow,500,375,601.7437,1003.91,60,CM ,LB ,3.08,1,T ,H ,U ,16.0,7.0,2024-05-29 00:00:00.000,,,C49679BD-96A9-4176-A7ED-5BC6D6444647,2025-02-07 10:01:36.827,2.0,Touring Frames,Components,135.0,135.0,387.0,232378.260212,602.0485451851852,602.346,0.0002962962962962963,0.014814814814814815,0.0,10.0,2025-04-30,0.34679263085316137,0.593589236248516,0.059618132898322566,1.0,1003.91,1003.91,1003.91,0.0,1003.91,1.0,601.7437,601.7437,601.7437,0.0,601.7437,2.0,1.0,0.02,0.01,11.0,2404.0,402.1663,0.4005999541791595,0.0,0.0,0.0,0.0,1721.3204460148147,2.8666666666666667,1,2
886,"LL Touring Frame - Yellow, 62",FR-T67Y-62,1,1,Yellow,500,375,199.8519,333.42,62,CM ,LB ,3.2,1,T ,L ,U ,16.0,10.0,2024-05-29 00:00:00.000,,,8D4D52A6-8ABC-4C05-BE4D-C067FAF1A64E,2025-02-07 10:01:36.827,2.0,Touring Frames,Components,130.0,130.0,348.0,69127.13505,199.92376153846155,200.052,0.0003846153846153846,0.007692307692307693,0.0,10.0,2025-04-30,0.3501706237715691,0.5716921296017171,0.07813724662671377,1.0,333.42,333.42,333.42,0.0,333.42,1.0,199.8519,199.8519,199.8519,0.0,199.8519,2.0,1.0,0.05,0.025,15.0,2404.0,133.56810000000002,0.40060014396256977,0.0,0.0,0.0,0.0,531.7471926923076,2.6769230769230767,1,2
887,"HL Touring Frame - Yellow, 46",FR-T98Y-46,1,1,Yellow,500,375,601.7437,1003.91,46,CM ,LB ,2.96,1,T ,H ,U ,16.0,7.0,2024-05-29 00:00:00.000,,,137675A7-34CD-4B7A-ABE1-4E0EEB79B65D,2025-02-07 10:01:36.827,2.0,Touring Frames,Components,41.0,41.0,87.0,52404.102,602.346,602.346,0.0,0.0,0.0,9.0,2025-04-30,0.36781609195402293,0.6091954022988505,0.022988505747126433,1.0,1003.91,1003.91,1003.91,0.0,1003.91,1.0,601.7437,601.7437,601.7437,0.0,601.7437,1.0,0.0,0.0,0.0,0.0,1309.0,402.1663,0.4005999541791595,0.0,0.0,0.0,0.0,1278.1488292682927,2.1219512195121952,1,0
888,"HL Touring Frame - Yellow, 50",FR-T98Y-50,1,1,Yellow,500,375,601.7437,1003.91,50,CM ,LB ,3.0,1,T ,H ,U ,16.0,7.0,2024-05-29 00:00:00.000,,,105EC6E5-30C5-4FE3-A08B-CB324C85323D,2025-02-07 10:01:36.827,2.0,Touring Frames,Components,39.0,39.0,83.0,49994.718,602.346,602.346,0.0,0.0,0.0,9.0,2025-04-30,0.3132530120481927,0.6385542168674698,0.04819277108433735,1.0,1003.91,1003.91,1003.91,0.0,1003.91,1.0,601.7437,601.7437,601.7437,0.0,601.7437,1.0,0.0,0.0,0.0,0.0,1309.0,402.1663,0.4005999541791595,0.0,0.0,0.0,0.0,1281.9158461538461,2.128205128205128,1,0
889,"HL Touring Frame - Yellow, 54",FR-T98Y-54,1,1,Yellow,500,375,601.7437,1003.91,54,CM ,LB ,3.04,1,T ,H ,U ,16.0,7.0,2024-05-29 00:00:00.000,,,12B1F317-C39B-48D0-B1A7-8018C60AEA53,2025-02-07 10:01:36.827,2.0,Touring Frames,Components,161.0,161.0,540.0,323268.255972,601.722453416149,602.346,0.0006211180124223603,0.031055900621118012,0.0,10.0,2025-04-30,0.33725496041728,0.5483979960820995,0.11434704350062048,1.0,1003.91,1003.91,1003.91,0.0,1003.91,1.0,601.7437,601.7437,601.7437,0.0,601.7437,2.0,1.0,0.02,0.01,11.0,2404.0,402.1663,0.4005999541791595,0.0,0.0,0.0,0.0,2007.8773662857143,3.3540372670807455,1,2
890,"HL Touring Frame - Blue, 46",FR-T98U-46,1,1,Blue,500,375,601.7437,1003.91,46,CM ,LB ,2.96,1,T ,H ,U ,16.0,7.0,2024-05-29 00:00:00.000,,,8BBD3437-A58B-41A0-9503-FC14B23E7678,2025-02-07 10:01:36.827,2.0,Touring Frames,Components,58.0,58.0,114.0,68667.444,602.346,602.346,0.0,0.0,0.0,10.0,2025-04-30,0.22807017543859648,0.7280701754385964,0.043859649122807015,1.0,1003.91,1003.91,1003.91,0.0,1003.91,1.0,601.7437,601.7437,601.7437,0.0,601.7437,1.0,0.0,0.0,0.0,0.0,1309.0,402.1663,0.4005999541791595,0.0,0.0,0.0,0.0,1183.921448275862,1.9655172413793103,1,0
891,"HL Touring Frame - Blue, 50",FR-T98U-50,1,1,Blue,500,375,601.7437,1003.91,50,CM ,LB ,3.0,1,T ,H ,U ,16.0,7.0,2024-05-29 00:00:00.000,,,C4244F0C-ABCE-451B-A895-83C0E6D1F448,2025-02-07 10:01:36.827,2.0,Touring Frames,Components,58.0,58.0,124.0,74690.904,602.346,602.346,0.0,0.0,0.0,9.0,2025-04-30,0.25,0.7016129032258065,0.048387096774193554,1.0,1003.91,1003.91,1003.91,0.0,1003.91,1.0,601.7437,601.7437,601.7437,0.0,601.7437,1.0,0.0,0.0,0.0,0.0,1309.0,402.1663,0.4005999541791595,0.0,0.0,0.0,0.0,1287.7742068965517,2.1379310344827585,1,0
892,"HL Touring Frame - Blue, 54",FR-T98U-54,1,1,Blue,500,375,601.7437,1003.91,54,CM ,LB ,3.04,1,T ,H ,U ,16.0,7.0,2024-05-29 00:00:00.000,,,E9AAE947-6BC3-4909-8937-3E1CDCEC8A8F,2025-02-07 10:01:36.827,2.0,Touring Frames,Components,169.0,169.0,542.0,324333.103309,601.9301792899408,602.346,0.0004142011834319527,0.011834319526627219,0.0,10.0,2025-04-30,0.28972058368792636,0.6174202548736357,0.09285916143843795,1.0,1003.91,1003.91,1003.91,0.0,1003.91,1.0,601.7437,601.7437,601.7437,0.0,601.7437,3.0,2.0,0.05,0.023333333333333334,15.0,3499.0,402.1663,0.4005999541791595,0.0,0.0,0.0,0.0,1919.130788810651,3.2071005917159763,1,2
893,"HL Touring Frame - Blue, 60",FR-T98U-60,1,1,Blue,500,375,601.7437,1003.91,60,CM ,LB ,3.08,1,T ,H ,U ,16.0,7.0,2024-05-29 00:00:00.000,,,B01951A4-A581-4D10-9DC2-515DA180F1B8,2025-02-07 10:01:36.827,2.0,Touring Frames,Components,140.0,140.0,371.0,221720.952434,601.8440449999999,602.346,0.0005,0.014285714285714285,0.0,10.0,2025-04-30,0.2988353571127796,0.6413975714646646,0.059767071422555926,1.0,1003.91,1003.91,1003.91,0.0,1003.91,1.0,601.7437,601.7437,601.7437,0.0,601.7437,3.0,2.0,0.05,0.023333333333333334,15.0,3499.0,402.1663,0.4005999541791595,0.0,0.0,0.0,0.0,1583.7210888142858,2.65,1,2
894,Rear Derailleur,RD-2308,1,1,Silver,500,375,53.9282,121.46,,,G  ,215.0,1,,,,9.0,127.0,2024-05-29 00:00:00.000,,,5EBFCF02-4E3E-443A-AD60-5AEEF28DAC76,2025-02-07 10:01:36.827,2.0,Derailleurs,Components,145.0,145.0,353.0,25725.228,72.876,72.876,0.0,0.0,0.0,10.0,2025-04-30,0.22662889518413598,0.6912181303116147,0.0821529745042493,1.0,121.46,121.46,121.46,0.0,121.46,1.0,53.9282,53.9282,53.9282,0.0,53.9282,1.0,0.0,0.0,0.0,0.0,1309.0,67.5318,0.5560003293265273,0.0,0.0,0.0,0.0,177.41536551724138,2.43448275862069,1,0
895,"LL Touring Frame - Blue, 50",FR-T67U-50,1,1,Blue,500,375,199.8519,333.42,50,CM ,LB ,3.1,1,T ,L ,U ,16.0,10.0,2024-05-29 00:00:00.000,,,B78ECCCA-FA88-4071-9110-410585127E46,2025-02-07 10:01:36.827,2.0,Touring Frames,Components,126.0,126.0,316.0,63216.432,200.052,200.052,0.0,0.0,0.0,10.0,2025-04-30,0.3164556962025316,0.5981012658227848,0.08544303797468353,1.0,333.42,333.42,333.42,0.0,333.42,1.0,199.8519,199.8519,199.8519,0.0,199.8519,1.0,0.0,0.0,0.0,0.0,1309.0,133.56810000000002,0.40060014396256977,0.0,0.0,0.0,0.0,501.7177142857143,2.507936507936508,1,0
896,"LL Touring Frame - Blue, 54",FR-T67U-54,1,1,Blue,500,375,199.8519,333.42,54,CM ,LB ,3.14,1,T ,L ,U ,16.0,10.0,2024-05-29 00:00:00.000,,,0FF799C9-DD11-4B81-AAF7-65410017405B,2025-02-07 10:01:36.827,2.0,Touring Frames,Components,99.0,99.0,211.0,42210.972,200.05200000000002,200.052,0.0,0.0,0.0,10.0,2025-04-30,0.36966824644549756,0.5545023696682464,0.07582938388625592,1.0,333.42,333.42,333.42,0.0,333.42,1.0,199.8519,199.8519,199.8519,0.0,199.8519,1.0,0.0,0.0,0.0,0.0,1309.0,133.56810000000002,0.40060014396256977,0.0,0.0,0.0,0.0,426.37345454545454,2.1313131313131315,1,0
897,"LL Touring Frame - Blue, 58",FR-T67U-58,1,1,Blue,500,375,199.8519,333.42,58,CM ,LB ,3.16,1,T ,L ,U ,16.0,10.0,2024-05-29 00:00:00.000,,,CCD4FA47-7194-4BD0-909B-1FA4BD7916A7,2025-02-07 10:01:36.827,2.0,Touring Frames,Components,2.0,2.0,4.0,800.208,200.052,200.052,0.0,0.0,0.0,2.0,2024-06-29,0.25,0.0,0.75,1.0,333.42,333.42,333.42,0.0,333.42,1.0,199.8519,199.8519,199.8519,0.0,199.8519,1.0,0.0,0.0,0.0,0.0,1309.0,133.56810000000002,0.40060014396256977,0.0,0.0,0.0,0.0,400.104,2.0,1,6
898,"LL Touring Frame - Blue, 62",FR-T67U-62,1,1,Blue,500,375,199.8519,333.42,62,CM ,LB ,3.2,1,T ,L ,U ,16.0,10.0,2024-05-29 00:00:00.000,,,08A211A5-DCD2-42D0-9276-64D92D4890A6,2025-02-07 10:01:36.827,2.0,Touring Frames,Components,9.0,9.0,15.0,3000.7799999999997,200.052,200.052,0.0,0.0,0.0,7.0,2024-07-30,0.26666666666666666,0.6,0.13333333333333333,1.0,333.42,333.42,333.42,0.0,333.42,1.0,199.8519,199.8519,199.8519,0.0,199.8519,1.0,0.0,0.0,0.0,0.0,1309.0,133.56810000000002,0.40060014396256977,0.0,0.0,0.0,0.0,333.41999999999996,1.6666666666666667,1,0
899,"LL Touring Frame - Yellow, 44",FR-T67Y-44,1,1,Yellow,500,375,199.8519,333.42,44,CM ,LB ,3.02,1,T ,L ,U ,16.0,10.0,2024-05-29 00:00:00.000,,,109CB7BC-6EC6-4A36-85C8-55B843B2AB12,2025-02-07 10:01:36.827,2.0,Touring Frames,Components,117.0,117.0,294.0,58699.391207999994,199.99500512820512,200.052,0.00017094017094017094,0.008547008547008548,0.0,10.0,2025-04-30,0.34564936348496245,0.5930052643417527,0.061345372173284764,1.0,333.42,333.42,333.42,0.0,333.42,1.0,199.8519,199.8519,199.8519,0.0,199.8519,2.0,1.0,0.02,0.01,11.0,2404.0,133.56810000000002,0.40060014396256977,0.0,0.0,0.0,0.0,501.7041983589743,2.5128205128205128,1,2
900,"LL Touring Frame - Yellow, 50",FR-T67Y-50,1,1,Yellow,500,375,199.8519,333.42,50,CM ,LB ,3.1,1,T ,L ,U ,16.0,10.0,2024-05-29 00:00:00.000,,,285FD682-C647-49D1-B8F3-368A43C9CDA0,2025-02-07 10:01:36.827,2.0,Touring Frames,Components,110.0,110.0,228.0,45611.856,200.05199999999996,200.052,0.0,0.0,0.0,10.0,2025-04-30,0.3508771929824561,0.5921052631578948,0.05701754385964912,1.0,333.42,333.42,333.42,0.0,333.42,1.0,199.8519,199.8519,199.8519,0.0,199.8519,1.0,0.0,0.0,0.0,0.0,1309.0,133.56810000000002,0.40060014396256977,0.0,0.0,0.0,0.0,414.6532363636364,2.0727272727272728,1,0
901,"LL Touring Frame - Yellow, 54",FR-T67Y-54,1,1,Yellow,500,375,199.8519,333.42,54,CM ,LB ,3.14,1,T ,L ,U ,16.0,10.0,2024-05-29 00:00:00.000,,,2536E3B2-D4DA-49E6-965A-F612C2C8914F,2025-02-07 10:01:36.827,2.0,Touring Frames,Components,0.0,0.0,0.0,0.0,333.42,333.42,0.0,0.0,0.0,0.0,,,,,1.0,333.42,333.42,333.42,0.0,333.42,1.0,199.8519,199.8519,199.8519,0.0,199.8519,1.0,0.0,0.0,0.0,0.0,1309.0,133.56810000000002,0.40060014396256977,0.0,0.0,0.0,0.0,0.0,0.0,0,6
902,"LL Touring Frame - Yellow, 58",FR-T67Y-58,1,1,Yellow,500,375,199.8519,333.42,58,CM ,LB ,3.16,1,T ,L ,U ,16.0,10.0,2024-05-29 00:00:00.000,,,5D17FF1C-F50E-438F-A4E9-7C400FB762E7,2025-02-07 10:01:36.827,2.0,Touring Frames,Components,20.0,20.0,36.0,7201.871999999999,200.052,200.052,0.0,0.0,0.0,10.0,2024-07-30,0.3055555555555556,0.6666666666666666,0.02777777777777778,1.0,333.42,333.42,333.42,0.0,333.42,1.0,199.8519,199.8519,199.8519,0.0,199.8519,1.0,0.0,0.0,0.0,0.0,1309.0,133.56810000000002,0.40060014396256977,0.0,0.0,0.0,0.0,360.0936,1.8,1,0
903,"LL Touring Frame - Blue, 44",FR-T67U-44,1,1,Blue,500,375,199.8519,333.42,44,CM ,LB ,3.02,1,T ,L ,U ,16.0,10.0,2024-05-29 00:00:00.000,,,E9C17BE7-F4DC-465E-AB73-C0198F37BFDD,2025-02-07 10:01:36.827,2.0,Touring Frames,Components,14.0,14.0,25.0,5001.3,200.052,200.052,0.0,0.0,0.0,8.0,2024-07-30,0.32000000000000006,0.6400000000000001,0.04000000000000001,1.0,333.42,333.42,333.42,0.0,333.42,1.0,199.8519,199.8519,199.8519,0.0,199.8519,1.0,0.0,0.0,0.0,0.0,1309.0,133.56810000000002,0.40060014396256977,0.0,0.0,0.0,0.0,357.2357142857143,1.7857142857142858,1,0
904,"ML Mountain Frame-W - Silver, 40",FR-M63S-40,1,1,Silver,500,375,199.3757,364.09,40,CM ,LB ,2.77,1,M ,M ,W ,12.0,15.0,2024-05-29 00:00:00.000,,,A7DDE43E-F7D5-4075-A0C1-C866AD7AA154,2025-02-07 10:01:36.827,2.0,Mountain Frames,Components,253.0,253.0,899.0,195826.389044,218.33887272727273,218.454,0.00031620553359683795,0.015810276679841896,0.0,10.0,2025-04-30,0.18553296113649193,0.7988493480357779,0.015617690827730174,1.0,364.09,364.09,364.09,0.0,364.09,1.0,199.3757,199.3757,199.3757,0.0,199.3757,2.0,1.0,0.02,0.01,11.0,2404.0,164.71429999999998,0.4523999560548216,0.0,0.0,0.0,0.0,774.0173480000001,3.5533596837944663,1,2
905,"ML Mountain Frame-W - Silver, 42",FR-M63S-42,1,1,Silver,500,375,199.3757,364.09,42,CM ,LB ,2.81,1,M ,M ,W ,12.0,15.0,2024-05-29 00:00:00.000,,,D4A2FCAD-1E63-4EBD-863C-5A7C48D5B8D9,2025-02-07 10:01:36.827,2.0,Mountain Frames,Components,230.0,230.0,627.0,136970.658,218.45399999999998,218.454,0.0,0.0,0.0,10.0,2025-04-30,0.16905901116427433,0.8133971291866029,0.017543859649122806,1.0,364.09,364.09,364.09,0.0,364.09,1.0,199.3757,199.3757,199.3757,0.0,199.3757,1.0,0.0,0.0,0.0,0.0,1309.0,164.71429999999998,0.4523999560548216,0.0,0.0,0.0,0.0,595.5246,2.726086956521739,1,0
906,"ML Mountain Frame-W - Silver, 46",FR-M63S-46,1,1,Silver,500,375,199.3757,364.09,46,CM ,LB ,2.85,1,M ,M ,W ,12.0,15.0,2024-05-29 00:00:00.000,,,82025C63-7B28-412D-92C1-408E0E6AE646,2025-02-07 10:01:36.827,2.0,Mountain Frames,Components,87.0,87.0,188.0,41069.352,218.454,218.454,0.0,0.0,0.0,10.0,2025-04-30,0.16489361702127658,0.8244680851063829,0.010638297872340424,1.0,364.09,364.09,364.09,0.0,364.09,1.0,199.3757,199.3757,199.3757,0.0,199.3757,1.0,0.0,0.0,0.0,0.0,1309.0,164.71429999999998,0.4523999560548216,0.0,0.0,0.0,0.0,472.0615172413793,2.160919540229885,1,0
907,Rear Brakes,RB-9231,0,1,Silver,500,375,47.286,106.5,,,G  ,317.0,1,,,,6.0,128.0,2024-05-29 00:00:00.000,,,5946F163-93F0-4141-B17E-55D9778CC274,2025-02-07 10:01:36.827,2.0,Brakes,Components,113.0,113.0,246.0,15719.4,63.9,63.9,0.0,0.0,0.0,10.0,2025-04-30,0.24390243902439024,0.6422764227642276,0.11382113821138212,1.0,106.5,106.5,106.5,0.0,106.5,1.0,47.286,47.286,47.286,0.0,47.286,1.0,0.0,0.0,0.0,0.0,1309.0,59.214,0.5559999999999999,0.0,0.0,0.0,0.0,139.10973451327433,2.1769911504424777,1,0
908,LL Mountain Seat/Saddle,SE-M236,0,1,,500,375,12.0413,27.12,,,,,1,M ,L ,,15.0,79.0,2024-05-29 00:00:00.000,,,4DAB53C5-31E7-47D6-A5A0-940F8D4DAD22,2025-02-07 10:01:36.827,2.0,Saddles,Components,153.0,153.0,347.0,5636.957088,16.268454901960784,16.272,0.00013071895424836603,0.006535947712418301,0.0,10.0,2025-04-30,0.1731998283397257,0.8210268440489502,0.00577332761132419,1.0,27.12,27.12,27.12,0.0,27.12,1.0,12.0413,12.0413,12.0413,0.0,12.0413,2.0,1.0,0.02,0.01,11.0,2404.0,15.078700000000001,0.5559992625368732,0.0,0.0,0.0,0.0,36.842856784313724,2.2679738562091503,1,2
909,ML Mountain Seat/Saddle,SE-M798,0,1,,500,375,17.3782,39.14,,,,,1,M ,M ,,15.0,80.0,2024-05-29 00:00:00.000,,,30222244-0FD8-4D28-8448-F2E658BF52BD,2025-02-07 10:01:36.827,2.0,Saddles,Components,138.0,138.0,534.0,12497.16716,23.466982608695652,23.484,0.00043478260869565214,0.021739130434782608,0.0,10.0,2025-04-30,0.19918946174998592,0.7763816419976574,0.024428896252356766,1.0,39.14,39.14,39.14,0.0,39.14,1.0,17.3782,17.3782,17.3782,0.0,17.3782,2.0,1.0,0.02,0.01,11.0,2404.0,21.7618,0.5559989780275932,0.0,0.0,0.0,0.0,90.55918231884058,3.869565217391304,1,2
910,HL Mountain Seat/Saddle,SE-M940,0,1,,500,375,23.3722,52.64,,,,,1,M ,H ,,15.0,81.0,2024-05-29 00:00:00.000,,,A96A5024-87DE-488A-BF81-BC0C81F6CD18,2025-02-07 10:01:36.827,2.0,Saddles,Components,222.0,222.0,519.0,16392.096,31.584,31.584,0.0,0.0,0.0,10.0,2025-04-30,0.17919075144508673,0.8092485549132948,0.011560693641618498,1.0,52.64,52.64,52.64,0.0,52.64,1.0,23.3722,23.3722,23.3722,0.0,23.3722,1.0,0.0,0.0,0.0,0.0,1309.0,29.2678,0.5559992401215805,0.0,0.0,0.0,0.0,73.83827027027027,2.3378378378378377,1,0
911,LL Road Seat/Saddle,SE-R581,0,1,,500,375,12.0413,27.12,,,,,1,R ,L ,,15.0,82.0,2024-05-29 00:00:00.000,,,31B9BC62-792B-4E7A-A24D-411DC76E0271,2025-02-07 10:01:36.827,2.0,Saddles,Components,6.0,6.0,10.0,162.71999999999997,16.272,16.272,0.0,0.0,0.0,4.0,2024-07-30,0.5,0.5,0.0,1.0,27.12,27.12,27.12,0.0,27.12,1.0,12.0413,12.0413,12.0413,0.0,12.0413,1.0,0.0,0.0,0.0,0.0,1309.0,15.078700000000001,0.5559992625368732,0.0,0.0,0.0,0.0,27.119999999999994,1.6666666666666667,1,0
912,ML Road Seat/Saddle,SE-R908,0,1,,500,375,17.3782,39.14,,,,,1,T ,M ,,15.0,83.0,2024-05-29 00:00:00.000,,,49845AFE-A8CC-4354-A5D4-09D35BF7FB9E,2025-02-07 10:01:36.827,2.0,Saddles,Components,0.0,0.0,0.0,0.0,39.14,39.14,0.0,0.0,0.0,0.0,,,,,1.0,39.14,39.14,39.14,0.0,39.14,1.0,17.3782,17.3782,17.3782,0.0,17.3782,1.0,0.0,0.0,0.0,0.0,1309.0,21.7618,0.5559989780275932,0.0,0.0,0.0,0.0,0.0,0.0,0,6
913,HL Road Seat/Saddle,SE-R995,0,1,,500,375,23.3722,52.64,,,,,1,R ,H ,,15.0,84.0,2024-05-29 00:00:00.000,,,2BEFE629-4B2A-41A1-A009-DF13EAD69105,2025-02-07 10:01:36.827,2.0,Saddles,Components,60.0,60.0,134.0,4232.255999999999,31.584,31.584,0.0,0.0,0.0,9.0,2025-04-30,0.14925373134328357,0.8507462686567163,0.0,1.0,52.64,52.64,52.64,0.0,52.64,1.0,23.3722,23.3722,23.3722,0.0,23.3722,1.0,0.0,0.0,0.0,0.0,1309.0,29.2678,0.5559992401215805,0.0,0.0,0.0,0.0,70.53759999999998,2.2333333333333334,1,0
914,LL Touring Seat/Saddle,SE-T312,0,1,,500,375,12.0413,27.12,,,,,1,T ,L ,,15.0,66.0,2024-05-29 00:00:00.000,,,7874A1D6-7A5B-412F-A2EB-C2F457B9603D,2025-02-07 10:01:36.827,2.0,Saddles,Components,43.0,43.0,91.0,1480.752,16.272,16.272,0.0,0.0,0.0,10.0,2024-07-30,0.2527472527472528,0.6263736263736265,0.1208791208791209,1.0,27.12,27.12,27.12,0.0,27.12,1.0,12.0413,12.0413,12.0413,0.0,12.0413,1.0,0.0,0.0,0.0,0.0,1309.0,15.078700000000001,0.5559992625368732,0.0,0.0,0.0,0.0,34.436093023255815,2.116279069767442,1,0
915,ML Touring Seat/Saddle,SE-T762,0,1,,500,375,17.3782,39.14,,,,,1,T ,M ,,15.0,65.0,2024-05-29 00:00:00.000,,,072ACB72-7796-4BD0-9BBB-6EFC29AC336C,2025-02-07 10:01:36.827,2.0,Saddles,Components,41.0,41.0,84.0,1972.6560000000002,23.484,23.484,0.0,0.0,0.0,10.0,2025-04-30,0.3214285714285714,0.6190476190476191,0.05952380952380953,1.0,39.14,39.14,39.14,0.0,39.14,1.0,17.3782,17.3782,17.3782,0.0,17.3782,1.0,0.0,0.0,0.0,0.0,1309.0,21.7618,0.5559989780275932,0.0,0.0,0.0,0.0,48.11356097560976,2.048780487804878,1,0
916,HL Touring Seat/Saddle,SE-T924,0,1,,500,375,23.3722,52.64,,,,,1,T ,H ,,15.0,67.0,2024-05-29 00:00:00.000,,,0E158724-934D-4A64-991F-94FEC00BDEA8,2025-02-07 10:01:36.827,2.0,Saddles,Components,177.0,177.0,426.0,13454.784,31.583999999999996,31.584,0.0,0.0,0.0,10.0,2025-04-30,0.3333333333333333,0.5586854460093897,0.107981220657277,1.0,52.64,52.64,52.64,0.0,52.64,1.0,23.3722,23.3722,23.3722,0.0,23.3722,1.0,0.0,0.0,0.0,0.0,1309.0,29.2678,0.5559992401215805,0.0,0.0,0.0,0.0,76.01572881355932,2.406779661016949,1,0
917,"LL Mountain Frame - Silver, 42",FR-M21S-42,1,1,Silver,500,375,144.5938,264.05,42,CM ,LB ,2.92,1,M ,L ,U ,12.0,8.0,2024-05-29 00:00:00.000,,,37BD4D2B-346B-4C6B-8F3F-85C084282529,2025-02-07 10:01:36.827,2.0,Mountain Frames,Components,224.0,224.0,638.0,100569.35722,158.31212053571429,158.43,0.00044642857142857147,0.022321428571428572,0.0,10.0,2025-04-30,0.17237373986668503,0.810297621985736,0.017328638147579085,1.0,264.05,264.05,264.05,0.0,264.05,1.0,144.5938,144.5938,144.5938,0.0,144.5938,2.0,1.0,0.02,0.01,11.0,2404.0,119.45620000000002,0.4523999242567696,0.0,0.0,0.0,0.0,448.9703447321429,2.8482142857142856,1,2
918,"LL Mountain Frame - Silver, 44",FR-M21S-44,1,1,Silver,500,375,144.5938,264.05,44,CM ,LB ,2.96,1,M ,L ,U ,12.0,8.0,2024-05-29 00:00:00.000,,,393A4D00-7428-41F0-A48A-AF26B00E9A9C,2025-02-07 10:01:36.827,2.0,Mountain Frames,Components,159.0,159.0,371.0,58777.53,158.43,158.43,0.0,0.0,0.0,10.0,2025-04-30,0.18598382749326145,0.8032345013477089,0.01078167115902965,1.0,264.05,264.05,264.05,0.0,264.05,1.0,144.5938,144.5938,144.5938,0.0,144.5938,1.0,0.0,0.0,0.0,0.0,1309.0,119.45620000000002,0.4523999242567696,0.0,0.0,0.0,0.0,369.67,2.3333333333333335,1,0
919,"LL Mountain Frame - Silver, 48",FR-M21S-48,1,1,Silver,500,375,144.5938,264.05,48,CM ,LB ,3.0,1,M ,L ,U ,12.0,8.0,2024-05-29 00:00:00.000,,,8DFEF6F2-91A8-4884-8949-B2551218B37A,2025-02-07 10:01:36.827,2.0,Mountain Frames,Components,16.0,16.0,44.0,6970.92,158.43,158.43,0.0,0.0,0.0,7.0,2024-07-30,0.3181818181818182,0.6818181818181819,0.0,1.0,264.05,264.05,264.05,0.0,264.05,1.0,144.5938,144.5938,144.5938,0.0,144.5938,1.0,0.0,0.0,0.0,0.0,1309.0,119.45620000000002,0.4523999242567696,0.0,0.0,0.0,0.0,435.6825,2.75,1,0
920,"LL Mountain Frame - Silver, 52",FR-M21S-52,1,1,Silver,500,375,144.5938,264.05,52,CM ,LB ,3.04,1,M ,L ,U ,12.0,8.0,2024-05-29 00:00:00.000,,,F230BAAC-5951-4EB1-B1E8-94C2CA2B37FA,2025-02-07 10:01:36.827,2.0,Mountain Frames,Components,159.0,159.0,425.0,67332.75,158.43,158.43,0.0,0.0,0.0,10.0,2025-04-30,0.20235294117647057,0.7811764705882354,0.01647058823529412,1.0,264.05,264.05,264.05,0.0,264.05,1.0,144.5938,144.5938,144.5938,0.0,144.5938,1.0,0.0,0.0,0.0,0.0,1309.0,119.45620000000002,0.4523999242567696,0.0,0.0,0.0,0.0,423.47641509433964,2.6729559748427674,1,0
921,Mountain Tire Tube,TT-M928,0,1,,500,375,1.8663,4.99,,,,,0,M ,,,37.0,92.0,2024-05-29 00:00:00.000,,,01A8C3FC-ED52-458E-A634-D5B6E2ACCFED,2025-02-07 10:01:36.827,4.0,Tires and Tubes,Accessories,3095.0,3095.0,3095.0,15444.050000000001,4.99,4.99,0.0,0.0,1.0,10.0,2025-06-29,0.1948303715670436,0.6390953150242326,0.16607431340872372,1.0,4.99,4.99,4.99,0.0,4.99,1.0,1.8663,1.8663,1.8663,0.0,1.8663,1.0,0.0,0.0,0.0,0.0,1309.0,3.1237000000000004,0.6259919839679359,0.0,0.0,0.0,0.0,4.99,1.0,1,7
922,Road Tire Tube,TT-R982,0,1,,500,375,1.4923,3.99,,,,,0,R ,,,37.0,93.0,2024-05-29 00:00:00.000,,,EA442BD7-F69B-42D9-AA71-95E10B648F52,2025-02-07 10:01:36.827,4.0,Tires and Tubes,Accessories,2376.0,2376.0,2376.0,9480.24,3.9899999999999998,3.99,0.0,0.0,1.0,9.0,2025-06-29,0.3771043771043771,0.4078282828282829,0.21506734006734007,1.0,3.99,3.99,3.99,0.0,3.99,1.0,1.4923,1.4923,1.4923,0.0,1.4923,1.0,0.0,0.0,0.0,0.0,1309.0,2.4977,0.6259899749373433,0.0,0.0,0.0,0.0,3.9899999999999998,1.0,1,7
923,Touring Tire Tube,TT-T092,0,1,,500,375,1.8663,4.99,,,,,0,T ,,,37.0,94.0,2024-05-29 00:00:00.000,,,179FEC38-CAB5-4A47-BCFF-31CFC9E43A3C,2025-02-07 10:01:36.827,4.0,Tires and Tubes,Accessories,1488.0,1488.0,1488.0,7425.12,4.99,4.99,0.0,0.0,1.0,8.0,2025-06-29,0.5147849462365591,0.3541666666666667,0.13104838709677422,1.0,4.99,4.99,4.99,0.0,4.99,1.0,1.8663,1.8663,1.8663,0.0,1.8663,1.0,0.0,0.0,0.0,0.0,1309.0,3.1237000000000004,0.6259919839679359,0.0,0.0,0.0,0.0,4.99,1.0,1,7
924,"LL Mountain Frame - Black, 42",FR-M21B-42,1,1,Black,500,375,136.785,249.79,42,CM ,LB ,2.92,1,M ,L ,U ,12.0,8.0,2024-05-29 00:00:00.000,,,FAABD7FB-CB35-4BAD-8857-EC71468686AD,2025-02-07 10:01:36.827,2.0,Mountain Frames,Components,162.0,162.0,423.0,63396.702,149.874,149.874,0.0,0.0,0.0,10.0,2025-04-30,0.18912529550827423,0.7825059101654847,0.028368794326241138,1.0,249.79,249.79,249.79,0.0,249.79,1.0,136.785,136.785,136.785,0.0,136.785,1.0,0.0,0.0,0.0,0.0,1309.0,113.005,0.4524000160134513,0.0,0.0,0.0,0.0,391.3376666666667,2.611111111111111,1,0
925,"LL Mountain Frame - Black, 44",FR-M21B-44,1,1,Black,500,375,136.785,249.79,44,CM ,LB ,2.96,1,M ,L ,U ,12.0,8.0,2024-05-29 00:00:00.000,,,47AB0300-7B55-4D35-A786-80190976B9B5,2025-02-07 10:01:36.827,2.0,Mountain Frames,Components,227.0,227.0,625.0,93584.422996,149.85199207048456,149.874,8.81057268722467e-05,0.004405286343612335,0.0,10.0,2025-04-30,0.158546962464407,0.8318441307195683,0.009608906816024665,1.0,249.79,249.79,249.79,0.0,249.79,1.0,136.785,136.785,136.785,0.0,136.785,2.0,1.0,0.02,0.01,11.0,2404.0,113.005,0.4524000160134513,0.0,0.0,0.0,0.0,412.2661805991189,2.753303964757709,1,2
926,"LL Mountain Frame - Black, 48",FR-M21B-48,1,1,Black,500,375,136.785,249.79,48,CM ,LB ,3.0,1,M ,L ,U ,12.0,8.0,2024-05-29 00:00:00.000,,,408435AA-15C0-41E5-981F-32A8226AF15F,2025-02-07 10:01:36.827,2.0,Mountain Frames,Components,164.0,164.0,386.0,57851.364,149.874,149.874,0.0,0.0,0.0,10.0,2025-04-30,0.14507772020725385,0.8523316062176165,0.0025906735751295333,1.0,249.79,249.79,249.79,0.0,249.79,1.0,136.785,136.785,136.785,0.0,136.785,1.0,0.0,0.0,0.0,0.0,1309.0,113.005,0.4524000160134513,0.0,0.0,0.0,0.0,352.75221951219515,2.3536585365853657,1,0
927,"LL Mountain Frame - Black, 52",FR-M21B-52,1,1,Black,500,375,136.785,249.79,52,CM ,LB ,3.04,1,M ,L ,U ,12.0,8.0,2024-05-29 00:00:00.000,,,4800F4E6-99EA-4AFD-A392-2CB05265D0D4,2025-02-07 10:01:36.827,2.0,Mountain Frames,Components,9.0,9.0,15.0,2248.1099999999997,149.874,149.874,0.0,0.0,0.0,7.0,2024-06-29,0.2,0.8,0.0,1.0,249.79,249.79,249.79,0.0,249.79,1.0,136.785,136.785,136.785,0.0,136.785,1.0,0.0,0.0,0.0,0.0,1309.0,113.005,0.4524000160134513,0.0,0.0,0.0,0.0,249.78999999999996,1.6666666666666667,1,0
928,LL Mountain Tire,TI-M267,0,1,,500,375,9.3463,24.99,,,,,0,M ,L ,,37.0,85.0,2024-05-29 00:00:00.000,,,76060A93-949C-48EA-9B31-A593D6C14983,2025-02-07 10:01:36.827,4.0,Tires and Tubes,Accessories,862.0,862.0,862.0,21541.379999999997,24.99,24.99,0.0,0.0,1.0,7.0,2025-06-29,0.24361948955916474,0.5104408352668214,0.24593967517401397,1.0,24.99,24.99,24.99,0.0,24.99,1.0,9.3463,9.3463,9.3463,0.0,9.3463,2.0,1.0,0.5,0.25,0.0,1385.0,15.643699999999999,0.6259983993597439,0.0,0.0,0.0,0.0,24.99,1.0,1,7
929,ML Mountain Tire,TI-M602,0,1,,500,375,11.2163,29.99,,,,,0,M ,M ,,37.0,86.0,2024-05-29 00:00:00.000,,,DAFF9E11-6254-432D-8C4F-F06E52687184,2025-02-07 10:01:36.827,4.0,Tires and Tubes,Accessories,1161.0,1161.0,1161.0,34818.39,29.99,29.99,0.0,0.0,1.0,8.0,2025-06-29,0.25581395348837205,0.5736434108527132,0.17054263565891473,1.0,29.99,29.99,29.99,0.0,29.99,1.0,11.2163,11.2163,11.2163,0.0,11.2163,2.0,1.0,0.5,0.25,0.0,1385.0,18.773699999999998,0.625998666222074,0.0,0.0,0.0,0.0,29.99,1.0,1,7
930,HL Mountain Tire,TI-M823,0,1,,500,375,13.09,35.0,,,,,0,M ,H ,,37.0,87.0,2024-05-29 00:00:00.000,,,DDAD25F5-0445-4B5C-8466-6446930AD8B8,2025-02-07 10:01:36.827,4.0,Tires and Tubes,Accessories,1396.0,1396.0,1396.0,48860.0,35.0,35.0,0.0,0.0,1.0,10.0,2025-06-29,0.15544412607449856,0.6726361031518625,0.17191977077363896,1.0,35.0,35.0,35.0,0.0,35.0,1.0,13.09,13.09,13.09,0.0,13.09,2.0,1.0,0.5,0.25,0.0,1385.0,21.91,0.626,0.0,0.0,0.0,0.0,35.0,1.0,1,7
931,LL Road Tire,TI-R092,0,1,,500,375,8.0373,21.49,,,,,0,R ,L ,,37.0,88.0,2024-05-29 00:00:00.000,,,15B569A6-D172-42C2-A420-62AB5946CC80,2025-02-07 10:01:36.827,4.0,Tires and Tubes,Accessories,1044.0,1044.0,1044.0,22435.559999999998,21.49,21.49,0.0,0.0,1.0,8.0,2025-06-29,0.431992337164751,0.3726053639846743,0.19540229885057472,1.0,21.49,21.49,21.49,0.0,21.49,1.0,8.0373,8.0373,8.0373,0.0,8.0373,1.0,0.0,0.0,0.0,0.0,1309.0,13.452699999999998,0.6259981386691484,0.0,0.0,0.0,0.0,21.49,1.0,1,7
932,ML Road Tire,TI-R628,0,1,,500,375,9.3463,24.99,,,,,0,R ,M ,,37.0,89.0,2024-05-29 00:00:00.000,,,D1016CC5-C12B-4F05-915C-70FA062E4A64,2025-02-07 10:01:36.827,4.0,Tires and Tubes,Accessories,926.0,926.0,926.0,23140.739999999998,24.99,24.99,0.0,0.0,1.0,7.0,2025-06-29,0.3390928725701944,0.3531317494600432,0.30777537796976245,1.0,24.99,24.99,24.99,0.0,24.99,1.0,9.3463,9.3463,9.3463,0.0,9.3463,1.0,0.0,0.0,0.0,0.0,1309.0,15.643699999999999,0.6259983993597439,0.0,0.0,0.0,0.0,24.99,1.0,1,7
933,HL Road Tire,TI-R982,0,1,,500,375,12.1924,32.6,,,,,0,R ,H ,,37.0,90.0,2024-05-29 00:00:00.000,,,C86DE56A-5048-4B89-B7C7-56BC75C9BCEE,2025-02-07 10:01:36.827,4.0,Tires and Tubes,Accessories,858.0,858.0,858.0,27970.800000000003,32.6,32.6,0.0,0.0,1.0,8.0,2025-06-29,0.20046620046620045,0.6048951048951049,0.1946386946386946,1.0,32.6,32.6,32.6,0.0,32.6,1.0,12.1924,12.1924,12.1924,0.0,12.1924,1.0,0.0,0.0,0.0,0.0,1309.0,20.407600000000002,0.626,0.0,0.0,0.0,0.0,32.6,1.0,1,7
934,Touring Tire,TI-T723,0,1,,500,375,10.8423,28.99,,,,,0,T ,,,37.0,91.0,2024-05-29 00:00:00.000,,,9D5CA300-5302-41E1-BCA5-8CE5B93F26A5,2025-02-07 10:01:36.827,4.0,Tires and Tubes,Accessories,935.0,935.0,935.0,27105.649999999998,28.99,28.99,0.0,0.0,1.0,7.0,2025-06-26,0.4941176470588235,0.39144385026737966,0.11443850267379678,1.0,28.99,28.99,28.99,0.0,28.99,1.0,10.8423,10.8423,10.8423,0.0,10.8423,1.0,0.0,0.0,0.0,0.0,1309.0,18.1477,0.6259986202138669,0.0,0.0,0.0,0.0,28.99,1.0,1,7
935,LL Mountain Pedal,PD-M282,0,1,Silver/Black,500,375,17.9776,40.49,,,G  ,218.0,1,M ,L ,,13.0,62.0,2024-05-29 00:00:00.000,,,9FDD0C65-B2B0-4C6C-8704-3A9747BE5174,2025-02-07 10:01:36.827,2.0,Pedals,Components,195.0,195.0,449.0,10908.006,24.294,24.294,0.0,0.0,0.0,10.0,2025-04-30,0.22494432071269485,0.7594654788418708,0.015590200445434296,1.0,40.49,40.49,40.49,0.0,40.49,1.0,17.9776,17.9776,17.9776,0.0,17.9776,2.0,1.0,0.5,0.25,0.0,1340.0,22.512400000000003,0.5559990121017536,0.0,0.0,0.0,0.0,55.93849230769231,2.3025641025641024,1,2
936,ML Mountain Pedal,PD-M340,0,1,Silver/Black,500,375,27.568,62.09,,,G  ,215.0,1,M ,M ,,13.0,63.0,2024-05-29 00:00:00.000,,,274C86DC-439E-4469-9DE8-7E9BD6455D0D,2025-02-07 10:01:36.827,2.0,Pedals,Components,158.0,158.0,345.0,12852.63,37.254,37.254,0.0,0.0,0.0,10.0,2025-04-30,0.20289855072463767,0.791304347826087,0.005797101449275362,1.0,62.09,62.09,62.09,0.0,62.09,1.0,27.568,27.568,27.568,0.0,27.568,2.0,1.0,0.5,0.25,0.0,1340.0,34.522000000000006,0.5559993557738767,0.0,0.0,0.0,0.0,81.34575949367088,2.1835443037974684,1,2
937,HL Mountain Pedal,PD-M562,0,1,Silver/Black,500,375,35.9596,80.99,,,G  ,185.0,1,M ,H ,,13.0,64.0,2024-05-29 00:00:00.000,,,A05464E8-6B4D-42B3-A4D6-8683136F4B66,2025-02-07 10:01:36.827,2.0,Pedals,Components,255.0,255.0,785.0,38018.3258,48.568591372549015,48.594,0.00031372549019607844,0.01568627450980392,0.0,10.0,2025-04-30,0.1866132674364109,0.7929359635294619,0.020450769034127222,1.0,80.99,80.99,80.99,0.0,80.99,1.0,35.9596,35.9596,35.9596,0.0,35.9596,3.0,2.0,0.5,0.17333333333333334,11.0,2435.0,45.03039999999999,0.5559995061118657,0.0,0.0,0.0,0.0,149.0914737254902,3.0784313725490198,1,2
938,LL Road Pedal,PD-R347,0,1,Silver/Black,500,375,17.9776,40.49,,,G  ,189.0,1,R ,L ,,13.0,68.0,2024-05-29 00:00:00.000,,,2C7DD8C3-4C55-475F-BA58-F4BACA520D72,2025-02-07 10:01:36.827,2.0,Pedals,Components,309.0,309.0,868.0,21087.192,24.294,24.294,0.0,0.0,0.0,9.0,2025-04-30,0.1532258064516129,0.8467741935483871,0.0,1.0,40.49,40.49,40.49,0.0,40.49,1.0,17.9776,17.9776,17.9776,0.0,17.9776,2.0,1.0,0.5,0.25,0.0,1340.0,22.512400000000003,0.5559990121017536,0.0,0.0,0.0,0.0,68.24333980582524,2.809061488673139,1,2
939,ML Road Pedal,PD-R563,0,1,Silver/Black,500,375,27.568,62.09,,,G  ,168.0,1,R ,M ,,13.0,69.0,2024-05-29 00:00:00.000,,,216AD46F-BC3F-4862-B0E9-2E261E5A6059,2025-02-07 10:01:36.827,2.0,Pedals,Components,265.0,265.0,661.0,24624.894,37.254,37.254,0.0,0.0,0.0,9.0,2025-04-30,0.151285930408472,0.848714069591528,0.0,1.0,62.09,62.09,62.09,0.0,62.09,1.0,27.568,27.568,27.568,0.0,27.568,2.0,1.0,0.5,0.25,0.0,1340.0,34.522000000000006,0.5559993557738767,0.0,0.0,0.0,0.0,92.9241283018868,2.4943396226415095,1,2
940,HL Road Pedal,PD-R853,0,1,Silver/Black,500,375,35.9596,80.99,,,G  ,149.0,1,R ,H ,,13.0,70.0,2024-05-29 00:00:00.000,,,44E96967-AB99-41ED-8B41-5BC70A5CA1A9,2025-02-07 10:03:55.510,2.0,Pedals,Components,264.0,264.0,676.0,32849.544,48.594,48.594,0.0,0.0,0.0,9.0,2025-04-30,0.14201183431952663,0.8579881656804733,0.0,1.0,80.99,80.99,80.99,0.0,80.99,1.0,35.9596,35.9596,35.9596,0.0,35.9596,2.0,1.0,0.5,0.25,0.0,1340.0,45.03039999999999,0.5559995061118657,0.0,0.0,0.0,0.0,124.43009090909092,2.5606060606060606,1,2
941,Touring Pedal,PD-T852,0,1,Silver/Black,500,375,35.9596,80.99,,,,,1,T ,,,13.0,53.0,2024-05-29 00:00:00.000,,,6967C816-3EBB-45FA-8547-CEF00E08573E,2025-02-07 10:01:36.827,2.0,Pedals,Components,71.0,71.0,147.0,7143.318,48.594,48.594,0.0,0.0,0.0,10.0,2025-04-30,0.3129251700680272,0.5918367346938775,0.09523809523809523,1.0,80.99,80.99,80.99,0.0,80.99,1.0,35.9596,35.9596,35.9596,0.0,35.9596,2.0,1.0,0.5,0.25,0.0,1340.0,45.03039999999999,0.5559995061118657,0.0,0.0,0.0,0.0,100.61011267605635,2.0704225352112675,1,2
942,"ML Mountain Frame-W - Silver, 38",FR-M63S-38,1,1,Silver,500,375,199.3757,364.09,38,CM ,LB ,2.73,2,M ,M ,W ,12.0,15.0,2024-05-29 00:00:00.000,,,BA3646B0-1487-426E-AB4E-57D42E6F9233,2025-02-07 10:01:36.827,2.0,Mountain Frames,Components,5.0,5.0,7.0,1529.1779999999999,218.454,218.454,0.0,0.0,0.0,4.0,2024-06-29,0.14285714285714288,0.8571428571428572,0.0,1.0,364.09,364.09,364.09,0.0,364.09,1.0,199.3757,199.3757,199.3757,0.0,199.3757,1.0,0.0,0.0,0.0,0.0,1309.0,164.71429999999998,0.4523999560548216,0.0,0.0,0.0,0.0,305.8356,1.4,1,0
943,"LL Mountain Frame - Black, 40",FR-M21B-40,1,1,Black,500,375,136.785,249.79,40,CM ,LB ,2.88,2,M ,L ,U ,12.0,8.0,2024-05-29 00:00:00.000,,,3050E4DF-2BBA-4C2B-BDCC-B4C89972DB1C,2025-02-07 10:01:36.827,2.0,Mountain Frames,Components,6.0,6.0,8.0,1198.992,149.874,149.874,0.0,0.0,0.0,5.0,2024-06-29,0.125,0.875,0.0,1.0,249.79,249.79,249.79,0.0,249.79,1.0,136.785,136.785,136.785,0.0,136.785,1.0,0.0,0.0,0.0,0.0,1309.0,113.005,0.4524000160134513,0.0,0.0,0.0,0.0,199.832,1.3333333333333333,1,0
944,"LL Mountain Frame - Silver, 40",FR-M21S-40,1,1,Silver,500,375,144.5938,264.05,40,CM ,LB ,2.88,2,M ,L ,U ,12.0,8.0,2024-05-29 00:00:00.000,,,756F862E-40CC-4DFC-B189-716D0DDA5FF9,2025-02-07 10:01:36.827,2.0,Mountain Frames,Components,164.0,164.0,442.0,69934.27622,158.39779878048782,158.43,0.00012195121951219512,0.006097560975609756,0.0,10.0,2025-04-30,0.1902946697858883,0.7915820283297414,0.018123301884370314,1.0,264.05,264.05,264.05,0.0,264.05,1.0,144.5938,144.5938,144.5938,0.0,144.5938,2.0,1.0,0.02,0.01,11.0,2404.0,119.45620000000002,0.4523999242567696,0.0,0.0,0.0,0.0,426.42851353658534,2.6951219512195124,1,2
945,Front Derailleur,FD-2342,1,1,Silver,500,375,40.6216,91.49,,,G  ,88.0,1,,,,9.0,103.0,2024-05-29 00:00:00.000,,,448E9E7B-9548-4A4C-ABB3-853686AA7517,2025-02-07 10:01:36.827,2.0,Derailleurs,Components,257.0,257.0,813.0,44484.2678,54.86552062256809,54.894,0.000311284046692607,0.01556420233463035,0.0,10.0,2025-04-30,0.2587511825922422,0.6240179342684381,0.11723088313931963,1.0,91.49,91.49,91.49,0.0,91.49,1.0,40.6216,40.6216,40.6216,0.0,40.6216,2.0,1.0,0.02,0.01,11.0,2404.0,50.868399999999994,0.555999562793748,0.0,0.0,0.0,0.0,173.09053618677044,3.1634241245136185,1,2
946,LL Touring Handlebars,HB-T721,1,1,,500,375,20.464,46.09,,,,,1,T ,L ,,4.0,47.0,2024-05-29 00:00:00.000,,,A2F1352E-45D0-42C4-AEF3-60033073BB66,2025-02-07 10:01:36.827,2.0,Handlebars,Components,30.0,30.0,56.0,1548.624,27.654,27.654,0.0,0.0,0.0,10.0,2024-07-30,0.35714285714285715,0.5535714285714286,0.08928571428571429,1.0,46.09,46.09,46.09,0.0,46.09,1.0,20.464,20.464,20.464,0.0,20.464,1.0,0.0,0.0,0.0,0.0,1309.0,25.626000000000005,0.5559991321327837,0.0,0.0,0.0,0.0,51.6208,1.8666666666666667,1,0
947,HL Touring Handlebars,HB-T928,1,1,,500,375,40.6571,91.57,,,,,1,T ,H ,,4.0,48.0,2024-05-29 00:00:00.000,,,CB524E92-4FA8-4F6C-9993-60796856C654,2025-02-07 10:01:36.827,2.0,Handlebars,Components,109.0,109.0,220.0,12087.24,54.942,54.942,0.0,0.0,0.0,10.0,2025-04-30,0.3,0.5636363636363636,0.13636363636363635,1.0,91.57,91.57,91.57,0.0,91.57,1.0,40.6571,40.6571,40.6571,0.0,40.6571,1.0,0.0,0.0,0.0,0.0,1309.0,50.91289999999999,0.5559997815878562,0.0,0.0,0.0,0.0,110.89211009174312,2.018348623853211,1,0
948,Front Brakes,FB-9873,0,1,Silver,500,375,47.286,106.5,,,G  ,317.0,1,,,,6.0,102.0,2024-05-29 00:00:00.000,,,C1813164-1B4B-42D1-9007-4E5F9AEE0E19,2025-02-07 10:01:36.827,2.0,Brakes,Components,266.0,266.0,789.0,50299.311,63.87597744360902,63.9,0.0002255639097744361,0.011278195488721804,0.0,10.0,2025-04-30,0.24685725416795473,0.6781894328532652,0.07495331297878018,1.0,106.5,106.5,106.5,0.0,106.5,1.0,47.286,47.286,47.286,0.0,47.286,2.0,1.0,0.02,0.01,11.0,2404.0,59.214,0.5559999999999999,0.0,0.0,0.0,0.0,189.09515413533836,2.9661654135338344,1,2
949,LL Crankset,CS-4759,1,1,Black,500,375,77.9176,175.49,,,G  ,600.0,1,,L ,,8.0,99.0,2024-05-29 00:00:00.000,,,41D47371-4374-46D3-8D61-B07616EC54F0,2025-02-07 10:01:36.827,2.0,Cranksets,Components,176.0,176.0,426.0,44855.244,105.294,105.294,0.0,0.0,0.0,10.0,2025-04-30,0.23004694835680753,0.6924882629107981,0.07746478873239436,1.0,175.49,175.49,175.49,0.0,175.49,1.0,77.9176,77.9176,77.9176,0.0,77.9176,1.0,0.0,0.0,0.0,0.0,1309.0,97.57240000000002,0.5559997720667845,0.0,0.0,0.0,0.0,254.8593409090909,2.4204545454545454,1,0
950,ML Crankset,CS-6583,1,1,Black,500,375,113.8816,256.49,,,G  ,635.0,1,,M ,,8.0,100.0,2024-05-29 00:00:00.000,,,D3A7A02C-A3D5-4A04-9454-0C4E43772B78,2025-02-07 10:01:36.827,2.0,Cranksets,Components,28.0,28.0,68.0,10464.792000000001,153.894,153.894,0.0,0.0,0.0,9.0,2024-07-30,0.2647058823529412,0.7352941176470588,0.0,1.0,256.49,256.49,256.49,0.0,256.49,1.0,113.8816,113.8816,113.8816,0.0,113.8816,1.0,0.0,0.0,0.0,0.0,1309.0,142.60840000000002,0.555999844048501,0.0,0.0,0.0,0.0,373.74257142857147,2.4285714285714284,1,0
951,HL Crankset,CS-9183,1,1,Black,500,375,179.8156,404.99,,,G  ,575.0,1,,H ,,8.0,101.0,2024-05-29 00:00:00.000,,,2C4A8956-7B72-48FE-B028-699E117B1DAA,2025-02-07 10:01:36.827,2.0,Cranksets,Components,219.0,219.0,613.0,148622.582216,242.9200292237443,242.994,0.00018264840182648402,0.0091324200913242,0.0,10.0,2025-04-30,0.25669085700956784,0.653385594356507,0.08992354863392504,1.0,404.99,404.99,404.99,0.0,404.99,1.0,179.8156,179.8156,179.8156,0.0,179.8156,2.0,1.0,0.02,0.01,11.0,2404.0,225.17440000000002,0.5559999012321293,0.0,0.0,0.0,0.0,678.6419279269406,2.7990867579908674,1,2
952,Chain,CH-0234,0,1,Silver,500,375,8.9866,20.24,,,,,1,,,,7.0,98.0,2024-05-29 00:00:00.000,,,5D27E2A5-27EC-4CCB-BA2C-FC980FFE6708,2025-02-07 10:01:36.827,2.0,Chains,Components,250.0,250.0,774.0,9377.710144,12.1391424,12.144,0.00023999999999999998,0.012,0.0,10.0,2025-04-30,0.25742846930970353,0.6519225356854877,0.09064899500480872,1.0,20.24,20.24,20.24,0.0,20.24,1.0,8.9866,8.9866,8.9866,0.0,8.9866,2.0,1.0,0.02,0.01,11.0,2404.0,11.2534,0.5559980237154151,0.0,0.0,0.0,0.0,37.510840576,3.096,1,2
953,"Touring-2000 Blue, 60",BK-T44U-60,1,1,Blue,100,75,755.1508,1214.85,60,CM ,LB ,27.9,4,T ,M ,U ,3.0,35.0,2024-05-29 00:00:00.000,,,F1BB3957-8D27-47F3-91EC-C71822D11436,2025-02-07 10:01:36.827,1.0,Touring Bikes,Bikes,346.0,346.0,820.0,635723.7159,842.4598526011561,728.91,0.00017341040462427745,0.008670520231213872,0.23410404624277456,10.0,2025-05-29,0.29404732330200617,0.5882368228949693,0.11771585380302468,1.0,1214.85,1214.85,1214.85,0.0,1214.85,1.0,755.1508,755.1508,755.1508,0.0,755.1508,2.0,1.0,0.02,0.01,11.0,2404.0,459.6991999999999,0.3783999670741243,0.0,0.0,0.0,0.0,1837.3517800578034,2.3699421965317917,1,4
954,"Touring-1000 Yellow, 46",BK-T79Y-46,1,1,Yellow,100,75,1481.9379,2384.07,46,CM ,LB ,25.13,4,T ,H ,U ,3.0,34.0,2024-05-29 00:00:00.000,,,83B77413-8C8A-4AF1-93E4-136EDB7FF15F,2025-02-07 10:01:36.827,1.0,Touring Bikes,Bikes,440.0,440.0,1005.0,1426372.869324,1726.6085140909092,1430.442,0.032136363636363637,0.16590909090909092,0.39090909090909093,10.0,2025-05-29,0.3151518352540193,0.5138951938614712,0.17095297088450945,1.0,2384.07,2384.07,2384.07,0.0,2384.07,1.0,1481.9379,1481.9379,1481.9379,0.0,1481.9379,4.0,3.0,0.2,0.08,25.0,3590.0,902.1321000000003,0.3784000050334093,0.0,0.0,0.0,0.0,3241.756521190909,2.284090909090909,1,1
955,"Touring-1000 Yellow, 50",BK-T79Y-50,1,1,Yellow,100,75,1481.9379,2384.07,50,CM ,LB ,25.42,4,T ,H ,U ,3.0,34.0,2024-05-29 00:00:00.000,,,5EC991AD-8761-4A61-A318-312DF3A78604,2025-02-07 10:01:36.827,1.0,Touring Bikes,Bikes,342.0,342.0,652.0,981187.8492,1780.3844385964912,1430.442,0.029824561403508774,0.14912280701754385,0.4415204678362573,10.0,2025-05-24,0.29779376032656235,0.5298862863252016,0.17231995334823597,1.0,2384.07,2384.07,2384.07,0.0,2384.07,1.0,1481.9379,1481.9379,1481.9379,0.0,1481.9379,2.0,1.0,0.2,0.1,0.0,1400.0,902.1321000000003,0.3784000050334093,0.0,0.0,0.0,0.0,2868.9703192982456,1.9064327485380117,1,1
956,"Touring-1000 Yellow, 54",BK-T79Y-54,1,1,Yellow,100,75,1481.9379,2384.07,54,CM ,LB ,25.68,4,T ,H ,U ,3.0,34.0,2024-05-29 00:00:00.000,,,1220B0F0-064D-46B7-8507-1FA758B77B9C,2025-02-07 10:01:36.827,1.0,Touring Bikes,Bikes,271.0,271.0,397.0,667158.1488000001,1917.8127675276753,2384.07,0.02878228782287823,0.14391143911439114,0.5830258302583026,10.0,2025-05-28,0.2783018867924529,0.5381646655231562,0.1835334476843911,1.0,2384.07,2384.07,2384.07,0.0,2384.07,1.0,1481.9379,1481.9379,1481.9379,0.0,1481.9379,2.0,1.0,0.2,0.1,0.0,1400.0,902.1321000000003,0.3784000050334093,0.0,0.0,0.0,0.0,2461.838187453875,1.4649446494464944,1,1
957,"Touring-1000 Yellow, 60",BK-T79Y-60,1,1,Yellow,100,75,1481.9379,2384.07,60,CM ,LB ,25.9,4,T ,H ,U ,3.0,34.0,2024-05-29 00:00:00.000,,,BCD1A5A9-6140-4DC9-9620-689DC7E4C155,2025-02-07 10:01:36.827,1.0,Touring Bikes,Bikes,433.0,433.0,1114.0,1518133.101147,1659.3787912240184,1430.442,0.033302540415704386,0.18244803695150116,0.3233256351039261,10.0,2025-05-24,0.32150024317580533,0.5129800288042016,0.165519728019993,1.0,2384.07,2384.07,2384.07,0.0,2384.07,1.0,1481.9379,1481.9379,1481.9379,0.0,1481.9379,4.0,3.0,0.2,0.0675,15.0,3590.0,902.1321000000003,0.3784000050334093,0.0,0.0,0.0,0.0,3506.0810650046187,2.5727482678983833,1,1
958,"Touring-3000 Blue, 54",BK-T18U-54,1,1,Blue,100,75,461.4448,742.35,54,CM ,LB ,29.68,4,T ,L ,U ,3.0,36.0,2024-05-29 00:00:00.000,,,A3EE6897-52FE-42E4-92EC-7A91E7BB905A,2025-02-07 10:01:36.827,1.0,Touring Bikes,Bikes,281.0,281.0,686.0,290075.118375,480.54613879003557,445.41,0.030960854092526687,0.20640569395017794,0.19572953736654805,10.0,2025-05-18,0.3301130511001209,0.5451148745049615,0.1247720743949175,1.0,742.35,742.35,742.35,0.0,742.35,1.0,461.4448,461.4448,461.4448,0.0,461.4448,2.0,1.0,0.15,0.075,0.0,1400.0,280.90520000000004,0.37839994611706074,0.0,0.0,0.0,0.0,1032.2957949288257,2.4412811387900355,1,1
959,"Touring-3000 Blue, 58",BK-T18U-58,1,1,Blue,100,75,461.4448,742.35,58,CM ,LB ,29.9,4,T ,L ,U ,3.0,36.0,2024-05-29 00:00:00.000,,,23D89CEE-9F44-4F3E-B289-63DE6BA2B737,2025-02-07 10:01:36.827,1.0,Touring Bikes,Bikes,239.0,239.0,482.0,210946.176,495.2623744769875,445.41,0.028242677824267783,0.18828451882845187,0.2384937238493724,10.0,2025-05-28,0.29378695101351354,0.5494791666666667,0.1567338823198198,1.0,742.35,742.35,742.35,0.0,742.35,1.0,461.4448,461.4448,461.4448,0.0,461.4448,2.0,1.0,0.15,0.075,0.0,1400.0,280.90520000000004,0.37839994611706074,0.0,0.0,0.0,0.0,882.6199832635983,2.01673640167364,1,1
960,"Touring-3000 Blue, 62",BK-T18U-62,1,1,Blue,100,75,461.4448,742.35,62,CM ,LB ,30.0,4,T ,L ,U ,3.0,36.0,2024-05-29 00:00:00.000,,,060192C9-BCD9-4260-B729-D6BCFADFB08E,2025-02-07 10:01:36.827,1.0,Touring Bikes,Bikes,157.0,157.0,281.0,135284.008125,550.1428184713376,445.41,0.02197452229299363,0.1464968152866242,0.40764331210191085,9.0,2025-05-24,0.35962686055285,0.4208381919198848,0.21953494752726527,1.0,742.35,742.35,742.35,0.0,742.35,1.0,461.4448,461.4448,461.4448,0.0,461.4448,2.0,1.0,0.15,0.075,0.0,1400.0,280.90520000000004,0.37839994611706074,0.0,0.0,0.0,0.0,861.6815804140127,1.7898089171974523,1,1
961,"Touring-3000 Yellow, 44",BK-T18Y-44,1,1,Yellow,100,75,461.4448,742.35,44,CM ,LB ,28.77,4,T ,L ,U ,3.0,36.0,2024-05-29 00:00:00.000,,,5646C15A-68AD-4234-B328-254706CBCCC5,2025-02-07 10:01:36.827,1.0,Touring Bikes,Bikes,318.0,318.0,851.0,358121.888775,476.5513490566038,445.41,0.03226415094339623,0.22327044025157233,0.18553459119496854,10.0,2025-05-29,0.3463981849708706,0.523879883876277,0.12972193115285235,1.0,742.35,742.35,742.35,0.0,742.35,1.0,461.4448,461.4448,461.4448,0.0,461.4448,3.0,2.0,0.15,0.056666666666666664,11.0,2495.0,280.90520000000004,0.37839994611706074,0.0,0.0,0.0,0.0,1126.1694615566037,2.6761006289308176,1,1
962,"Touring-3000 Yellow, 50",BK-T18Y-50,1,1,Yellow,100,75,461.4448,742.35,50,CM ,LB ,29.13,4,T ,L ,U ,3.0,36.0,2024-05-29 00:00:00.000,,,DF85E805-AF87-4FAB-A668-C80F2A5B8A69,2025-02-07 10:01:36.827,1.0,Touring Bikes,Bikes,280.0,280.0,686.0,291747.26175,484.913625,445.41,0.03107142857142857,0.20714285714285716,0.21071428571428572,10.0,2025-05-28,0.33908601671734456,0.5196880446813654,0.14122593860129007,1.0,742.35,742.35,742.35,0.0,742.35,1.0,461.4448,461.4448,461.4448,0.0,461.4448,2.0,1.0,0.15,0.075,0.0,1400.0,280.90520000000004,0.37839994611706074,0.0,0.0,0.0,0.0,1041.9545062500001,2.45,1,1
963,"Touring-3000 Yellow, 54",BK-T18Y-54,1,1,Yellow,100,75,461.4448,742.35,54,CM ,LB ,29.42,4,T ,L ,U ,3.0,36.0,2024-05-29 00:00:00.000,,,192BECD1-F465-4194-88A2-EE57FED3A3C5,2025-02-07 10:01:36.827,1.0,Touring Bikes,Bikes,227.0,227.0,453.0,196809.97612500002,486.1247907488987,445.41,0.02973568281938326,0.19823788546255505,0.21145374449339208,10.0,2025-05-10,0.3368317821343366,0.5112167246598207,0.1519514932058427,1.0,742.35,742.35,742.35,0.0,742.35,1.0,461.4448,461.4448,461.4448,0.0,461.4448,2.0,1.0,0.15,0.075,0.0,1400.0,280.90520000000004,0.37839994611706074,0.0,0.0,0.0,0.0,867.0043001101322,1.9955947136563876,1,1
964,"Touring-3000 Yellow, 58",BK-T18Y-58,1,1,Yellow,100,75,461.4448,742.35,58,CM ,LB ,29.79,4,T ,L ,U ,3.0,36.0,2024-05-29 00:00:00.000,,,BED79F64-A53D-44A3-ACE8-2BAA425A5A54,2025-02-07 10:01:36.827,1.0,Touring Bikes,Bikes,159.0,159.0,293.0,130898.5755,506.5721698113208,445.41,0.035849056603773584,0.2389937106918239,0.29559748427672955,10.0,2025-05-28,0.3290137809788465,0.49257074802926326,0.1784154709918902,1.0,742.35,742.35,742.35,0.0,742.35,1.0,461.4448,461.4448,461.4448,0.0,461.4448,2.0,1.0,0.15,0.075,0.0,1400.0,280.90520000000004,0.37839994611706074,0.0,0.0,0.0,0.0,823.2614811320755,1.8427672955974843,1,1
965,"Touring-3000 Yellow, 62",BK-T18Y-62,1,1,Yellow,100,75,461.4448,742.35,62,CM ,LB ,30.0,4,T ,L ,U ,3.0,36.0,2024-05-29 00:00:00.000,,,D28B3872-5173-40A4-B12F-655524386CC7,2025-02-07 10:01:36.827,1.0,Touring Bikes,Bikes,319.0,319.0,844.0,351547.71141,467.7270423197492,445.41,0.03263322884012539,0.22570532915360503,0.15673981191222572,10.0,2025-05-27,0.3868051945199833,0.5078914926621851,0.10530331281783153,1.0,742.35,742.35,742.35,0.0,742.35,1.0,461.4448,461.4448,461.4448,0.0,461.4448,3.0,2.0,0.15,0.056666666666666664,11.0,2495.0,280.90520000000004,0.37839994611706074,0.0,0.0,0.0,0.0,1102.030443291536,2.64576802507837,1,1
966,"Touring-1000 Blue, 46",BK-T79U-46,1,1,Blue,100,75,1481.9379,2384.07,46,CM ,LB ,25.13,4,T ,H ,U ,3.0,34.0,2024-05-29 00:00:00.000,,,86990D54-6EFB-4C53-9974-6C3B0297E222,2025-02-07 10:01:36.827,1.0,Touring Bikes,Bikes,442.0,442.0,1002.0,1586953.573023,1810.8683735294119,1430.442,0.0006108597285067874,0.020361990950226245,0.4004524886877828,10.0,2025-05-24,0.3148817642453852,0.5243890585562448,0.1607291771983699,1.0,2384.07,2384.07,2384.07,0.0,2384.07,1.0,1481.9379,1481.9379,1481.9379,0.0,1481.9379,3.0,2.0,0.05,0.023333333333333334,15.0,3499.0,902.1321000000003,0.3784000050334093,0.0,0.0,0.0,0.0,3590.392699147059,2.266968325791855,1,4
967,"Touring-1000 Blue, 50",BK-T79U-50,1,1,Blue,100,75,1481.9379,2384.07,50,CM ,LB ,25.42,4,T ,H ,U ,3.0,34.0,2024-05-29 00:00:00.000,,,68C0A818-2985-46EB-8255-0FB70919FA24,2025-02-07 10:01:36.827,1.0,Touring Bikes,Bikes,336.0,336.0,649.0,1071401.058,1856.1687857142858,1430.442,0.0,0.0,0.44642857142857145,10.0,2025-05-29,0.3453493546951491,0.5198041833555852,0.1348464619492657,1.0,2384.07,2384.07,2384.07,0.0,2384.07,1.0,1481.9379,1481.9379,1481.9379,0.0,1481.9379,1.0,0.0,0.0,0.0,0.0,1309.0,902.1321000000003,0.3784000050334093,0.0,0.0,0.0,0.0,3188.693625,1.931547619047619,1,3
968,"Touring-1000 Blue, 54",BK-T79U-54,1,1,Blue,100,75,1481.9379,2384.07,54,CM ,LB ,25.68,4,T ,H ,U ,3.0,34.0,2024-05-29 00:00:00.000,,,12280A8C-7578-4367-BA71-214BCC1E4792,2025-02-07 10:01:36.827,1.0,Touring Bikes,Bikes,277.0,277.0,413.0,743353.0260000001,1981.2740577617328,2384.07,0.0,0.0,0.5776173285198556,10.0,2025-05-28,0.300192431045542,0.4862091084028223,0.21359846055163564,1.0,2384.07,2384.07,2384.07,0.0,2384.07,1.0,1481.9379,1481.9379,1481.9379,0.0,1481.9379,1.0,0.0,0.0,0.0,0.0,1309.0,902.1321000000003,0.3784000050334093,0.0,0.0,0.0,0.0,2683.5849314079423,1.4909747292418774,1,3
969,"Touring-1000 Blue, 60",BK-T79U-60,1,1,Blue,100,75,1481.9379,2384.07,60,CM ,LB ,25.9,4,T ,H ,U ,3.0,34.0,2024-05-29 00:00:00.000,,,DD70CF36-449A-43FD-839D-A84EE14C849A,2025-02-07 10:01:36.827,1.0,Touring Bikes,Bikes,439.0,439.0,1120.0,1721242.514355,1747.702522551253,1430.442,0.0008656036446469249,0.029612756264236904,0.3348519362186788,10.0,2025-05-28,0.2835108898973858,0.5813046546528868,0.13518445544972724,1.0,2384.07,2384.07,2384.07,0.0,2384.07,1.0,1481.9379,1481.9379,1481.9379,0.0,1481.9379,3.0,2.0,0.05,0.023333333333333334,15.0,3499.0,902.1321000000003,0.3784000050334093,0.0,0.0,0.0,0.0,3920.8257730182236,2.55125284738041,1,4
970,"Touring-2000 Blue, 46",BK-T44U-46,1,1,Blue,100,75,755.1508,1214.85,46,CM ,LB ,27.13,4,T ,M ,U ,3.0,35.0,2024-05-29 00:00:00.000,,,C0009006-715F-4B76-A05A-1A0D3ADFB49A,2025-02-07 10:01:36.827,1.0,Touring Bikes,Bikes,283.0,283.0,538.0,438867.47813999996,895.3830848056537,728.91,7.06713780918728e-05,0.0035335689045936395,0.34275618374558303,10.0,2025-05-28,0.34228810659804615,0.5253944333657021,0.13231746003625164,1.0,1214.85,1214.85,1214.85,0.0,1214.85,1.0,755.1508,755.1508,755.1508,0.0,755.1508,2.0,1.0,0.02,0.01,11.0,2404.0,459.6991999999999,0.3783999670741243,0.0,0.0,0.0,0.0,1550.7684739929327,1.901060070671378,1,4
971,"Touring-2000 Blue, 50",BK-T44U-50,1,1,Blue,100,75,755.1508,1214.85,50,CM ,LB ,27.42,4,T ,M ,U ,3.0,35.0,2024-05-29 00:00:00.000,,,84ABDA8F-0007-4BCA-9A61-B2DEA58866C3,2025-02-07 10:01:36.827,1.0,Touring Bikes,Bikes,198.0,198.0,322.0,286218.66,989.0596969696968,1214.85,0.0,0.0,0.5353535353535354,9.0,2025-05-28,0.30220713073005095,0.5195246179966044,0.17826825127334467,1.0,1214.85,1214.85,1214.85,0.0,1214.85,1.0,755.1508,755.1508,755.1508,0.0,755.1508,1.0,0.0,0.0,0.0,0.0,1309.0,459.6991999999999,0.3783999670741243,0.0,0.0,0.0,0.0,1445.5487878787878,1.6262626262626263,1,3
972,"Touring-2000 Blue, 54",BK-T44U-54,1,1,Blue,100,75,755.1508,1214.85,54,CM ,LB ,27.68,4,T ,M ,U ,3.0,35.0,2024-05-29 00:00:00.000,,,6DCFE2A3-3555-44E4-9116-6F6DBE448B8B,2025-02-07 10:01:36.827,1.0,Touring Bikes,Bikes,380.0,380.0,1010.0,772302.0123,840.6122605263157,728.91,0.0006842105263157895,0.02631578947368421,0.23157894736842105,10.0,2025-05-29,0.32048109381832823,0.5672049556564388,0.11231395052523287,1.0,1214.85,1214.85,1214.85,0.0,1214.85,1.0,755.1508,755.1508,755.1508,0.0,755.1508,3.0,2.0,0.05,0.023333333333333334,15.0,3499.0,459.6991999999999,0.3783999670741243,0.0,0.0,0.0,0.0,2032.3737165789473,2.6578947368421053,1,4
973,"Road-350-W Yellow, 40",BK-R79Y-40,1,1,Yellow,100,75,1082.51,1700.99,40,CM ,LB ,15.35,4,R ,M ,W ,2.0,27.0,2024-05-29 00:00:00.000,,,237B16D9-53F2-4FD4-BEFE-48209E57AEC3,2025-02-07 10:01:36.827,1.0,Road Bikes,Bikes,573.0,573.0,1477.0,1657198.182549,1311.4246986038395,1020.594,0.0007504363001745201,0.02443280977312391,0.4293193717277487,10.0,2025-05-28,0.22679388591345329,0.7157263020742719,0.05747981201227481,1.0,1700.99,1700.99,1700.99,0.0,1700.99,1.0,1082.51,1082.51,1082.51,0.0,1082.51,3.0,2.0,0.05,0.023333333333333334,15.0,3499.0,618.48,0.3636000211641456,0.0,0.0,0.0,0.0,2892.1434250418847,2.5776614310645725,1,4
974,"Road-350-W Yellow, 42",BK-R79Y-42,1,1,Yellow,100,75,1082.51,1700.99,42,CM ,LB ,15.77,4,R ,M ,W ,2.0,27.0,2024-05-29 00:00:00.000,,,80BD3F8B-42C7-43D8-91F5-9FB6175287AF,2025-02-07 10:01:36.827,1.0,Road Bikes,Bikes,455.0,455.0,944.0,1120066.364309,1371.670859120879,1700.99,0.00019780219780219779,0.006593406593406593,0.5164835164835165,10.0,2025-05-28,0.21785414297887362,0.6879894897195675,0.09415636730155902,1.0,1700.99,1700.99,1700.99,0.0,1700.99,1.0,1082.51,1082.51,1082.51,0.0,1082.51,3.0,2.0,0.05,0.023333333333333334,15.0,3499.0,618.48,0.3636000211641456,0.0,0.0,0.0,0.0,2461.6843171626374,2.074725274725275,1,4
975,"Road-350-W Yellow, 44",BK-R79Y-44,1,1,Yellow,100,75,1082.51,1700.99,44,CM ,LB ,16.13,4,R ,M ,W ,2.0,27.0,2024-05-29 00:00:00.000,,,0C61E8AF-003D-4E4B-B5B7-02F01A26BE26,2025-02-07 10:01:36.827,1.0,Road Bikes,Bikes,332.0,332.0,536.0,694003.92,1463.2612771084337,1700.99,0.0,0.0,0.6506024096385542,10.0,2025-05-28,0.26323529411764707,0.5848039215686275,0.15196078431372548,1.0,1700.99,1700.99,1700.99,0.0,1700.99,1.0,1082.51,1082.51,1082.51,0.0,1082.51,1.0,0.0,0.0,0.0,0.0,1309.0,618.48,0.3636000211641456,0.0,0.0,0.0,0.0,2090.3732530120483,1.6144578313253013,1,3
976,"Road-350-W Yellow, 48",BK-R79Y-48,1,1,Yellow,100,75,1082.51,1700.99,48,CM ,LB ,16.42,4,R ,M ,W ,2.0,27.0,2024-05-29 00:00:00.000,,,EC4284DC-85FA-44A8-89EC-77FC9B71720A,2025-02-07 10:01:36.827,1.0,Road Bikes,Bikes,566.0,566.0,1622.0,1774883.557085,1296.9597957597173,1020.594,0.0014840989399293287,0.044169611307420496,0.4098939929328622,10.0,2025-05-26,0.22742444114020763,0.7074065963448837,0.0651689625149086,1.0,1700.99,1700.99,1700.99,0.0,1700.99,1.0,1082.51,1082.51,1082.51,0.0,1082.51,4.0,3.0,0.1,0.0425,25.0,4594.0,618.48,0.3636000211641456,0.0,0.0,0.0,0.0,3135.836673295053,2.8657243816254416,1,4
977,"Road-750 Black, 58",BK-R19B-58,1,1,Black,100,75,343.6496,539.99,58,CM ,LB ,20.79,4,R ,L ,U ,2.0,31.0,2024-05-29 00:00:00.000,,,87B81A1A-A5B5-43D2-A20D-0230800490B9,2025-02-07 10:01:36.827,1.0,Road Bikes,Bikes,537.0,537.0,892.0,361145.31200000003,458.3378808193669,539.99,0.0,0.0,0.6219739292364991,10.0,2025-05-29,0.2694377990430622,0.5795454545454545,0.15101674641148324,1.0,539.99,539.99,539.99,0.0,539.99,1.0,343.6496,343.6496,343.6496,0.0,343.6496,1.0,0.0,0.0,0.0,0.0,1309.0,196.3404,0.36360006666790123,0.0,0.0,0.0,0.0,672.5238584729982,1.6610800744878957,1,3
978,"Touring-3000 Blue, 44",BK-T18U-44,1,1,Blue,100,75,461.4448,742.35,44,CM ,LB ,28.77,4,T ,L ,U ,3.0,36.0,2024-05-29 00:00:00.000,,,4F638E15-2ED0-4193-90CE-47DA580E01DD,2025-02-07 10:01:36.827,1.0,Touring Bikes,Bikes,157.0,157.0,292.0,133365.033375,522.2455891719745,445.41,0.031528662420382166,0.21019108280254778,0.3375796178343949,10.0,2025-05-29,0.3303321690485799,0.4655098036487107,0.2041580273027094,1.0,742.35,742.35,742.35,0.0,742.35,1.0,461.4448,461.4448,461.4448,0.0,461.4448,2.0,1.0,0.15,0.075,0.0,1400.0,280.90520000000004,0.37839994611706074,0.0,0.0,0.0,0.0,849.4588113057325,1.8598726114649682,1,1
979,"Touring-3000 Blue, 50",BK-T18U-50,1,1,Blue,100,75,461.4448,742.35,50,CM ,LB ,29.13,4,T ,L ,U ,3.0,36.0,2024-05-29 00:00:00.000,,,DE305B62-88FC-465B-B23D-D8C0F7E6D361,2025-02-07 10:01:36.827,1.0,Touring Bikes,Bikes,306.0,306.0,841.0,348581.503515,467.3166029411765,445.41,0.03323529411764706,0.22875816993464052,0.1568627450980392,10.0,2025-05-24,0.3292729077492802,0.5468251566503374,0.12390193560038239,1.0,742.35,742.35,742.35,0.0,742.35,1.0,461.4448,461.4448,461.4448,0.0,461.4448,4.0,3.0,0.15,0.055,15.0,3590.0,280.90520000000004,0.37839994611706074,0.0,0.0,0.0,0.0,1139.155240245098,2.7483660130718954,1,1
980,"Mountain-400-W Silver, 38",BK-M38S-38,1,1,Silver,100,75,419.7784,769.49,38,CM ,LB ,26.35,4,M ,M ,W ,1.0,22.0,2024-05-29 00:00:00.000,,,7A927632-99A4-4F24-ADCE-0062D2D113D9,2025-02-07 10:01:36.827,1.0,Mountain Bikes,Bikes,253.0,253.0,425.0,241773.758,641.7485770750989,769.49,0.0,0.0,0.5849802371541502,10.0,2025-05-28,0.20496499045194144,0.7281985996180776,0.06683640992998091,1.0,769.49,769.49,769.49,0.0,769.49,1.0,419.7784,419.7784,419.7784,0.0,419.7784,1.0,0.0,0.0,0.0,0.0,1309.0,349.71160000000003,0.45447192296196187,0.0,0.0,0.0,0.0,955.6275019762846,1.6798418972332017,1,3
981,"Mountain-400-W Silver, 40",BK-M38S-40,1,1,Silver,100,75,419.7784,769.49,40,CM ,LB ,26.77,4,M ,M ,W ,1.0,22.0,2024-05-29 00:00:00.000,,,0A72791C-A984-4733-AE4E-2B4373CFD7CD,2025-02-07 10:01:36.827,1.0,Mountain Bikes,Bikes,301.0,301.0,617.0,323703.82066800003,592.4817355481728,461.694,0.000132890365448505,0.006644518272425249,0.42524916943521596,10.0,2025-05-25,0.2091885102259901,0.7313829357325353,0.05942855404147447,1.0,769.49,769.49,769.49,0.0,769.49,1.0,419.7784,419.7784,419.7784,0.0,419.7784,2.0,1.0,0.02,0.01,11.0,2404.0,349.71160000000003,0.45447192296196187,0.0,0.0,0.0,0.0,1075.427975641196,2.0498338870431896,1,4
982,"Mountain-400-W Silver, 42",BK-M38S-42,1,1,Silver,100,75,419.7784,769.49,42,CM ,LB ,27.13,4,M ,M ,W ,1.0,22.0,2024-05-29 00:00:00.000,,,4EA4FE06-AAEA-42D4-A9D9-69F6A9A4A042,2025-02-07 10:01:36.827,1.0,Mountain Bikes,Bikes,231.0,231.0,385.0,217457.874,633.5800779220779,769.49,0.0,0.0,0.5584415584415584,10.0,2025-05-28,0.2491153573956122,0.6694975230007078,0.08138711960368013,1.0,769.49,769.49,769.49,0.0,769.49,1.0,419.7784,419.7784,419.7784,0.0,419.7784,1.0,0.0,0.0,0.0,0.0,1309.0,349.71160000000003,0.45447192296196187,0.0,0.0,0.0,0.0,941.376077922078,1.6666666666666667,1,3
983,"Mountain-400-W Silver, 46",BK-M38S-46,1,1,Silver,100,75,419.7784,769.49,46,CM ,LB ,27.42,4,M ,M ,W ,1.0,22.0,2024-05-29 00:00:00.000,,,0B0C8EE4-FF2D-438E-9CAC-464783B86191,2025-02-07 10:01:36.827,1.0,Mountain Bikes,Bikes,239.0,239.0,401.0,227347.667276,639.3528209205022,769.49,8.368200836820084e-05,0.0041841004184100415,0.5774058577405857,10.0,2025-05-25,0.2172938855802153,0.6743976356259079,0.10830847879387678,1.0,769.49,769.49,769.49,0.0,769.49,1.0,419.7784,419.7784,419.7784,0.0,419.7784,2.0,1.0,0.02,0.01,11.0,2404.0,349.71160000000003,0.45447192296196187,0.0,0.0,0.0,0.0,951.2454697740585,1.6778242677824269,1,4
984,"Mountain-500 Silver, 40",BK-M18S-40,1,1,Silver,100,75,308.2179,564.99,40,CM ,LB ,27.35,4,M ,L ,U ,1.0,23.0,2024-05-29 00:00:00.000,,,B96C057B-6416-4851-8D59-BCB37C8E6E51,2025-02-07 10:01:36.827,1.0,Mountain Bikes,Bikes,221.0,221.0,450.0,145089.432,353.3104886877828,338.994,0.056108597285067875,0.14027149321266968,0.20361990950226244,10.0,2025-05-27,0.20171339563862928,0.7554517133956387,0.04283489096573209,1.0,564.99,564.99,564.99,0.0,564.99,1.0,308.2179,308.2179,308.2179,0.0,308.2179,2.0,1.0,0.4,0.2,0.0,1369.0,256.7721,0.45447193755641696,0.0,0.0,0.0,0.0,656.5132669683258,2.0361990950226243,1,1
985,"Mountain-500 Silver, 42",BK-M18S-42,1,1,Silver,100,75,308.2179,564.99,42,CM ,LB ,27.77,4,M ,L ,U ,1.0,23.0,2024-05-29 00:00:00.000,,,B8D1B5D9-8A39-4097-A04A-56E95559B534,2025-02-07 10:01:36.827,1.0,Mountain Bikes,Bikes,221.0,221.0,455.0,141360.498,347.17485067873304,338.994,0.0669683257918552,0.167420814479638,0.20361990950226244,10.0,2025-05-28,0.20703437250199838,0.7577937649880095,0.035171862509992005,1.0,564.99,564.99,564.99,0.0,564.99,1.0,308.2179,308.2179,308.2179,0.0,308.2179,2.0,1.0,0.4,0.2,0.0,1369.0,256.7721,0.45447193755641696,0.0,0.0,0.0,0.0,639.6402624434389,2.0588235294117645,1,1
986,"Mountain-500 Silver, 44",BK-M18S-44,1,1,Silver,100,75,308.2179,564.99,44,CM ,LB ,28.13,4,M ,L ,U ,1.0,23.0,2024-05-29 00:00:00.000,,,E8CEC794-E8E2-4312-96A7-4832E573D3FC,2025-02-07 10:01:36.827,1.0,Mountain Bikes,Bikes,195.0,195.0,381.0,122512.43160000001,352.90144615384617,338.994,0.055384615384615386,0.13846153846153847,0.2,10.0,2025-05-26,0.17358420955543258,0.8024349750968456,0.023980815347721823,1.0,564.99,564.99,564.99,0.0,564.99,1.0,308.2179,308.2179,308.2179,0.0,308.2179,2.0,1.0,0.4,0.2,0.0,1369.0,256.7721,0.45447193755641696,0.0,0.0,0.0,0.0,628.2688800000001,1.9538461538461538,1,1
987,"Mountain-500 Silver, 48",BK-M18S-48,1,1,Silver,100,75,308.2179,564.99,48,CM ,LB ,28.42,4,M ,L ,U ,1.0,23.0,2024-05-29 00:00:00.000,,,77EF419F-481F-40B9-BDB9-7E6678E550E3,2025-02-07 10:01:36.827,1.0,Mountain Bikes,Bikes,228.0,228.0,457.0,142897.2708,352.87094736842107,338.994,0.06315789473684211,0.15789473684210525,0.21929824561403508,10.0,2025-05-28,0.20749644156254943,0.7553376561758659,0.03716590226158469,1.0,564.99,564.99,564.99,0.0,564.99,1.0,308.2179,308.2179,308.2179,0.0,308.2179,2.0,1.0,0.4,0.2,0.0,1369.0,256.7721,0.45447193755641696,0.0,0.0,0.0,0.0,626.7424157894736,2.004385964912281,1,1
988,"Mountain-500 Silver, 52",BK-M18S-52,1,1,Silver,100,75,308.2179,564.99,52,CM ,LB ,28.68,4,M ,L ,U ,1.0,23.0,2024-05-29 00:00:00.000,,,CAD60945-183E-4AB3-A70C-3F5BAC6BF134,2025-02-07 10:01:36.827,1.0,Mountain Bikes,Bikes,236.0,236.0,515.0,161293.3452,348.5701016949153,338.994,0.06440677966101695,0.16101694915254236,0.2033898305084746,10.0,2025-05-26,0.21745831581897154,0.736724113773294,0.04581757040773434,1.0,564.99,564.99,564.99,0.0,564.99,1.0,308.2179,308.2179,308.2179,0.0,308.2179,2.0,1.0,0.4,0.2,0.0,1369.0,256.7721,0.45447193755641696,0.0,0.0,0.0,0.0,683.4463779661017,2.1822033898305087,1,1
989,"Mountain-500 Black, 40",BK-M18B-40,1,1,Black,100,75,294.5797,539.99,40,CM ,LB ,27.35,4,M ,L ,U ,1.0,23.0,2024-05-29 00:00:00.000,,,28287157-3F06-487B-8531-BEE8A37329E4,2025-02-07 10:01:36.827,1.0,Mountain Bikes,Bikes,150.0,150.0,282.0,101734.11600000001,393.11272,323.994,0.0,0.0,0.32,10.0,2025-05-14,0.19745222929936307,0.7600849256900213,0.042462845010615716,1.0,539.99,539.99,539.99,0.0,539.99,1.0,294.5797,294.5797,294.5797,0.0,294.5797,1.0,0.0,0.0,0.0,0.0,1309.0,245.4103,0.45447193466545677,0.0,0.0,0.0,0.0,678.2274400000001,1.88,1,3
990,"Mountain-500 Black, 42",BK-M18B-42,1,1,Black,100,75,294.5797,539.99,42,CM ,LB ,27.77,4,M ,L ,U ,1.0,23.0,2024-05-29 00:00:00.000,,,F5752C9C-56BA-41A7-83FD-139DA28C15FA,2025-02-07 10:01:36.827,1.0,Mountain Bikes,Bikes,195.0,195.0,388.0,136293.476,378.269917948718,323.994,0.0,0.0,0.2512820512820513,10.0,2025-05-26,0.18621236133122027,0.7931854199683042,0.020602218700475433,1.0,539.99,539.99,539.99,0.0,539.99,1.0,294.5797,294.5797,294.5797,0.0,294.5797,1.0,0.0,0.0,0.0,0.0,1309.0,245.4103,0.45447193466545677,0.0,0.0,0.0,0.0,698.9409025641025,1.9897435897435898,1,3
991,"Mountain-500 Black, 44",BK-M18B-44,1,1,Black,100,75,294.5797,539.99,44,CM ,LB ,28.13,4,M ,L ,U ,1.0,23.0,2024-05-29 00:00:00.000,,,C7852127-2FB8-4959-B5A3-DE5A8D6445E4,2025-02-07 10:01:36.827,1.0,Mountain Bikes,Bikes,193.0,193.0,350.0,125925.668,388.90471502590674,323.994,0.0,0.0,0.3005181347150259,10.0,2025-05-26,0.1955403087478559,0.7530017152658662,0.051457975986277875,1.0,539.99,539.99,539.99,0.0,539.99,1.0,294.5797,294.5797,294.5797,0.0,294.5797,1.0,0.0,0.0,0.0,0.0,1309.0,245.4103,0.45447193466545677,0.0,0.0,0.0,0.0,652.4646010362694,1.8134715025906736,1,3
992,"Mountain-500 Black, 48",BK-M18B-48,1,1,Black,100,75,294.5797,539.99,48,CM ,LB ,28.42,4,M ,L ,U ,1.0,23.0,2024-05-29 00:00:00.000,,,75752E26-A3B6-4264-9B06-F23A4FBDC5A7,2025-02-07 10:01:36.827,1.0,Mountain Bikes,Bikes,232.0,232.0,449.0,157569.082,376.1309655172414,323.994,0.0,0.0,0.2413793103448276,10.0,2025-05-27,0.22755311857436603,0.7258396161754627,0.04660726525017136,1.0,539.99,539.99,539.99,0.0,539.99,1.0,294.5797,294.5797,294.5797,0.0,294.5797,1.0,0.0,0.0,0.0,0.0,1309.0,245.4103,0.45447193466545677,0.0,0.0,0.0,0.0,679.1770775862069,1.9353448275862069,1,3
993,"Mountain-500 Black, 52",BK-M18B-52,1,1,Black,100,75,294.5797,539.99,52,CM ,LB ,28.68,4,M ,L ,U ,1.0,23.0,2024-05-29 00:00:00.000,,,69EE3B55-E142-4E4F-AED8-AF02978FBE87,2025-02-07 10:01:36.827,1.0,Mountain Bikes,Bikes,146.0,146.0,272.0,96982.204,384.65041095890416,323.994,0.0,0.0,0.2808219178082192,10.0,2025-05-25,0.1870824053452116,0.7572383073496659,0.05567928730512249,1.0,539.99,539.99,539.99,0.0,539.99,1.0,294.5797,294.5797,294.5797,0.0,294.5797,1.0,0.0,0.0,0.0,0.0,1309.0,245.4103,0.45447193466545677,0.0,0.0,0.0,0.0,664.2616712328767,1.8630136986301369,1,3
994,LL Bottom Bracket,BB-7421,1,1,,500,375,23.9716,53.99,,,G  ,223.0,1,,L ,,5.0,95.0,2024-05-29 00:00:00.000,,,FA3C65CD-0A22-47E3-BDF6-53F1DC138C43,2025-02-07 10:01:36.827,2.0,Bottom Brackets,Components,150.0,150.0,378.0,12244.932,32.394,32.394,0.0,0.0,0.0,10.0,2025-04-30,0.22486772486772488,0.6957671957671958,0.07936507936507936,1.0,53.99,53.99,53.99,0.0,53.99,1.0,23.9716,23.9716,23.9716,0.0,23.9716,1.0,0.0,0.0,0.0,0.0,1309.0,30.018400000000003,0.5559992591220597,0.0,0.0,0.0,0.0,81.63288,2.52,1,0
995,ML Bottom Bracket,BB-8107,1,1,,500,375,44.9506,101.24,,,G  ,168.0,1,,M ,,5.0,96.0,2024-05-29 00:00:00.000,,,71AB847F-D091-42D6-B735-7B0C2D82FC84,2025-02-07 10:01:36.827,2.0,Bottom Brackets,Components,0.0,0.0,0.0,0.0,101.24,101.24,0.0,0.0,0.0,0.0,,,,,1.0,101.24,101.24,101.24,0.0,101.24,1.0,44.9506,44.9506,44.9506,0.0,44.9506,1.0,0.0,0.0,0.0,0.0,1309.0,56.28939999999999,0.5559996048992493,0.0,0.0,0.0,0.0,0.0,0.0,0,6
996,HL Bottom Bracket,BB-9108,1,1,,500,375,53.9416,121.49,,,G  ,170.0,1,,H ,,5.0,97.0,2024-05-29 00:00:00.000,,,230C47C5-08B2-4CE3-B706-69C0BDD62965,2025-02-07 10:01:36.827,2.0,Bottom Brackets,Components,218.0,218.0,543.0,39581.442,72.894,72.894,0.0,0.0,0.0,10.0,2025-04-30,0.21731123388581955,0.696132596685083,0.08655616942909762,1.0,121.49,121.49,121.49,0.0,121.49,1.0,53.9416,53.9416,53.9416,0.0,53.9416,1.0,0.0,0.0,0.0,0.0,1309.0,67.54839999999999,0.5559996707547945,0.0,0.0,0.0,0.0,181.56624770642202,2.4908256880733943,1,0
997,"Road-750 Black, 44",BK-R19B-44,1,1,Black,100,75,343.6496,539.99,44,CM ,LB ,19.77,4,R ,L ,U ,2.0,31.0,2024-05-29 00:00:00.000,,,44CE4802-409F-43AB-9B27-CA53421805BE,2025-02-07 10:01:36.827,1.0,Road Bikes,Bikes,466.0,466.0,656.0,290298.624,490.8578626609442,539.99,0.0,0.0,0.7725321888412017,10.0,2025-05-29,0.24069940476190477,0.5844494047619048,0.17485119047619047,1.0,539.99,539.99,539.99,0.0,539.99,1.0,343.6496,343.6496,343.6496,0.0,343.6496,1.0,0.0,0.0,0.0,0.0,1309.0,196.3404,0.36360006666790123,0.0,0.0,0.0,0.0,622.9584206008584,1.407725321888412,1,3
998,"Road-750 Black, 48",BK-R19B-48,1,1,Black,100,75,343.6496,539.99,48,CM ,LB ,20.13,4,R ,L ,U ,2.0,31.0,2024-05-29 00:00:00.000,,,3DE9A212-1D49-40B6-B10A-F564D981DBDE,2025-02-07 10:01:36.827,1.0,Road Bikes,Bikes,685.0,685.0,1556.0,578174.31287,438.1959727007299,539.99,0.00048175182481751826,0.013138686131386862,0.5299270072992701,10.0,2025-05-29,0.2358286487602187,0.6773133416704571,0.08685800956932438,1.0,539.99,539.99,539.99,0.0,539.99,1.0,343.6496,343.6496,343.6496,0.0,343.6496,3.0,2.0,0.05,0.023333333333333334,15.0,3499.0,196.3404,0.36360006666790123,0.0,0.0,0.0,0.0,844.0500917810219,2.2715328467153286,1,4
999,"Road-750 Black, 52",BK-R19B-52,1,1,Black,100,75,343.6496,539.99,52,CM ,LB ,20.42,4,R ,L ,U ,2.0,31.0,2024-05-29 00:00:00.000,,,AE638923-2B67-4679-B90E-ABBAB17DCA31,2025-02-07 10:01:36.827,1.0,Road Bikes,Bikes,696.0,696.0,1338.0,515666.906436,443.6917833333334,539.99,0.00017241379310344826,0.008620689655172414,0.5545977011494253,10.0,2025-05-29,0.24048469647410078,0.6516569761718964,0.10785832735400276,1.0,539.99,539.99,539.99,0.0,539.99,1.0,343.6496,343.6496,343.6496,0.0,343.6496,2.0,1.0,0.02,0.01,11.0,2404.0,196.3404,0.36360006666790123,0.0,0.0,0.0,0.0,740.900727637931,1.9224137931034482,1,4
